date,composite,pire_z,pire_signe,n_orange,n_rouge,couleur_entete,moyenne_indicative,couverture
1881-01-01,,,,0,0,gris,,0.0
1881-02-01,,,,0,0,gris,,0.0
1881-03-01,,,,0,0,gris,,0.0
1881-04-01,,,,0,0,gris,,0.0
1881-05-01,,,,0,0,gris,,0.0
1881-06-01,,,,0,0,gris,,0.0
1881-07-01,,,,0,0,gris,,0.0
1881-08-01,,,,0,0,gris,,0.0
1881-09-01,,,,0,0,gris,,0.0
1881-10-01,,,,0,0,gris,,0.0
1881-11-01,,,,0,0,gris,,0.0
1881-12-01,,,,0,0,gris,,0.0
1882-01-01,,,,0,0,gris,,0.0
1882-02-01,,,,0,0,gris,,0.0
1882-03-01,,,,0,0,gris,,0.0
1882-04-01,,,,0,0,gris,,0.0
1882-05-01,,,,0,0,gris,,0.0
1882-06-01,,,,0,0,gris,,0.0
1882-07-01,,,,0,0,gris,,0.0
1882-08-01,,,,0,0,gris,,0.0
1882-09-01,,,,0,0,gris,,0.0
1882-10-01,,,,0,0,gris,,0.0
1882-11-01,,,,0,0,gris,,0.0
1882-12-01,,,,0,0,gris,,0.0
1883-01-01,,,,0,0,gris,,0.0
1883-02-01,,,,0,0,gris,,0.0
1883-03-01,,,,0,0,gris,,0.0
1883-04-01,,,,0,0,gris,,0.0
1883-05-01,,,,0,0,gris,,0.0
1883-06-01,,,,0,0,gris,,0.0
1883-07-01,,,,0,0,gris,,0.0
1883-08-01,,,,0,0,gris,,0.0
1883-09-01,,,,0,0,gris,,0.0
1883-10-01,,,,0,0,gris,,0.0
1883-11-01,,,,0,0,gris,,0.0
1883-12-01,,,,0,0,gris,,0.0
1884-01-01,,,,0,0,gris,,0.0
1884-02-01,,,,0,0,gris,,0.0
1884-03-01,,,,0,0,gris,,0.0
1884-04-01,,,,0,0,gris,,0.0
1884-05-01,,,,0,0,gris,,0.0
1884-06-01,,,,0,0,gris,,0.0
1884-07-01,,,,0,0,gris,,0.0
1884-08-01,,,,0,0,gris,,0.0
1884-09-01,,,,0,0,gris,,0.0
1884-10-01,,,,0,0,gris,,0.0
1884-11-01,,,,0,0,gris,,0.0
1884-12-01,,,,0,0,gris,,0.0
1885-01-01,,,,0,0,gris,,0.0
1885-02-01,,,,0,0,gris,,0.0
1885-03-01,,,,0,0,gris,,0.0
1885-04-01,,,,0,0,gris,,0.0
1885-05-01,,,,0,0,gris,,0.0
1885-06-01,,,,0,0,gris,,0.0
1885-07-01,,,,0,0,gris,,0.0
1885-08-01,,,,0,0,gris,,0.0
1885-09-01,,,,0,0,gris,,0.0
1885-10-01,,,,0,0,gris,,0.0
1885-11-01,,,,0,0,gris,,0.0
1885-12-01,,,,0,0,gris,,0.0
1886-01-01,,,,0,0,gris,,0.0
1886-02-01,,,,0,0,gris,,0.0
1886-03-01,,,,0,0,gris,,0.0
1886-04-01,,,,0,0,gris,,0.0
1886-05-01,,,,0,0,gris,,0.0
1886-06-01,,,,0,0,gris,,0.0
1886-07-01,,,,0,0,gris,,0.0
1886-08-01,,,,0,0,gris,,0.0
1886-09-01,,,,0,0,gris,,0.0
1886-10-01,,,,0,0,gris,,0.0
1886-11-01,,,,0,0,gris,,0.0
1886-12-01,,,,0,0,gris,,0.0
1887-01-01,,,,0,0,gris,,0.0
1887-02-01,,,,0,0,gris,,0.0
1887-03-01,,,,0,0,gris,,0.0
1887-04-01,,,,0,0,gris,,0.0
1887-05-01,,,,0,0,gris,,0.0
1887-06-01,,,,0,0,gris,,0.0
1887-07-01,,,,0,0,gris,,0.0
1887-08-01,,,,0,0,gris,,0.0
1887-09-01,,,,0,0,gris,,0.0
1887-10-01,,,,0,0,gris,,0.0
1887-11-01,,,,0,0,gris,,0.0
1887-12-01,,,,0,0,gris,,0.0
1888-01-01,,,,0,0,gris,,0.0
1888-02-01,,,,0,0,gris,,0.0
1888-03-01,,,,0,0,gris,,0.0
1888-04-01,,,,0,0,gris,,0.0
1888-05-01,,,,0,0,gris,,0.0
1888-06-01,,,,0,0,gris,,0.0
1888-07-01,,,,0,0,gris,,0.0
1888-08-01,,,,0,0,gris,,0.0
1888-09-01,,,,0,0,gris,,0.0
1888-10-01,,,,0,0,gris,,0.0
1888-11-01,,,,0,0,gris,,0.0
1888-12-01,,,,0,0,gris,,0.0
1889-01-01,,,,0,0,gris,,0.0
1889-02-01,,,,0,0,gris,,0.0
1889-03-01,,,,0,0,gris,,0.0
1889-04-01,,,,0,0,gris,,0.0
1889-05-01,,,,0,0,gris,,0.0
1889-06-01,,,,0,0,gris,,0.0
1889-07-01,,,,0,0,gris,,0.0
1889-08-01,,,,0,0,gris,,0.0
1889-09-01,,,,0,0,gris,,0.0
1889-10-01,,,,0,0,gris,,0.0
1889-11-01,,,,0,0,gris,,0.0
1889-12-01,,,,0,0,gris,,0.0
1890-01-01,,,,0,0,gris,,0.0
1890-02-01,,,,0,0,gris,,0.0
1890-03-01,,,,0,0,gris,,0.0
1890-04-01,,,,0,0,gris,,0.0
1890-05-01,,,,0,0,gris,,0.0
1890-06-01,,,,0,0,gris,,0.0
1890-07-01,,,,0,0,gris,,0.0
1890-08-01,,,,0,0,gris,,0.0
1890-09-01,,,,0,0,gris,,0.0
1890-10-01,,,,0,0,gris,,0.0
1890-11-01,,,,0,0,gris,,0.0
1890-12-01,-1.0412065092908132,-1.0412065092908132,survalorisation,0,0,vert,-1.0412065092908132,0.10901179434329554
1891-01-01,-0.3689467798678197,-0.3689467798678197,survalorisation,0,0,vert,-0.3689467798678197,0.10901179434329554
1891-02-01,-0.33497126783338677,-0.33497126783338677,survalorisation,0,0,vert,-0.33497126783338677,0.10901179434329554
1891-03-01,-0.6225127618683827,-0.6225127618683827,survalorisation,0,0,vert,-0.6225127618683827,0.10901179434329554
1891-04-01,-0.3753917640362846,-0.3753917640362846,survalorisation,0,0,vert,-0.3753917640362846,0.10901179434329554
1891-05-01,-0.2656765667220068,-0.2656765667220068,survalorisation,0,0,vert,-0.2656765667220068,0.10901179434329554
1891-06-01,-0.20140008705707957,-0.20140008705707957,survalorisation,0,0,vert,-0.20140008705707957,0.10901179434329554
1891-07-01,-0.22843495579212458,-0.2284349557921246,survalorisation,0,0,vert,-0.22843495579212458,0.10901179434329554
1891-08-01,0.15161025520614177,0.15161025520614177,survalorisation,0,0,vert,0.15161025520614177,0.10901179434329554
1891-09-01,1.2223089845915847,1.2223089845915847,survalorisation,1,0,orange,1.2223089845915847,0.10901179434329554
1891-10-01,1.2142731514362557,1.2142731514362557,survalorisation,1,0,orange,1.2142731514362557,0.10901179434329554
1891-11-01,1.1722427836999827,1.1722427836999827,survalorisation,1,0,orange,1.1722427836999827,0.10901179434329554
1891-12-01,1.5246644070393005,1.5246644070393005,survalorisation,0,1,rouge,1.5246644070393005,0.10901179434329554
1892-01-01,2.0443550927582197,2.0443550927582197,survalorisation,0,1,rouge,2.0443550927582197,0.10901179434329554
1892-02-01,2.0185299360844384,2.0185299360844384,survalorisation,0,1,rouge,2.0185299360844384,0.10901179434329554
1892-03-01,2.427832554824256,2.427832554824256,survalorisation,0,1,rouge,2.427832554824256,0.10901179434329554
1892-04-01,2.4945190430622364,2.4945190430622364,survalorisation,0,1,rouge,2.4945190430622364,0.10901179434329554
1892-05-01,2.4112149346934033,2.4112149346934033,survalorisation,0,1,rouge,2.4112149346934033,0.10901179434329554
1892-06-01,2.2679801630257024,2.2679801630257024,survalorisation,0,1,rouge,2.2679801630257024,0.10901179434329554
1892-07-01,1.8859671497983326,1.8859671497983326,survalorisation,0,1,rouge,1.8859671497983326,0.10901179434329554
1892-08-01,1.8511470024895955,1.8511470024895957,survalorisation,0,1,rouge,1.8511470024895955,0.10901179434329554
1892-09-01,1.5184161946979071,1.5184161946979071,survalorisation,0,1,rouge,1.5184161946979071,0.10901179434329554
1892-10-01,1.7066619827811298,1.7066619827811296,survalorisation,0,1,rouge,1.7066619827811298,0.10901179434329554
1892-11-01,1.3416506275603974,1.3416506275603974,survalorisation,1,0,orange,1.3416506275603974,0.10901179434329554
1892-12-01,1.0600512312496961,1.0600512312496961,survalorisation,1,0,orange,1.0600512312496961,0.10901179434329554
1893-01-01,0.8385917724186099,0.8385917724186099,survalorisation,1,0,orange,0.8385917724186099,0.10901179434329554
1893-02-01,0.5131744884459064,0.5131744884459064,survalorisation,1,0,orange,0.5131744884459064,0.10901179434329554
1893-03-01,0.3741756061395079,0.3741756061395079,survalorisation,0,0,vert,0.3741756061395079,0.10901179434329554
1893-04-01,0.49618439229805467,0.4961843922980546,survalorisation,0,0,vert,0.49618439229805467,0.10901179434329554
1893-05-01,-0.31285218605513143,-0.31285218605513143,survalorisation,0,0,vert,-0.31285218605513143,0.10901179434329554
1893-06-01,-0.5346876446159112,-0.5346876446159112,survalorisation,0,0,vert,-0.5346876446159112,0.10901179434329554
1893-07-01,-1.1826658772745433,-1.1826658772745433,survalorisation,0,0,vert,-1.1826658772745433,0.10901179434329554
1893-08-01,-1.0289942265091256,-1.0289942265091256,survalorisation,0,0,vert,-1.0289942265091256,0.10901179434329554
1893-09-01,-0.7640642871576658,-0.7640642871576658,survalorisation,0,0,vert,-0.7640642871576658,0.10901179434329554
1893-10-01,-0.6013349501461812,-0.6013349501461812,survalorisation,0,0,vert,-0.6013349501461812,0.10901179434329554
1893-11-01,-0.18656609349611086,-0.18656609349611086,survalorisation,0,0,vert,-0.18656609349611086,0.10901179434329554
1893-12-01,-0.38938906806468265,-0.38938906806468265,survalorisation,0,0,vert,-0.38938906806468265,0.10901179434329554
1894-01-01,-0.30930783613592994,-0.30930783613592994,survalorisation,0,0,vert,-0.30930783613592994,0.10901179434329554
1894-02-01,-0.020868466095893524,-0.020868466095893524,survalorisation,0,0,vert,-0.020868466095893524,0.10901179434329554
1894-03-01,0.5921694241641189,0.5921694241641189,survalorisation,1,0,orange,0.5921694241641189,0.10901179434329554
1894-04-01,0.743379727993538,0.743379727993538,survalorisation,1,0,orange,0.743379727993538,0.10901179434329554
1894-05-01,0.34948947987175866,0.34948947987175866,survalorisation,0,0,vert,0.34948947987175866,0.10901179434329554
1894-06-01,0.22146306008744174,0.22146306008744174,survalorisation,0,0,vert,0.22146306008744174,0.10901179434329554
1894-07-01,0.021670573306400483,0.021670573306400483,survalorisation,0,0,vert,0.021670573306400483,0.10901179434329554
1894-08-01,0.12763453485734144,0.12763453485734144,survalorisation,0,0,vert,0.12763453485734144,0.10901179434329554
1894-09-01,0.1680700624925242,0.1680700624925242,survalorisation,0,0,vert,0.1680700624925242,0.10901179434329554
1894-10-01,0.15523597126583782,0.15523597126583782,survalorisation,0,0,vert,0.15523597126583782,0.10901179434329554
1894-11-01,0.180140024591083,0.180140024591083,survalorisation,0,0,vert,0.180140024591083,0.10901179434329554
1894-12-01,0.2623396763272854,0.2623396763272854,survalorisation,0,0,vert,0.2623396763272854,0.10901179434329554
1895-01-01,0.16679072370956843,0.16679072370956843,survalorisation,0,0,vert,0.16679072370956843,0.10901179434329554
1895-02-01,0.04225192922519785,0.04225192922519785,survalorisation,0,0,vert,0.04225192922519785,0.10901179434329554
1895-03-01,0.0636290928581373,0.0636290928581373,survalorisation,0,0,vert,0.0636290928581373,0.10901179434329554
1895-04-01,0.07824611731091019,0.07824611731091019,survalorisation,0,0,vert,0.07824611731091019,0.10901179434329554
1895-05-01,0.5263914621534186,0.5263914621534186,survalorisation,1,0,orange,0.5263914621534186,0.10901179434329554
1895-06-01,0.6067062996865406,0.6067062996865406,survalorisation,1,0,orange,0.6067062996865406,0.10901179434329554
1895-07-01,0.8235710255015544,0.8235710255015544,survalorisation,1,0,orange,0.8235710255015544,0.10901179434329554
1895-08-01,1.160468809624367,1.160468809624367,survalorisation,1,0,orange,1.160468809624367,0.10901179434329554
1895-09-01,1.2339118442312742,1.2339118442312742,survalorisation,1,0,orange,1.2339118442312742,0.10901179434329554
1895-10-01,1.0610629814360186,1.0610629814360186,survalorisation,1,0,orange,1.0610629814360186,0.10901179434329554
1895-11-01,0.6667073822391089,0.6667073822391089,survalorisation,1,0,orange,0.6667073822391089,0.10901179434329554
1895-12-01,0.1482803983634523,0.1482803983634523,survalorisation,0,0,vert,0.1482803983634523,0.10901179434329554
1896-01-01,0.16598917619361375,0.16598917619361375,survalorisation,0,0,vert,0.16598917619361375,0.10901179434329554
1896-02-01,0.7781543518871264,0.7781543518871264,survalorisation,1,0,orange,0.7781543518871264,0.10901179434329554
1896-03-01,0.590243738506307,0.590243738506307,survalorisation,1,0,orange,0.590243738506307,0.10901179434329554
1896-04-01,0.8565838136996627,0.8565838136996626,survalorisation,1,0,orange,0.8565838136996627,0.10901179434329554
1896-05-01,0.9728428472247962,0.9728428472247962,survalorisation,1,0,orange,0.9728428472247962,0.10901179434329554
1896-06-01,0.9347508792016372,0.9347508792016372,survalorisation,1,0,orange,0.9347508792016372,0.10901179434329554
1896-07-01,0.18363870429481288,0.18363870429481288,survalorisation,0,0,vert,0.18363870429481288,0.10901179434329554
1896-08-01,-0.43113598275025045,-0.43113598275025045,survalorisation,0,0,vert,-0.43113598275025045,0.10901179434329554
1896-09-01,0.12466778549660659,0.1246677854966066,survalorisation,0,0,vert,0.12466778549660659,0.10901179434329554
1896-10-01,0.05459050098542823,0.05459050098542823,survalorisation,0,0,vert,0.05459050098542823,0.10901179434329554
1896-11-01,0.4855089102603089,0.48550891026030896,survalorisation,0,0,vert,0.4855089102603089,0.10901179434329554
1896-12-01,0.09355851340267013,0.09355851340267013,survalorisation,0,0,vert,0.09355851340267013,0.10901179434329554
1897-01-01,0.44289773064264704,0.44289773064264704,survalorisation,0,0,vert,0.44289773064264704,0.10901179434329554
1897-02-01,0.353197242737898,0.353197242737898,survalorisation,0,0,vert,0.353197242737898,0.10901179434329554
1897-03-01,0.3949602677671233,0.3949602677671233,survalorisation,0,0,vert,0.3949602677671233,0.10901179434329554
1897-04-01,0.21879817101053395,0.21879817101053398,survalorisation,0,0,vert,0.21879817101053395,0.10901179434329554
1897-05-01,0.4538813530395822,0.45388135303958227,survalorisation,0,0,vert,0.4538813530395822,0.10901179434329554
1897-06-01,0.9909605698004232,0.9909605698004232,survalorisation,1,0,orange,0.9909605698004232,0.10901179434329554
1897-07-01,1.5193853117851777,1.5193853117851777,survalorisation,0,1,rouge,1.5193853117851777,0.10901179434329554
1897-08-01,1.7400856957280306,1.7400856957280306,survalorisation,0,1,rouge,1.7400856957280306,0.10901179434329554
1897-09-01,1.9609807224164097,1.9609807224164097,survalorisation,0,1,rouge,1.9609807224164097,0.10901179434329554
1897-10-01,1.7150683294522602,1.7150683294522604,survalorisation,0,1,rouge,1.7150683294522602,0.10901179434329554
1897-11-01,1.2639906766063924,1.2639906766063924,survalorisation,1,0,orange,1.2639906766063924,0.10901179434329554
1897-12-01,1.5094738519522015,1.5094738519522015,survalorisation,0,1,rouge,1.5094738519522015,0.10901179434329554
1898-01-01,1.8193248277614087,1.8193248277614085,survalorisation,0,1,rouge,1.8193248277614087,0.10901179434329554
1898-02-01,1.5889486459000377,1.5889486459000377,survalorisation,0,1,rouge,1.5889486459000377,0.10901179434329554
1898-03-01,1.012747108159251,1.012747108159251,survalorisation,1,0,orange,1.012747108159251,0.10901179434329554
1898-04-01,0.7898530421581117,0.7898530421581117,survalorisation,1,0,orange,0.7898530421581117,0.10901179434329554
1898-05-01,0.7158189439842102,0.7158189439842102,survalorisation,1,0,orange,0.7158189439842102,0.10901179434329554
1898-06-01,1.9661716195857486,1.9661716195857488,survalorisation,0,1,rouge,1.9661716195857486,0.10901179434329554
1898-07-01,2.1409989595038392,2.1409989595038392,survalorisation,0,1,rouge,2.1409989595038392,0.10901179434329554
1898-08-01,2.5364056497723357,2.5364056497723357,survalorisation,0,1,rouge,2.5364056497723357,0.10901179434329554
1898-09-01,2.4309830406692856,2.4309830406692856,survalorisation,0,1,rouge,2.4309830406692856,0.10901179434329554
1898-10-01,2.093207420264142,2.093207420264142,survalorisation,0,1,rouge,2.093207420264142,0.10901179434329554
1898-11-01,2.414831191731345,2.414831191731345,survalorisation,0,1,rouge,2.414831191731345,0.10901179434329554
1898-12-01,2.888981815349459,2.888981815349459,survalorisation,0,1,rouge,2.888981815349459,0.10901179434329554
1899-01-01,3.682583464766998,3.6825834647669984,survalorisation,0,1,rouge,3.682583464766998,0.10901179434329554
1899-02-01,3.6259731999057494,3.6259731999057494,survalorisation,0,1,rouge,3.6259731999057494,0.10901179434329554
1899-03-01,3.633484638345835,3.6334846383458346,survalorisation,0,1,rouge,3.633484638345835,0.10901179434329554
1899-04-01,3.4562329251725883,3.4562329251725883,survalorisation,0,1,rouge,3.4562329251725883,0.10901179434329554
1899-05-01,2.824708434731181,2.824708434731181,survalorisation,0,1,rouge,2.824708434731181,0.10901179434329554
1899-06-01,2.324001469266411,2.324001469266411,survalorisation,0,1,rouge,2.324001469266411,0.10901179434329554
1899-07-01,2.467133566163257,2.467133566163257,survalorisation,0,1,rouge,2.467133566163257,0.10901179434329554
1899-08-01,2.5105704160391595,2.5105704160391595,survalorisation,0,1,rouge,2.5105704160391595,0.10901179434329554
1899-09-01,1.9085567467280584,1.9085567467280582,survalorisation,0,1,rouge,1.9085567467280584,0.10901179434329554
1899-10-01,1.67139272537906,1.67139272537906,survalorisation,0,1,rouge,1.67139272537906,0.10901179434329554
1899-11-01,1.6787584076678452,1.6787584076678452,survalorisation,0,1,rouge,1.6787584076678452,0.10901179434329554
1899-12-01,0.8245346567380792,0.8245346567380792,survalorisation,1,0,orange,0.8245346567380792,0.10901179434329554
1900-01-01,0.9026976110772018,0.9026976110772017,survalorisation,1,0,orange,0.9026976110772018,0.10901179434329554
1900-02-01,0.913970388796131,0.9139703887961309,survalorisation,1,0,orange,0.913970388796131,0.10901179434329554
1900-03-01,0.9465103140074216,0.9465103140074216,survalorisation,1,0,orange,0.9465103140074216,0.10901179434329554
1900-04-01,1.023289305958321,1.023289305958321,survalorisation,1,0,orange,1.023289305958321,0.10901179434329554
1900-05-01,0.7508019479236252,0.7508019479236252,survalorisation,1,0,orange,0.7508019479236252,0.10901179434329554
1900-06-01,0.541282591204177,0.541282591204177,survalorisation,1,0,orange,0.541282591204177,0.10901179434329554
1900-07-01,0.38646839799902954,0.38646839799902954,survalorisation,0,0,vert,0.38646839799902954,0.10901179434329554
1900-08-01,0.5780823802771998,0.5780823802771998,survalorisation,1,0,orange,0.5780823802771998,0.10901179434329554
1900-09-01,0.20707229622789247,0.20707229622789247,survalorisation,0,0,vert,0.20707229622789247,0.10901179434329554
1900-10-01,0.5934184263745897,0.5934184263745897,survalorisation,1,0,orange,0.5934184263745897,0.10901179434329554
1900-11-01,1.2595164053477623,1.2595164053477623,survalorisation,1,0,orange,1.2595164053477623,0.10901179434329554
1900-12-01,1.9163864939452477,1.9163864939452477,survalorisation,0,1,rouge,1.9163864939452477,0.10901179434329554
1901-01-01,2.013868179836235,2.013868179836235,survalorisation,0,1,rouge,2.013868179836235,0.10901179434329554
1901-02-01,2.3351727122469024,2.3351727122469024,survalorisation,0,1,rouge,2.3351727122469024,0.10901179434329554
1901-03-01,2.625153546402803,2.625153546402803,survalorisation,0,1,rouge,2.625153546402803,0.10901179434329554
1901-04-01,3.5394735377243975,3.5394735377243975,survalorisation,0,1,rouge,3.5394735377243975,0.10901179434329554
1901-05-01,2.837711688790718,2.837711688790718,survalorisation,0,1,rouge,2.837711688790718,0.10901179434329554
1901-06-01,3.7482184075780802,3.7482184075780802,survalorisation,0,1,rouge,3.7482184075780802,0.10901179434329554
1901-07-01,2.734130343404978,2.734130343404978,survalorisation,0,1,rouge,2.734130343404978,0.10901179434329554
1901-08-01,2.6588498360404866,2.6588498360404866,survalorisation,0,1,rouge,2.6588498360404866,0.10901179434329554
1901-09-01,2.406493548130803,2.406493548130803,survalorisation,0,1,rouge,2.406493548130803,0.10901179434329554
1901-10-01,2.229087909972443,2.229087909972443,survalorisation,0,1,rouge,2.229087909972443,0.10901179434329554
1901-11-01,2.255101174228122,2.255101174228122,survalorisation,0,1,rouge,2.255101174228122,0.10901179434329554
1901-12-01,1.9324327108782242,1.9324327108782242,survalorisation,0,1,rouge,1.9324327108782242,0.10901179434329554
1902-01-01,2.1941018214887973,2.1941018214887973,survalorisation,0,1,rouge,2.1941018214887973,0.10901179434329554
1902-02-01,2.2193833217613363,2.2193833217613363,survalorisation,0,1,rouge,2.2193833217613363,0.10901179434329554
1902-03-01,2.1733738137640146,2.1733738137640146,survalorisation,0,1,rouge,2.1733738137640146,0.10901179434329554
1902-04-01,2.319333748313431,2.319333748313431,survalorisation,0,1,rouge,2.319333748313431,0.10901179434329554
1902-05-01,2.1293061363449057,2.1293061363449057,survalorisation,0,1,rouge,2.1293061363449057,0.10901179434329554
1902-06-01,1.9172284631113632,1.9172284631113632,survalorisation,0,1,rouge,1.9172284631113632,0.10901179434329554
1902-07-01,2.071477960119147,2.071477960119147,survalorisation,0,1,rouge,2.071477960119147,0.10901179434329554
1902-08-01,2.3649293629618895,2.3649293629618895,survalorisation,0,1,rouge,2.3649293629618895,0.10901179434329554
1902-09-01,2.2114481256896124,2.2114481256896124,survalorisation,0,1,rouge,2.2114481256896124,0.10901179434329554
1902-10-01,1.2879969882729934,1.2879969882729934,survalorisation,1,0,orange,1.2879969882729934,0.10901179434329554
1902-11-01,1.2027161763479108,1.2027161763479108,survalorisation,1,0,orange,1.2027161763479108,0.10901179434329554
1902-12-01,0.8847595333408197,0.8847595333408197,survalorisation,1,0,orange,0.8847595333408197,0.10901179434329554
1903-01-01,1.1579501971808541,1.1579501971808541,survalorisation,1,0,orange,1.1579501971808541,0.10901179434329554
1903-02-01,1.0679001801664818,1.0679001801664818,survalorisation,1,0,orange,1.0679001801664818,0.10901179434329554
1903-03-01,0.9739909616573725,0.9739909616573726,survalorisation,1,0,orange,0.9739909616573725,0.10901179434329554
1903-04-01,0.6051522797585582,0.6051522797585582,survalorisation,1,0,orange,0.6051522797585582,0.10901179434329554
1903-05-01,0.5934277681890757,0.5934277681890757,survalorisation,1,0,orange,0.5934277681890757,0.10901179434329554
1903-06-01,0.13067045121629592,0.13067045121629592,survalorisation,0,0,vert,0.13067045121629592,0.10901179434329554
1903-07-01,-0.23602063956241448,-0.23602063956241445,survalorisation,0,0,vert,-0.23602063956241448,0.10901179434329554
1903-08-01,-0.4877895969159399,-0.48778959691594,survalorisation,0,0,vert,-0.4877895969159399,0.10901179434329554
1903-09-01,-0.7493887797320572,-0.7493887797320572,survalorisation,0,0,vert,-0.7493887797320572,0.10901179434329554
1903-10-01,-0.9106721447295263,-0.9106721447295263,survalorisation,0,0,vert,-0.9106721447295263,0.10901179434329554
1903-11-01,-0.8445817039349838,-0.8445817039349838,survalorisation,0,0,vert,-0.8445817039349838,0.10901179434329554
1903-12-01,-0.5829756950873757,-0.5829756950873757,survalorisation,0,0,vert,-0.5829756950873757,0.10901179434329554
1904-01-01,-0.6555555328200202,-0.6555555328200202,survalorisation,0,0,vert,-0.6555555328200202,0.10901179434329554
1904-02-01,-0.9970449179488861,-0.9970449179488861,survalorisation,0,0,vert,-0.9970449179488861,0.10901179434329554
1904-03-01,-0.9688450966993117,-0.9688450966993116,survalorisation,0,0,vert,-0.9688450966993117,0.10901179434329554
1904-04-01,-0.7680609703462005,-0.7680609703462005,survalorisation,0,0,vert,-0.7680609703462005,0.10901179434329554
1904-05-01,-0.7821143957441181,-0.7821143957441181,survalorisation,0,0,vert,-0.7821143957441181,0.10901179434329554
1904-06-01,-0.8009096464367639,-0.8009096464367639,survalorisation,0,0,vert,-0.8009096464367639,0.10901179434329554
1904-07-01,-0.5683051608069,-0.5683051608069,survalorisation,0,0,vert,-0.5683051608069,0.10901179434329554
1904-08-01,-0.456803074777261,-0.45680307477726095,survalorisation,0,0,vert,-0.456803074777261,0.10901179434329554
1904-09-01,-0.2755792199314978,-0.2755792199314978,survalorisation,0,0,vert,-0.2755792199314978,0.10901179434329554
1904-10-01,0.09233085853706541,0.09233085853706541,survalorisation,0,0,vert,0.09233085853706541,0.10901179434329554
1904-11-01,0.275222003910387,0.275222003910387,survalorisation,0,0,vert,0.275222003910387,0.10901179434329554
1904-12-01,0.3092507125814542,0.3092507125814542,survalorisation,0,0,vert,0.3092507125814542,0.10901179434329554
1905-01-01,0.4330323403486888,0.4330323403486888,survalorisation,0,0,vert,0.4330323403486888,0.10901179434329554
1905-02-01,0.7260628826570675,0.7260628826570675,survalorisation,1,0,orange,0.7260628826570675,0.10901179434329554
1905-03-01,0.9983964778657782,0.9983964778657782,survalorisation,1,0,orange,0.9983964778657782,0.10901179434329554
1905-04-01,0.8507759222861323,0.8507759222861323,survalorisation,1,0,orange,0.8507759222861323,0.10901179434329554
1905-05-01,0.49430414923032523,0.49430414923032523,survalorisation,0,0,vert,0.49430414923032523,0.10901179434329554
1905-06-01,0.5374823083733418,0.5374823083733418,survalorisation,1,0,orange,0.5374823083733418,0.10901179434329554
1905-07-01,0.7318075415194605,0.7318075415194605,survalorisation,1,0,orange,0.7318075415194605,0.10901179434329554
1905-08-01,0.8826663231254829,0.8826663231254828,survalorisation,1,0,orange,0.8826663231254829,0.10901179434329554
1905-09-01,0.9507396242244812,0.9507396242244811,survalorisation,1,0,orange,0.9507396242244812,0.10901179434329554
1905-10-01,1.011626953068376,1.011626953068376,survalorisation,1,0,orange,1.011626953068376,0.10901179434329554
1905-11-01,0.8195944522905954,0.8195944522905954,survalorisation,1,0,orange,0.8195944522905954,0.10901179434329554
1905-12-01,0.8732483983895718,0.8732483983895719,survalorisation,1,0,orange,0.8732483983895718,0.10901179434329554
1906-01-01,1.1011718314156544,1.1011718314156544,survalorisation,1,0,orange,1.1011718314156544,0.10901179434329554
1906-02-01,0.9868159623745175,0.9868159623745176,survalorisation,1,0,orange,0.9868159623745175,0.10901179434329554
1906-03-01,0.7309307528215375,0.7309307528215375,survalorisation,1,0,orange,0.7309307528215375,0.10901179434329554
1906-04-01,0.5692554401300917,0.5692554401300917,survalorisation,1,0,orange,0.5692554401300917,0.10901179434329554
1906-05-01,0.22431564474879756,0.22431564474879753,survalorisation,0,0,vert,0.22431564474879756,0.10901179434329554
1906-06-01,0.2736254530751138,0.2736254530751138,survalorisation,0,0,vert,0.2736254530751138,0.10901179434329554
1906-07-01,0.2826011948546255,0.2826011948546255,survalorisation,0,0,vert,0.2826011948546255,0.10901179434329554
1906-08-01,0.6062946798675437,0.6062946798675437,survalorisation,1,0,orange,0.6062946798675437,0.10901179434329554
1906-09-01,0.7030996904273851,0.7030996904273851,survalorisation,1,0,orange,0.7030996904273851,0.10901179434329554
1906-10-01,0.23636013239909406,0.23636013239909406,survalorisation,0,0,vert,0.23636013239909406,0.10901179434329554
1906-11-01,0.2555535007284897,0.2555535007284897,survalorisation,0,0,vert,0.2555535007284897,0.10901179434329554
1906-12-01,0.051612878628164244,0.051612878628164244,survalorisation,0,0,vert,0.051612878628164244,0.10901179434329554
1907-01-01,-0.13508148658441949,-0.13508148658441949,survalorisation,0,0,vert,-0.13508148658441949,0.10901179434329554
1907-02-01,-0.5591162862087162,-0.5591162862087162,survalorisation,0,0,vert,-0.5591162862087162,0.10901179434329554
1907-03-01,-1.2042819860037006,-1.2042819860037006,survalorisation,0,0,vert,-1.2042819860037006,0.10901179434329554
1907-04-01,-1.2071309243021393,-1.2071309243021393,survalorisation,0,0,vert,-1.2071309243021393,0.10901179434329554
1907-05-01,-1.5716336977715326,-1.5716336977715326,survalorisation,0,0,vert,-1.5716336977715326,0.10901179434329554
1907-06-01,-1.83229288549605,-1.83229288549605,survalorisation,0,0,vert,-1.83229288549605,0.10901179434329554
1907-07-01,-1.636904668087984,-1.636904668087984,survalorisation,0,0,vert,-1.636904668087984,0.10901179434329554
1907-08-01,-2.0702020138712074,-2.0702020138712074,survalorisation,0,0,vert,-2.0702020138712074,0.10901179434329554
1907-09-01,-2.1289355829343024,-2.1289355829343024,survalorisation,0,0,vert,-2.1289355829343024,0.10901179434329554
1907-10-01,-2.7155321835600787,-2.7155321835600787,survalorisation,0,0,vert,-2.7155321835600787,0.10901179434329554
1907-11-01,-2.7763580693685808,-2.7763580693685808,survalorisation,0,0,vert,-2.7763580693685808,0.10901179434329554
1907-12-01,-2.4470428906224946,-2.4470428906224946,survalorisation,0,0,vert,-2.4470428906224946,0.10901179434329554
1908-01-01,-2.1967092231050587,-2.1967092231050587,survalorisation,0,0,vert,-2.1967092231050587,0.10901179434329554
1908-02-01,-2.3136997657484732,-2.3136997657484732,survalorisation,0,0,vert,-2.3136997657484732,0.10901179434329554
1908-03-01,-2.1239501448846614,-2.1239501448846614,survalorisation,0,0,vert,-2.1239501448846614,0.10901179434329554
1908-04-01,-1.9256394433085096,-1.9256394433085096,survalorisation,0,0,vert,-1.9256394433085096,0.10901179434329554
1908-05-01,-1.6670532680275323,-1.6670532680275323,survalorisation,0,0,vert,-1.6670532680275323,0.10901179434329554
1908-06-01,-1.667952470171382,-1.667952470171382,survalorisation,0,0,vert,-1.667952470171382,0.10901179434329554
1908-07-01,-1.5444548938183653,-1.5444548938183653,survalorisation,0,0,vert,-1.5444548938183653,0.10901179434329554
1908-08-01,-1.3274977109034047,-1.3274977109034047,survalorisation,0,0,vert,-1.3274977109034047,0.10901179434329554
1908-09-01,-1.3929417270408333,-1.3929417270408333,survalorisation,0,0,vert,-1.3929417270408333,0.10901179434329554
1908-10-01,-1.3909453303784007,-1.3909453303784007,survalorisation,0,0,vert,-1.3909453303784007,0.10901179434329554
1908-11-01,-1.0964783354178904,-1.0964783354178904,survalorisation,0,0,vert,-1.0964783354178904,0.10901179434329554
1908-12-01,-1.0356541488716582,-1.0356541488716582,survalorisation,0,0,vert,-1.0356541488716582,0.10901179434329554
1909-01-01,-0.9618228215933712,-0.9618228215933712,survalorisation,0,0,vert,-0.9618228215933712,0.10901179434329554
1909-02-01,-1.1908810071388403,-1.1908810071388403,survalorisation,0,0,vert,-1.1908810071388403,0.10901179434329554
1909-03-01,-1.1211823145421285,-1.1211823145421285,survalorisation,0,0,vert,-1.1211823145421285,0.10901179434329554
1909-04-01,-0.9975872451358693,-0.9975872451358694,survalorisation,0,0,vert,-0.9975872451358693,0.10901179434329554
1909-05-01,-0.8749822078515282,-0.8749822078515282,survalorisation,0,0,vert,-0.8749822078515282,0.10901179434329554
1909-06-01,-0.8389438950246166,-0.8389438950246166,survalorisation,0,0,vert,-0.8389438950246166,0.10901179434329554
1909-07-01,-0.7625544550932377,-0.7625544550932377,survalorisation,0,0,vert,-0.7625544550932377,0.10901179434329554
1909-08-01,-0.6883511273064722,-0.6883511273064722,survalorisation,0,0,vert,-0.6883511273064722,0.10901179434329554
1909-09-01,-0.7504540100979361,-0.7504540100979361,survalorisation,0,0,vert,-0.7504540100979361,0.10901179434329554
1909-10-01,-0.8522724307990409,-0.852272430799041,survalorisation,0,0,vert,-0.8522724307990409,0.10901179434329554
1909-11-01,-0.944912353664043,-0.9449123536640429,survalorisation,0,0,vert,-0.944912353664043,0.10901179434329554
1909-12-01,-0.9403955483433989,-0.9403955483433988,survalorisation,0,0,vert,-0.9403955483433989,0.10901179434329554
1910-01-01,-1.0168298498356043,-1.0168298498356043,survalorisation,0,0,vert,-1.0168298498356043,0.10901179434329554
1910-02-01,-1.2261933924497839,-1.2261933924497839,survalorisation,0,0,vert,-1.2261933924497839,0.10901179434329554
1910-03-01,-1.2032009722092956,-1.2032009722092956,survalorisation,0,0,vert,-1.2032009722092956,0.10901179434329554
1910-04-01,-1.389066409508678,-1.389066409508678,survalorisation,0,0,vert,-1.389066409508678,0.10901179434329554
1910-05-01,-1.3798705849355948,-1.3798705849355948,survalorisation,0,0,vert,-1.3798705849355948,0.10901179434329554
1910-06-01,-1.5861268737817196,-1.5861268737817196,survalorisation,0,0,vert,-1.5861268737817196,0.10901179434329554
1910-07-01,-1.838201667462247,-1.8382016674622472,survalorisation,0,0,vert,-1.838201667462247,0.10901179434329554
1910-08-01,-1.6730675573238518,-1.6730675573238518,survalorisation,0,0,vert,-1.6730675573238518,0.10901179434329554
1910-09-01,-1.590803738425555,-1.590803738425555,survalorisation,0,0,vert,-1.590803738425555,0.10901179434329554
1910-10-01,-1.2076197896320569,-1.2076197896320569,survalorisation,0,0,vert,-1.2076197896320569,0.10901179434329554
1910-11-01,-1.1093752463683433,-1.1093752463683433,survalorisation,0,0,vert,-1.1093752463683433,0.10901179434329554
1910-12-01,-1.2679232821554824,-1.2679232821554824,survalorisation,0,0,vert,-1.2679232821554824,0.10901179434329554
1911-01-01,-1.1456423212248137,-1.1456423212248137,survalorisation,0,0,vert,-1.1456423212248137,0.10901179434329554
1911-02-01,-0.8844978230110531,-0.8844978230110531,survalorisation,0,0,vert,-0.8844978230110531,0.10901179434329554
1911-03-01,-1.0168306825608464,-1.0168306825608464,survalorisation,0,0,vert,-1.0168306825608464,0.10901179434329554
1911-04-01,-0.8674325999452176,-0.8674325999452176,survalorisation,0,0,vert,-0.8674325999452176,0.10901179434329554
1911-05-01,-0.7522202888796984,-0.7522202888796984,survalorisation,0,0,vert,-0.7522202888796984,0.10901179434329554
1911-06-01,-0.6427256236184097,-0.6427256236184097,survalorisation,0,0,vert,-0.6427256236184097,0.10901179434329554
1911-07-01,-0.735832995959867,-0.735832995959867,survalorisation,0,0,vert,-0.735832995959867,0.10901179434329554
1911-08-01,-1.1889203309817893,-1.1889203309817893,survalorisation,0,0,vert,-1.1889203309817893,0.10901179434329554
1911-09-01,-1.5300361971030332,-1.5300361971030332,survalorisation,0,0,vert,-1.5300361971030332,0.10901179434329554
1911-10-01,-1.4970302584624067,-1.4970302584624067,survalorisation,0,0,vert,-1.4970302584624067,0.10901179434329554
1911-11-01,-1.2383390281859172,-1.2383390281859172,survalorisation,0,0,vert,-1.2383390281859172,0.10901179434329554
1911-12-01,-1.1573277667816944,-1.1573277667816944,survalorisation,0,0,vert,-1.1573277667816944,0.10901179434329554
1912-01-01,-1.2049416023069064,-1.2049416023069064,survalorisation,0,0,vert,-1.2049416023069064,0.10901179434329554
1912-02-01,-1.301322816637144,-1.301322816637144,survalorisation,0,0,vert,-1.301322816637144,0.10901179434329554
1912-03-01,-1.2555078328773992,-1.2555078328773992,survalorisation,0,0,vert,-1.2555078328773992,0.10901179434329554
1912-04-01,-1.2456522571991695,-1.2456522571991695,survalorisation,0,0,vert,-1.2456522571991695,0.10901179434329554
1912-05-01,-1.244824576421349,-1.244824576421349,survalorisation,0,0,vert,-1.244824576421349,0.10901179434329554
1912-06-01,-1.1874724075554222,-1.1874724075554222,survalorisation,0,0,vert,-1.1874724075554222,0.10901179434329554
1912-07-01,-1.1770708289364555,-1.1770708289364555,survalorisation,0,0,vert,-1.1770708289364555,0.10901179434329554
1912-08-01,-1.10429698104467,-1.10429698104467,survalorisation,0,0,vert,-1.10429698104467,0.10901179434329554
1912-09-01,-1.1232956345012526,-1.1232956345012526,survalorisation,0,0,vert,-1.1232956345012526,0.10901179434329554
1912-10-01,-1.1280208419527133,-1.1280208419527133,survalorisation,0,0,vert,-1.1280208419527133,0.10901179434329554
1912-11-01,-1.1836979862519639,-1.1836979862519639,survalorisation,0,0,vert,-1.1836979862519639,0.10901179434329554
1912-12-01,-1.3166048723876582,-1.3166048723876582,survalorisation,0,0,vert,-1.3166048723876582,0.10901179434329554
1913-01-01,-1.4030283310268783,-1.4030283310268783,survalorisation,0,0,vert,-1.4030283310268783,0.10901179434329554
1913-02-01,-1.5730384295913362,-1.5730384295913362,survalorisation,0,0,vert,-1.5730384295913362,0.10901179434329554
1913-03-01,-1.6560041901526894,-1.6560041901526894,survalorisation,0,0,vert,-1.6560041901526894,0.10901179434329554
1913-04-01,-1.6519378910883118,-1.6519378910883118,survalorisation,0,0,vert,-1.6519378910883118,0.10901179434329554
1913-05-01,-1.7231616132306724,-1.7231616132306724,survalorisation,0,0,vert,-1.7231616132306724,0.10901179434329554
1913-06-01,-1.9857500526382261,-1.9857500526382261,survalorisation,0,0,vert,-1.9857500526382261,0.10901179434329554
1913-07-01,-1.9577056456652946,-1.9577056456652944,survalorisation,0,0,vert,-1.9577056456652946,0.10901179434329554
1913-08-01,-1.8302643216227148,-1.8302643216227148,survalorisation,0,0,vert,-1.8302643216227148,0.10901179434329554
1913-09-01,-1.8214771489315507,-1.8214771489315509,survalorisation,0,0,vert,-1.8214771489315507,0.10901179434329554
1913-10-01,-1.9479547485767843,-1.9479547485767843,survalorisation,0,0,vert,-1.9479547485767843,0.10901179434329554
1913-11-01,-2.0817584330634236,-2.0817584330634236,survalorisation,0,0,vert,-2.0817584330634236,0.10901179434329554
1913-12-01,-2.0309662454608426,-2.0309662454608426,survalorisation,0,0,vert,-2.0309662454608426,0.10901179434329554
1914-01-01,-1.8505270582356221,-1.8505270582356224,survalorisation,0,0,vert,-1.8505270582356221,0.10901179434329554
1914-02-01,-1.741062930998532,-1.741062930998532,survalorisation,0,0,vert,-1.741062930998532,0.10901179434329554
1914-03-01,-1.8134451274529255,-1.8134451274529257,survalorisation,0,0,vert,-1.8134451274529255,0.10901179434329554
1914-04-01,-1.862359365084227,-1.8623593650842267,survalorisation,0,0,vert,-1.862359365084227,0.10901179434329554
1914-05-01,-1.8676809302707404,-1.8676809302707402,survalorisation,0,0,vert,-1.8676809302707404,0.10901179434329554
1914-06-01,-1.8752761320790325,-1.8752761320790328,survalorisation,0,0,vert,-1.8752761320790325,0.10901179434329554
1914-07-01,-2.12595554287579,-2.12595554287579,survalorisation,0,0,vert,-2.12595554287579,0.10901179434329554
1914-08-01,-2.182976141863555,-2.182976141863555,survalorisation,0,0,vert,-2.182976141863555,0.10901179434329554
1914-09-01,-2.1645697220211755,-2.1645697220211755,survalorisation,0,0,vert,-2.1645697220211755,0.10901179434329554
1914-10-01,-2.110212201221372,-2.110212201221372,survalorisation,0,0,vert,-2.110212201221372,0.10901179434329554
1914-11-01,-2.1295776007229485,-2.1295776007229485,survalorisation,0,0,vert,-2.1295776007229485,0.10901179434329554
1914-12-01,-2.2347648328031475,-2.2347648328031475,survalorisation,0,0,vert,-2.2347648328031475,0.10901179434329554
1915-01-01,-2.1537648813682653,-2.1537648813682653,survalorisation,0,0,vert,-2.1537648813682653,0.10901179434329554
1915-02-01,-2.14937603438802,-2.14937603438802,survalorisation,0,0,vert,-2.14937603438802,0.10901179434329554
1915-03-01,-2.0055266476050164,-2.0055266476050164,survalorisation,0,0,vert,-2.0055266476050164,0.10901179434329554
1915-04-01,-1.755750382935967,-1.755750382935967,survalorisation,0,0,vert,-1.755750382935967,0.10901179434329554
1915-05-01,-1.874992755966854,-1.874992755966854,survalorisation,0,0,vert,-1.874992755966854,0.10901179434329554
1915-06-01,-1.8214448177517497,-1.82144481775175,survalorisation,0,0,vert,-1.8214448177517497,0.10901179434329554
1915-07-01,-1.8258130363449487,-1.8258130363449485,survalorisation,0,0,vert,-1.8258130363449487,0.10901179434329554
1915-08-01,-1.6565337400462554,-1.6565337400462554,survalorisation,0,0,vert,-1.6565337400462554,0.10901179434329554
1915-09-01,-1.5044159070717928,-1.5044159070717928,survalorisation,0,0,vert,-1.5044159070717928,0.10901179434329554
1915-10-01,-1.316234442944471,-1.316234442944471,survalorisation,0,0,vert,-1.316234442944471,0.10901179434329554
1915-11-01,-1.207200075907926,-1.207200075907926,survalorisation,0,0,vert,-1.207200075907926,0.10901179434329554
1915-12-01,-1.1966383789132522,-1.1966383789132522,survalorisation,0,0,vert,-1.1966383789132522,0.10901179434329554
1916-01-01,-1.3067360905223506,-1.3067360905223506,survalorisation,0,0,vert,-1.3067360905223506,0.10901179434329554
1916-02-01,-1.3665028572665356,-1.3665028572665356,survalorisation,0,0,vert,-1.3665028572665356,0.10901179434329554
1916-03-01,-1.4219075377406287,-1.4219075377406287,survalorisation,0,0,vert,-1.4219075377406287,0.10901179434329554
1916-04-01,-1.5081263321587701,-1.5081263321587701,survalorisation,0,0,vert,-1.5081263321587701,0.10901179434329554
1916-05-01,-1.4619948923157438,-1.4619948923157438,survalorisation,0,0,vert,-1.4619948923157438,0.10901179434329554
1916-06-01,-1.4668148089289212,-1.4668148089289212,survalorisation,0,0,vert,-1.4668148089289212,0.10901179434329554
1916-07-01,-1.5301886537095544,-1.5301886537095544,survalorisation,0,0,vert,-1.5301886537095544,0.10901179434329554
1916-08-01,-1.5440326662390005,-1.5440326662390005,survalorisation,0,0,vert,-1.5440326662390005,0.10901179434329554
1916-09-01,-1.466838935675995,-1.466838935675995,survalorisation,0,0,vert,-1.466838935675995,0.10901179434329554
1916-10-01,-1.4276296737874523,-1.4276296737874523,survalorisation,0,0,vert,-1.4276296737874523,0.10901179434329554
1916-11-01,-1.4201064788980475,-1.4201064788980475,survalorisation,0,0,vert,-1.4201064788980475,0.10901179434329554
1916-12-01,-1.628437349841376,-1.628437349841376,survalorisation,0,0,vert,-1.628437349841376,0.10901179434329554
1917-01-01,-1.7614918539258997,-1.7614918539258995,survalorisation,0,0,vert,-1.7614918539258997,0.10901179434329554
1917-02-01,-2.0602328717950305,-2.0602328717950305,survalorisation,0,0,vert,-2.0602328717950305,0.10901179434329554
1917-03-01,-1.9610927783964354,-1.9610927783964351,survalorisation,0,0,vert,-1.9610927783964354,0.10901179434329554
1917-04-01,-2.1737563535327826,-2.1737563535327826,survalorisation,0,0,vert,-2.1737563535327826,0.10901179434329554
1917-05-01,-2.3239805138865584,-2.3239805138865584,survalorisation,0,0,vert,-2.3239805138865584,0.10901179434329554
1917-06-01,-2.304135495044427,-2.304135495044427,survalorisation,0,0,vert,-2.304135495044427,0.10901179434329554
1917-07-01,-2.334239166441423,-2.334239166441423,survalorisation,0,0,vert,-2.334239166441423,0.10901179434329554
1917-08-01,-2.4549124710397363,-2.4549124710397363,survalorisation,0,0,vert,-2.4549124710397363,0.10901179434329554
1917-09-01,-2.632586330317253,-2.632586330317253,survalorisation,0,0,vert,-2.632586330317253,0.10901179434329554
1917-10-01,-2.7861026550756787,-2.7861026550756787,survalorisation,0,0,vert,-2.7861026550756787,0.10901179434329554
1917-11-01,-2.955726243302666,-2.955726243302666,survalorisation,0,0,vert,-2.955726243302666,0.10901179434329554
1917-12-01,-3.02823274120214,-3.02823274120214,survalorisation,0,0,vert,-3.02823274120214,0.10901179434329554
1918-01-01,-2.9246797523298573,-2.9246797523298573,survalorisation,0,0,vert,-2.9246797523298573,0.10901179434329554
1918-02-01,-2.850297060655336,-2.850297060655336,survalorisation,0,0,vert,-2.850297060655336,0.10901179434329554
1918-03-01,-2.8509305443404704,-2.8509305443404704,survalorisation,0,0,vert,-2.8509305443404704,0.10901179434329554
1918-04-01,-2.87149591783673,-2.87149591783673,survalorisation,0,0,vert,-2.87149591783673,0.10901179434329554
1918-05-01,-2.8240702216219233,-2.8240702216219233,survalorisation,0,0,vert,-2.8240702216219233,0.10901179434329554
1918-06-01,-2.821437448404123,-2.821437448404123,survalorisation,0,0,vert,-2.821437448404123,0.10901179434329554
1918-07-01,-2.830049606735297,-2.830049606735297,survalorisation,0,0,vert,-2.830049606735297,0.10901179434329554
1918-08-01,-2.8218429493557133,-2.8218429493557133,survalorisation,0,0,vert,-2.8218429493557133,0.10901179434329554
1918-09-01,-2.838283600024109,-2.838283600024109,survalorisation,0,0,vert,-2.838283600024109,0.10901179434329554
1918-10-01,-2.770120510080285,-2.770120510080285,survalorisation,0,0,vert,-2.770120510080285,0.10901179434329554
1918-11-01,-2.7319013356077293,-2.7319013356077293,survalorisation,0,0,vert,-2.7319013356077293,0.10901179434329554
1918-12-01,-2.762519218791707,-2.762519218791707,survalorisation,0,0,vert,-2.762519218791707,0.10901179434329554
1919-01-01,-2.7467452336141647,-2.7467452336141647,survalorisation,0,0,vert,-2.7467452336141647,0.10901179434329554
1919-02-01,-2.682335504921652,-2.682335504921652,survalorisation,0,0,vert,-2.682335504921652,0.10901179434329554
1919-03-01,-2.626625563922316,-2.626625563922316,survalorisation,0,0,vert,-2.626625563922316,0.10901179434329554
1919-04-01,-2.5769217747767197,-2.5769217747767197,survalorisation,0,0,vert,-2.5769217747767197,0.10901179434329554
1919-05-01,-2.4543035066107506,-2.4543035066107506,survalorisation,0,0,vert,-2.4543035066107506,0.10901179434329554
1919-06-01,-2.383589551319172,-2.383589551319172,survalorisation,0,0,vert,-2.383589551319172,0.10901179434329554
1919-07-01,-2.358087971916467,-2.358087971916467,survalorisation,0,0,vert,-2.358087971916467,0.10901179434329554
1919-08-01,-2.4954394320002264,-2.4954394320002264,survalorisation,0,0,vert,-2.4954394320002264,0.10901179434329554
1919-09-01,-2.4550483499457862,-2.4550483499457862,survalorisation,0,0,vert,-2.4550483499457862,0.10901179434329554
1919-10-01,-2.373991711879077,-2.373991711879077,survalorisation,0,0,vert,-2.373991711879077,0.10901179434329554
1919-11-01,-2.443771833096592,-2.443771833096592,survalorisation,0,0,vert,-2.443771833096592,0.10901179434329554
1919-12-01,-2.506074320625986,-2.506074320625986,survalorisation,0,0,vert,-2.506074320625986,0.10901179434329554
1920-01-01,-2.531372508845057,-2.531372508845057,survalorisation,0,0,vert,-2.531372508845057,0.10901179434329554
1920-02-01,-2.6499228670225703,-2.6499228670225703,survalorisation,0,0,vert,-2.6499228670225703,0.10901179434329554
1920-03-01,-2.5392054174942804,-2.5392054174942804,survalorisation,0,0,vert,-2.5392054174942804,0.10901179434329554
1920-04-01,-2.570250945202369,-2.570250945202369,survalorisation,0,0,vert,-2.570250945202369,0.10901179434329554
1920-05-01,-2.654185759444865,-2.654185759444865,survalorisation,0,0,vert,-2.654185759444865,0.10901179434329554
1920-06-01,-2.668526870441878,-2.668526870441878,survalorisation,0,0,vert,-2.668526870441878,0.10901179434329554
1920-07-01,-2.6366564586302252,-2.6366564586302252,survalorisation,0,0,vert,-2.6366564586302252,0.10901179434329554
1920-08-01,-2.6297519910380758,-2.6297519910380758,survalorisation,0,0,vert,-2.6297519910380758,0.10901179434329554
1920-09-01,-2.5395960716187167,-2.5395960716187167,survalorisation,0,0,vert,-2.5395960716187167,0.10901179434329554
1920-10-01,-2.506639605105932,-2.506639605105932,survalorisation,0,0,vert,-2.506639605105932,0.10901179434329554
1920-11-01,-2.5428702570237256,-2.5428702570237256,survalorisation,0,0,vert,-2.5428702570237256,0.10901179434329554
1920-12-01,-2.606644610629638,-2.606644610629638,survalorisation,0,0,vert,-2.606644610629638,0.10901179434329554
1921-01-01,-2.503810327552678,-2.503810327552678,survalorisation,0,0,vert,-2.503810327552678,0.10901179434329554
1921-02-01,-2.4482355472542117,-2.4482355472542117,survalorisation,0,0,vert,-2.4482355472542117,0.10901179434329554
1921-03-01,-2.4504526099529045,-2.4504526099529045,survalorisation,0,0,vert,-2.4504526099529045,0.10901179434329554
1921-04-01,-2.4078198346590995,-2.4078198346590995,survalorisation,0,0,vert,-2.4078198346590995,0.10901179434329554
1921-05-01,-2.3167095244032248,-2.3167095244032248,survalorisation,0,0,vert,-2.3167095244032248,0.10901179434329554
1921-06-01,-2.3948429368522497,-2.3948429368522497,survalorisation,0,0,vert,-2.3948429368522497,0.10901179434329554
1921-07-01,-2.382716136566482,-2.382716136566482,survalorisation,0,0,vert,-2.382716136566482,0.10901179434329554
1921-08-01,-2.3750836072423063,-2.3750836072423063,survalorisation,0,0,vert,-2.3750836072423063,0.10901179434329554
1921-09-01,-2.3085496694252465,-2.3085496694252465,survalorisation,0,0,vert,-2.3085496694252465,0.10901179434329554
1921-10-01,-2.270053910323472,-2.270053910323472,survalorisation,0,0,vert,-2.270053910323472,0.10901179434329554
1921-11-01,-2.1726475935087866,-2.1726475935087866,survalorisation,0,0,vert,-2.1726475935087866,0.10901179434329554
1921-12-01,-2.0962354056869086,-2.0962354056869086,survalorisation,0,0,vert,-2.0962354056869086,0.10901179434329554
1922-01-01,-2.0449182329106557,-2.0449182329106557,survalorisation,0,0,vert,-2.0449182329106557,0.10901179434329554
1922-02-01,-1.9941439528600051,-1.9941439528600053,survalorisation,0,0,vert,-1.9941439528600051,0.10901179434329554
1922-03-01,-1.9014635769927235,-1.9014635769927237,survalorisation,0,0,vert,-1.9014635769927235,0.10901179434329554
1922-04-01,-1.789022751535922,-1.789022751535922,survalorisation,0,0,vert,-1.789022751535922,0.10901179434329554
1922-05-01,-1.70813722648416,-1.70813722648416,survalorisation,0,0,vert,-1.70813722648416,0.10901179434329554
1922-06-01,-1.7095527342932186,-1.7095527342932184,survalorisation,0,0,vert,-1.7095527342932186,0.10901179434329554
1922-07-01,-1.6927832969383556,-1.6927832969383556,survalorisation,0,0,vert,-1.6927832969383556,0.10901179434329554
1922-08-01,-1.5909661452915136,-1.5909661452915136,survalorisation,0,0,vert,-1.5909661452915136,0.10901179434329554
1922-09-01,-1.5295407576857396,-1.5295407576857396,survalorisation,0,0,vert,-1.5295407576857396,0.10901179434329554
1922-10-01,-1.4864321337233495,-1.4864321337233495,survalorisation,0,0,vert,-1.4864321337233495,0.10901179434329554
1922-11-01,-1.5803321999414053,-1.5803321999414053,survalorisation,0,0,vert,-1.5803321999414053,0.10901179434329554
1922-12-01,-1.5824791273478607,-1.5824791273478607,survalorisation,0,0,vert,-1.5824791273478607,0.10901179434329554
1923-01-01,-1.5340579511879044,-1.5340579511879044,survalorisation,0,0,vert,-1.5340579511879044,0.10901179434329554
1923-02-01,-1.4431321115729712,-1.4431321115729712,survalorisation,0,0,vert,-1.4431321115729712,0.10901179434329554
1923-03-01,-1.400872300530776,-1.400872300530776,survalorisation,0,0,vert,-1.400872300530776,0.10901179434329554
1923-04-01,-1.4709328079708222,-1.4709328079708222,survalorisation,0,0,vert,-1.4709328079708222,0.10901179434329554
1923-05-01,-1.550392074020553,-1.550392074020553,survalorisation,0,0,vert,-1.550392074020553,0.10901179434329554
1923-06-01,-1.6192511090508428,-1.6192511090508428,survalorisation,0,0,vert,-1.6192511090508428,0.10901179434329554
1923-07-01,-1.6867458802567419,-1.6867458802567419,survalorisation,0,0,vert,-1.6867458802567419,0.10901179434329554
1923-08-01,-1.6589456793739221,-1.6589456793739221,survalorisation,0,0,vert,-1.6589456793739221,0.10901179434329554
1923-09-01,-1.6492223304328946,-1.6492223304328946,survalorisation,0,0,vert,-1.6492223304328946,0.10901179434329554
1923-10-01,-1.6747388070443863,-1.6747388070443863,survalorisation,0,0,vert,-1.6747388070443863,0.10901179434329554
1923-11-01,-1.6174790379685415,-1.6174790379685415,survalorisation,0,0,vert,-1.6174790379685415,0.10901179434329554
1923-12-01,-1.553097734194406,-1.553097734194406,survalorisation,0,0,vert,-1.553097734194406,0.10901179434329554
1924-01-01,-1.4895034553401527,-1.4895034553401527,survalorisation,0,0,vert,-1.4895034553401527,0.10901179434329554
1924-02-01,-1.4648920672904389,-1.4648920672904389,survalorisation,0,0,vert,-1.4648920672904389,0.10901179434329554
1924-03-01,-1.4835837520338846,-1.4835837520338846,survalorisation,0,0,vert,-1.4835837520338846,0.10901179434329554
1924-04-01,-1.5088839219938621,-1.5088839219938621,survalorisation,0,0,vert,-1.5088839219938621,0.10901179434329554
1924-05-01,-1.5094537491181117,-1.5094537491181117,survalorisation,0,0,vert,-1.5094537491181117,0.10901179434329554
1924-06-01,-1.4710556028970858,-1.4710556028970858,survalorisation,0,0,vert,-1.4710556028970858,0.10901179434329554
1924-07-01,-1.3944333309277084,-1.3944333309277084,survalorisation,0,0,vert,-1.3944333309277084,0.10901179434329554
1924-08-01,-1.3153351507912259,-1.3153351507912259,survalorisation,0,0,vert,-1.3153351507912259,0.10901179434329554
1924-09-01,-1.3419505519248813,-1.3419505519248813,survalorisation,0,0,vert,-1.3419505519248813,0.10901179434329554
1924-10-01,-1.3742255029125068,-1.3742255029125068,survalorisation,0,0,vert,-1.3742255029125068,0.10901179434329554
1924-11-01,-1.2669084112964673,-1.2669084112964673,survalorisation,0,0,vert,-1.2669084112964673,0.10901179434329554
1924-12-01,-1.1704907116234549,-1.1704907116234549,survalorisation,0,0,vert,-1.1704907116234549,0.10901179434329554
1925-01-01,-1.083462901871335,-1.083462901871335,survalorisation,0,0,vert,-1.083462901871335,0.10901179434329554
1925-02-01,-1.050700632168879,-1.050700632168879,survalorisation,0,0,vert,-1.050700632168879,0.10901179434329554
1925-03-01,-1.1176263683502305,-1.1176263683502305,survalorisation,0,0,vert,-1.1176263683502305,0.10901179434329554
1925-04-01,-1.1245369869643216,-1.1245369869643216,survalorisation,0,0,vert,-1.1245369869643216,0.10901179434329554
1925-05-01,-1.0663961208004098,-1.0663961208004098,survalorisation,0,0,vert,-1.0663961208004098,0.10901179434329554
1925-06-01,-1.0493813870833455,-1.0493813870833455,survalorisation,0,0,vert,-1.0493813870833455,0.10901179434329554
1925-07-01,-1.0102979042216271,-1.0102979042216271,survalorisation,0,0,vert,-1.0102979042216271,0.10901179434329554
1925-08-01,-0.9759331229421503,-0.9759331229421503,survalorisation,0,0,vert,-0.9759331229421503,0.10901179434329554
1925-09-01,-0.9192773112048188,-0.9192773112048188,survalorisation,0,0,vert,-0.9192773112048188,0.10901179434329554
1925-10-01,-0.8382650714178106,-0.8382650714178106,survalorisation,0,0,vert,-0.8382650714178106,0.10901179434329554
1925-11-01,-0.7998123439181578,-0.7998123439181578,survalorisation,0,0,vert,-0.7998123439181578,0.10901179434329554
1925-12-01,-0.7408112411369501,-0.7408112411369501,survalorisation,0,0,vert,-0.7408112411369501,0.10901179434329554
1926-01-01,-0.6968672454205508,-0.6968672454205508,survalorisation,0,0,vert,-0.6968672454205508,0.10901179434329554
1926-02-01,-0.6851702117690901,-0.6851702117690901,survalorisation,0,0,vert,-0.6851702117690901,0.10901179434329554
1926-03-01,-0.834344777619375,-0.834344777619375,survalorisation,0,0,vert,-0.834344777619375,0.10901179434329554
1926-04-01,-0.9032535925820426,-0.9032535925820426,survalorisation,0,0,vert,-0.9032535925820426,0.10901179434329554
1926-05-01,-0.8619452893291002,-0.8619452893291002,survalorisation,0,0,vert,-0.8619452893291002,0.10901179434329554
1926-06-01,-0.7224217022925482,-0.7224217022925482,survalorisation,0,0,vert,-0.7224217022925482,0.10901179434329554
1926-07-01,-0.5722721333735057,-0.5722721333735057,survalorisation,0,0,vert,-0.5722721333735057,0.10901179434329554
1926-08-01,-0.43396539779641174,-0.43396539779641174,survalorisation,0,0,vert,-0.43396539779641174,0.10901179434329554
1926-09-01,-0.3881505040682838,-0.3881505040682838,survalorisation,0,0,vert,-0.3881505040682838,0.10901179434329554
1926-10-01,-0.4469951228594693,-0.4469951228594693,survalorisation,0,0,vert,-0.4469951228594693,0.10901179434329554
1926-11-01,-0.4044548290470611,-0.4044548290470611,survalorisation,0,0,vert,-0.4044548290470611,0.10901179434329554
1926-12-01,-0.31620193030016597,-0.31620193030016597,survalorisation,0,0,vert,-0.31620193030016597,0.10901179434329554
1927-01-01,-0.27640293587151993,-0.27640293587151993,survalorisation,0,0,vert,-0.27640293587151993,0.10901179434329554
1927-02-01,-0.176024949219911,-0.176024949219911,survalorisation,0,0,vert,-0.176024949219911,0.10901179434329554
1927-03-01,-0.08655665201413495,-0.08655665201413495,survalorisation,0,0,vert,-0.08655665201413495,0.10901179434329554
1927-04-01,0.01537429593399276,0.015374295933992761,survalorisation,0,0,vert,0.01537429593399276,0.10901179434329554
1927-05-01,0.13055993603655547,0.13055993603655547,survalorisation,0,0,vert,0.13055993603655547,0.10901179434329554
1927-06-01,0.1569006305507361,0.1569006305507361,survalorisation,0,0,vert,0.1569006305507361,0.10901179434329554
1927-07-01,0.3139659724716353,0.3139659724716353,survalorisation,0,0,vert,0.3139659724716353,0.10901179434329554
1927-08-01,0.5476378491123872,0.5476378491123872,survalorisation,1,0,orange,0.5476378491123872,0.10901179434329554
1927-09-01,0.7616246157611085,0.7616246157611085,survalorisation,1,0,orange,0.7616246157611085,0.10901179434329554
1927-10-01,0.6973454963655178,0.6973454963655178,survalorisation,1,0,orange,0.6973454963655178,0.10901179434329554
1927-11-01,0.8298692533496195,0.8298692533496195,survalorisation,1,0,orange,0.8298692533496195,0.10901179434329554
1927-12-01,0.944353574382709,0.944353574382709,survalorisation,1,0,orange,0.944353574382709,0.10901179434329554
1928-01-01,0.9785843360515972,0.9785843360515972,survalorisation,1,0,orange,0.9785843360515972,0.10901179434329554
1928-02-01,0.9909741122271691,0.9909741122271691,survalorisation,1,0,orange,0.9909741122271691,0.10901179434329554
1928-03-01,1.2303090549033509,1.2303090549033509,survalorisation,1,0,orange,1.2303090549033509,0.10901179434329554
1928-04-01,1.5218297137908952,1.5218297137908952,survalorisation,0,1,rouge,1.5218297137908952,0.10901179434329554
1928-05-01,1.6457185790770938,1.6457185790770938,survalorisation,0,1,rouge,1.6457185790770938,0.10901179434329554
1928-06-01,1.4353991414480636,1.4353991414480636,survalorisation,1,0,orange,1.4353991414480636,0.10901179434329554
1928-07-01,1.4691172791126699,1.4691172791126699,survalorisation,1,0,orange,1.4691172791126699,0.10901179434329554
1928-08-01,1.616442217714804,1.616442217714804,survalorisation,0,1,rouge,1.616442217714804,0.10901179434329554
1928-09-01,1.8869687490803306,1.8869687490803306,survalorisation,0,1,rouge,1.8869687490803306,0.10901179434329554
1928-10-01,2.006229740155127,2.006229740155127,survalorisation,0,1,rouge,2.006229740155127,0.10901179434329554
1928-11-01,2.3367651978535373,2.3367651978535373,survalorisation,0,1,rouge,2.3367651978535373,0.10901179434329554
1928-12-01,2.0042275245734325,2.3629719412114323,survalorisation,1,1,rouge,2.0042275245734325,0.1635176915149433
1929-01-01,2.235778780694912,2.7362504529932137,survalorisation,1,1,rouge,2.235778780694912,0.1635176915149433
1929-02-01,2.231516589478395,2.726755878254795,survalorisation,1,1,rouge,2.231516589478395,0.1635176915149433
1929-03-01,2.2349821432226733,2.8234562477202543,survalorisation,1,1,rouge,2.2349821432226733,0.1635176915149433
1929-04-01,2.189693248259095,2.7789938839301764,survalorisation,1,1,rouge,2.189693248259095,0.1635176915149433
1929-05-01,2.1978503735500703,2.785813490596,survalorisation,1,1,rouge,2.1978503735500703,0.1635176915149433
1929-06-01,2.1700697827200353,2.814791089412427,survalorisation,1,1,rouge,2.1700697827200353,0.1635176915149433
1929-07-01,2.4247166994549607,3.209357867106413,survalorisation,1,1,rouge,2.4247166994549607,0.1635176915149433
1929-08-01,2.569547359409859,3.496378579502922,survalorisation,1,1,rouge,2.569547359409859,0.1635176915149433
1929-09-01,2.6436810128466504,3.676852727326764,survalorisation,1,1,rouge,2.6436810128466504,0.1635176915149433
1929-10-01,2.116168576734588,2.9063297552043834,survalorisation,1,1,rouge,2.116168576734588,0.1635176915149433
1929-11-01,1.0887819290960523,1.2989638253403186,survalorisation,2,0,orange,1.0887819290960523,0.1635176915149433
1929-12-01,1.1932471065285852,1.4671569864096132,survalorisation,2,0,orange,1.1932471065285852,0.1635176915149433
1930-01-01,1.2437274845878838,1.5252066679252754,survalorisation,1,1,rouge,1.2437274845878838,0.1635176915149433
1930-02-01,1.4667734566797226,1.80342511386704,survalorisation,1,1,rouge,1.4667734566797226,0.1635176915149433
1930-03-01,1.6393667689900528,1.9774958493387662,survalorisation,1,1,rouge,1.6393667689900528,0.1635176915149433
1930-04-01,1.8073865775114766,2.223251062760742,survalorisation,1,1,rouge,1.8073865775114766,0.1635176915149433
1930-05-01,1.5788093380736334,1.9032098017134047,survalorisation,1,1,rouge,1.5788093380736334,0.1635176915149433
1930-06-01,1.1849523379333735,1.4029270390578872,survalorisation,2,0,orange,1.1849523379333735,0.1635176915149433
1930-07-01,1.1123867101901457,1.3351587231041557,survalorisation,2,0,orange,1.1123867101901457,0.1635176915149433
1930-08-01,1.069227981746508,1.2819090457634217,survalorisation,2,0,orange,1.069227981746508,0.1635176915149433
1930-09-01,1.0551495401945796,1.2330225255569198,survalorisation,2,0,orange,1.0551495401945796,0.1635176915149433
1930-10-01,0.47675121326709763,0.6525526835252348,survalorisation,1,0,orange,0.47675121326709763,0.1635176915149433
1930-11-01,0.13240883289550068,0.3933811662511193,survalorisation,0,0,vert,0.13240883289550068,0.1635176915149433
1930-12-01,-0.2562679616646293,0.21351718967634012,survalorisation,0,0,vert,-0.2562679616646293,0.1635176915149433
1931-01-01,-0.03427958034308385,0.345407941467543,survalorisation,0,0,vert,-0.03427958034308385,0.1635176915149433
1931-02-01,0.19043208596108355,0.6408152704457574,survalorisation,1,0,orange,0.19043208596108355,0.1635176915149433
1931-03-01,0.18193811228881568,0.7249754135872167,survalorisation,1,0,orange,0.18193811228881568,0.1635176915149433
1931-04-01,-0.22464085377542328,0.3770511871562537,survalorisation,0,0,vert,-0.22464085377542328,0.1635176915149433
1931-05-01,-0.7126833319776464,0.07734759125572606,survalorisation,0,0,vert,-0.7126833319776464,0.1635176915149433
1931-06-01,-0.8777166341696697,0.008206819757120792,survalorisation,0,0,vert,-0.8777166341696697,0.1635176915149433
1931-07-01,-0.6243724516748886,0.10082455121337824,survalorisation,0,0,vert,-0.6243724516748886,0.1635176915149433
1931-08-01,-0.8904114005904,-0.0034277725877276954,survalorisation,0,0,vert,-0.8904114005904,0.1635176915149433
1931-09-01,-1.4189859419792499,-0.4503201764482861,survalorisation,0,0,vert,-1.4189859419792499,0.1635176915149433
1931-10-01,-1.8788051795847454,-0.7912090706897621,survalorisation,0,0,vert,-1.8788051795847454,0.1635176915149433
1931-11-01,-1.7412776794370668,-0.7351065281115355,survalorisation,0,0,vert,-1.7412776794370668,0.1635176915149433
1931-12-01,-2.4623294504914517,-1.1646321846568977,survalorisation,0,0,vert,-2.4623294504914517,0.1635176915149433
1932-01-01,-1.8392839959456027,-1.1610972630401573,survalorisation,0,0,vert,-1.8392839959456027,0.1635176915149433
1932-02-01,-1.6702365109241568,-1.1538828691206167,survalorisation,0,0,vert,-1.6702365109241568,0.1635176915149433
1932-03-01,-1.7269935303913095,-1.1361911380702707,survalorisation,0,0,vert,-1.7269935303913095,0.1635176915149433
1932-04-01,-2.5731938373878296,-1.5856965467607875,survalorisation,0,0,vert,-2.5731938373878296,0.1635176915149433
1932-05-01,-2.70742812025433,-1.743594521296645,survalorisation,0,0,vert,-2.70742812025433,0.1635176915149433
1932-06-01,-2.700014001214611,-1.9047610792803051,survalorisation,0,0,vert,-2.700014001214611,0.1635176915149433
1932-07-01,-2.560133504630097,-1.8425019723740743,survalorisation,0,0,vert,-2.560133504630097,0.1635176915149433
1932-08-01,-1.3475365833771353,-1.231749792166612,survalorisation,0,0,vert,-1.3475365833771353,0.1635176915149433
1932-09-01,-1.0749127433151462,-1.0419679371686856,survalorisation,0,0,vert,-1.0749127433151462,0.1635176915149433
1932-10-01,-1.356424212507259,-1.2994148302598258,survalorisation,0,0,vert,-1.356424212507259,0.1635176915149433
1932-11-01,-1.4838619491431306,-1.2997018588825502,survalorisation,0,0,vert,-1.4838619491431306,0.1635176915149433
1932-12-01,-1.5767458828245013,-1.3385003386951555,survalorisation,0,0,vert,-1.5767458828245013,0.1635176915149433
1933-01-01,-1.4130072860386846,-1.2405668326867112,survalorisation,0,0,vert,-1.4130072860386846,0.1635176915149433
1933-02-01,-1.6331372263418051,-1.4197707822381134,survalorisation,0,0,vert,-1.6331372263418051,0.1635176915149433
1933-03-01,-1.7259813204505916,-1.406577608419706,survalorisation,0,0,vert,-1.7259813204505916,0.1635176915149433
1933-04-01,-1.6306525138511896,-1.232581938903633,survalorisation,0,0,vert,-1.6306525138511896,0.1635176915149433
1933-05-01,-0.8743612220884616,-0.7211596299459874,survalorisation,0,0,vert,-0.8743612220884616,0.1635176915149433
1933-06-01,-0.4564730665485048,-0.3470282884728304,survalorisation,0,0,vert,-0.4564730665485048,0.1635176915149433
1933-07-01,-0.25017460889783233,-0.21426232581780139,survalorisation,0,0,vert,-0.25017460889783233,0.1635176915149433
1933-08-01,-0.4218268262397877,-0.36673475165230146,survalorisation,0,0,vert,-0.4218268262397877,0.1635176915149433
1933-09-01,-0.5784856758038792,-0.3819083347074963,survalorisation,0,0,vert,-0.5784856758038792,0.1635176915149433
1933-10-01,-0.8219230509161259,-0.6298861527507247,survalorisation,0,0,vert,-0.8219230509161259,0.1635176915149433
1933-11-01,-0.8720174602499079,-0.5653065206662445,survalorisation,0,0,vert,-0.8720174602499079,0.1635176915149433
1933-12-01,-0.768198160189809,-0.5100033955024078,survalorisation,0,0,vert,-0.768198160189809,0.1635176915149433
1934-01-01,-0.46880822787256665,-0.35875788592236973,survalorisation,0,0,vert,-0.46880822787256665,0.1635176915149433
1934-02-01,-0.14856231591506033,-0.09492018124496969,prime_risque,0,0,vert,-0.14856231591506033,0.1635176915149433
1934-03-01,-0.2595694628938855,-0.1550317597591214,prime_risque,0,0,vert,-0.2595694628938855,0.1635176915149433
1934-04-01,-0.15958626283572938,0.03710899615291459,prime_risque,0,0,vert,-0.15958626283572938,0.1635176915149433
1934-05-01,-0.3744725607370549,-0.06417406837275473,prime_risque,0,0,vert,-0.3744725607370549,0.1635176915149433
1934-06-01,-0.390100858833807,-0.15530635828415118,prime_risque,0,0,vert,-0.390100858833807,0.1635176915149433
1934-07-01,-0.5010381282066912,-0.26674494506767366,prime_risque,0,0,vert,-0.5010381282066912,0.1635176915149433
1934-08-01,-0.6668497661264134,-0.5918381912988255,prime_risque,0,0,vert,-0.6668497661264134,0.1635176915149433
1934-09-01,-0.7375661059457554,-0.6406573948053561,prime_risque,0,0,vert,-0.7375661059457554,0.1635176915149433
1934-10-01,-0.6717631184517393,-0.5260304257597056,prime_risque,0,0,vert,-0.6717631184517393,0.1635176915149433
1934-11-01,-0.6277410769546785,-0.5345069198914484,prime_risque,0,0,vert,-0.6277410769546785,0.1635176915149433
1934-12-01,-0.5699845044061431,-0.4404477420205558,prime_risque,0,0,vert,-0.5699845044061431,0.1635176915149433
1935-01-01,-0.5165882683628116,-0.22311139699024288,prime_risque,0,0,vert,-0.5165882683628116,0.1635176915149433
1935-02-01,-0.5886041448305398,-0.27408271116974925,prime_risque,0,0,vert,-0.5886041448305398,0.1635176915149433
1935-03-01,-0.774528043249943,-0.5522472514452124,prime_risque,0,0,vert,-0.774528043249943,0.1635176915149433
1935-04-01,-0.656382151222848,-0.4883642419055545,prime_risque,0,0,vert,-0.656382151222848,0.1635176915149433
1935-05-01,-0.4730418169026572,-0.30015498851726663,prime_risque,0,0,vert,-0.4730418169026572,0.1635176915149433
1935-06-01,-0.3518088805663706,-0.164085455668257,prime_risque,0,0,vert,-0.3518088805663706,0.1635176915149433
1935-07-01,-0.2436162314127961,-0.1115018802838744,prime_risque,0,0,vert,-0.2436162314127961,0.1635176915149433
1935-08-01,-0.07473769558287861,0.02475732891022988,prime_risque,0,0,vert,-0.07473769558287861,0.1635176915149433
1935-09-01,-0.01782414732346728,0.06664168688341891,prime_risque,0,0,vert,-0.01782414732346728,0.1635176915149433
1935-10-01,0.009826848408518407,0.023553352724444063,survalorisation,0,0,vert,0.009826848408518407,0.1635176915149433
1935-11-01,0.20928680269713393,0.29110384700438485,survalorisation,0,0,vert,0.20928680269713393,0.1635176915149433
1935-12-01,0.24835767234462214,0.29694233525227837,survalorisation,0,0,vert,0.24835767234462214,0.1635176915149433
1936-01-01,0.4563901564474042,0.48745132167950816,survalorisation,0,0,vert,0.4563901564474042,0.1635176915149433
1936-02-01,0.6480802524362702,0.6960696964349044,survalorisation,2,0,orange,0.6480802524362702,0.1635176915149433
1936-03-01,0.6913200909137247,0.8095503230823028,survalorisation,1,0,orange,0.6913200909137247,0.1635176915149433
1936-04-01,0.6804979045986673,0.8205699909301915,survalorisation,1,0,orange,0.6804979045986673,0.1635176915149433
1936-05-01,0.528845035599935,0.6203026489166379,survalorisation,1,0,orange,0.528845035599935,0.1635176915149433
1936-06-01,0.6198516422278412,0.7519286629738301,survalorisation,1,0,orange,0.6198516422278412,0.1635176915149433
1936-07-01,0.7694785734998308,0.9500723643764881,survalorisation,1,0,orange,0.7694785734998308,0.1635176915149433
1936-08-01,0.8328023558817296,1.0027178073045298,survalorisation,1,0,orange,0.8328023558817296,0.1635176915149433
1936-09-01,0.8962875619952808,1.0503430422196087,survalorisation,2,0,orange,0.8962875619952808,0.1635176915149433
1936-10-01,1.0671821404993918,1.2646211040509956,survalorisation,2,0,orange,1.0671821404993918,0.1635176915149433
1936-11-01,1.14144933488558,1.3825331561815457,survalorisation,2,0,orange,1.14144933488558,0.1635176915149433
1936-12-01,1.0660503150147513,1.3028538596549775,survalorisation,2,0,orange,1.0660503150147513,0.1635176915149433
1937-01-01,1.145435879471582,1.4012654734808492,survalorisation,2,0,orange,1.145435879471582,0.1635176915149433
1937-02-01,1.2568231783938355,1.5261530845970306,survalorisation,1,1,rouge,1.2568231783938355,0.1635176915149433
1937-03-01,1.20794923534848,1.4811157282888758,survalorisation,2,0,orange,1.20794923534848,0.1635176915149433
1937-04-01,0.9808189011269957,1.1739998930168298,survalorisation,2,0,orange,0.9808189011269957,0.1635176915149433
1937-05-01,0.7986231217435914,0.9504714901511624,survalorisation,1,0,orange,0.7986231217435914,0.1635176915149433
1937-06-01,0.6423721541060162,0.792982080082934,survalorisation,1,0,orange,0.6423721541060162,0.1635176915149433
1937-07-01,0.7655059288456544,0.983564357091045,survalorisation,1,0,orange,0.7655059288456544,0.1635176915149433
1937-08-01,0.778872356223023,1.0149550047880322,survalorisation,1,0,orange,0.778872356223023,0.1635176915149433
1937-09-01,0.30022620682889084,0.40697142186311935,survalorisation,0,0,vert,0.30022620682889084,0.1635176915149433
1937-10-01,-0.17585701556556646,-0.10379775412776776,survalorisation,0,0,vert,-0.17585701556556646,0.1635176915149433
1937-11-01,-0.46129866461790603,-0.3509812455863955,survalorisation,0,0,vert,-0.46129866461790603,0.1635176915149433
1937-12-01,-0.4588949775541769,-0.3814497789954634,survalorisation,0,0,vert,-0.4588949775541769,0.1635176915149433
1938-01-01,-0.46244110260909604,-0.2776775692384322,survalorisation,0,0,vert,-0.46244110260909604,0.1635176915149433
1938-02-01,-0.5136839001831396,-0.3285846939006509,survalorisation,0,0,vert,-0.5136839001831396,0.1635176915149433
1938-03-01,-0.7473527348946187,-0.5107254163435104,survalorisation,0,0,vert,-0.7473527348946187,0.1635176915149433
1938-04-01,-0.858348915293771,-0.6313196386531312,survalorisation,0,0,vert,-0.858348915293771,0.1635176915149433
1938-05-01,-0.7072737426516986,-0.5889032558659796,survalorisation,0,0,vert,-0.7072737426516986,0.1635176915149433
1938-06-01,-0.7195990174151226,-0.527161905187141,survalorisation,0,0,vert,-0.7195990174151226,0.1635176915149433
1938-07-01,-0.1639760683685154,-0.014595691380536244,survalorisation,0,0,vert,-0.1639760683685154,0.1635176915149433
1938-08-01,-0.10846459165585909,0.012941511419319377,survalorisation,0,0,vert,-0.10846459165585909,0.1635176915149433
1938-09-01,-0.24167845187435064,-0.11548861142463139,survalorisation,0,0,vert,-0.24167845187435064,0.1635176915149433
1938-10-01,0.08896316905100238,0.2525497316782751,survalorisation,0,0,vert,0.08896316905100238,0.1635176915149433
1938-11-01,0.1308026084988937,0.27065777706282723,survalorisation,0,0,vert,0.1308026084988937,0.1635176915149433
1938-12-01,0.05425189094449591,0.18903493073742852,survalorisation,0,0,vert,0.05425189094449591,0.1635176915149433
1939-01-01,0.06235501673575329,0.15638435448822433,survalorisation,0,0,vert,0.06235501673575329,0.1635176915149433
1939-02-01,0.09369804021829838,0.16976477483770616,survalorisation,0,0,vert,0.09369804021829838,0.1635176915149433
1939-03-01,0.15853970646245785,0.18303313835963464,survalorisation,0,0,vert,0.15853970646245785,0.1635176915149433
1939-04-01,-0.17854817753414148,-0.14859580514265527,prime_risque,0,0,vert,-0.17854817753414148,0.1635176915149433
1939-05-01,-0.08592174634757696,-0.07159314421233372,survalorisation,0,0,vert,-0.08592174634757696,0.1635176915149433
1939-06-01,0.0013631304601305371,0.009513576956072028,prime_risque,0,0,vert,0.0013631304601305371,0.1635176915149433
1939-07-01,0.07706230720753714,0.0882800915393251,survalorisation,0,0,vert,0.07706230720753714,0.1635176915149433
1939-08-01,0.06733820719537008,0.0884341334853822,prime_risque,0,0,vert,0.06733820719537008,0.1635176915149433
1939-09-01,0.3166290357863772,0.3345403455161236,survalorisation,0,0,vert,0.3166290357863772,0.1635176915149433
1939-10-01,0.3750241261229641,0.41109070154184957,survalorisation,0,0,vert,0.3750241261229641,0.1635176915149433
1939-11-01,0.2982354742875516,0.3644397012755487,survalorisation,0,0,vert,0.2982354742875516,0.1635176915149433
1939-12-01,0.20418260733179494,0.29758136123302137,survalorisation,0,0,vert,0.20418260733179494,0.1635176915149433
1940-01-01,0.21767851475166514,0.3178423552200402,survalorisation,0,0,vert,0.21767851475166514,0.1635176915149433
1940-02-01,0.19868675919442425,0.28365226131394744,survalorisation,0,0,vert,0.19868675919442425,0.1635176915149433
1940-03-01,0.19631798378571916,0.27439638798799565,survalorisation,0,0,vert,0.19631798378571916,0.1635176915149433
1940-04-01,0.23911032334464544,0.31565573673324626,survalorisation,0,0,vert,0.23911032334464544,0.1635176915149433
1940-05-01,-0.10739698803292357,-0.017709904464853442,prime_risque,0,0,vert,-0.10739698803292357,0.1635176915149433
1940-06-01,-0.34207907621065137,-0.17907844816864796,prime_risque,0,0,vert,-0.34207907621065137,0.1635176915149433
1940-07-01,-0.17961415563983743,0.08694785267327572,prime_risque,0,0,vert,-0.17961415563983743,0.1635176915149433
1940-08-01,-0.13654429938426005,0.09835308375998969,prime_risque,0,0,vert,-0.13654429938426005,0.1635176915149433
1940-09-01,-0.030254679745850124,0.17932658648539587,prime_risque,0,0,vert,-0.030254679745850124,0.1635176915149433
1940-10-01,0.01268880790556656,0.26027603579239433,prime_risque,0,0,vert,0.01268880790556656,0.1635176915149433
1940-11-01,0.071320541323106,0.3062823333335209,prime_risque,0,0,vert,0.071320541323106,0.1635176915149433
1940-12-01,-0.034940516538505766,0.2939964551314478,prime_risque,0,0,vert,-0.034940516538505766,0.1635176915149433
1941-01-01,0.007148310407746306,0.4217733118157333,prime_risque,0,0,vert,0.007148310407746306,0.1635176915149433
1941-02-01,-0.12356674484898697,0.4091553247927813,prime_risque,0,0,vert,-0.12356674484898697,0.1635176915149433
1941-03-01,-0.10688823034879638,0.4784813228179323,prime_risque,0,0,vert,-0.10688823034879638,0.1635176915149433
1941-04-01,-0.15371565003762452,0.5593944976069433,prime_risque,1,0,orange,-0.15371565003762452,0.1635176915149433
1941-05-01,-0.209034998160176,0.5580319555828857,prime_risque,1,0,orange,-0.209034998160176,0.1635176915149433
1941-06-01,-0.20297856863316904,0.5214458344322155,prime_risque,1,0,orange,-0.20297856863316904,0.1635176915149433
1941-07-01,-0.12128212859758791,0.5202245520401194,prime_risque,1,0,orange,-0.12128212859758791,0.1635176915149433
1941-08-01,-0.15722442162016298,0.5307894427514271,prime_risque,1,0,orange,-0.15722442162016298,0.1635176915149433
1941-09-01,-0.1910710854791406,0.5059580291471766,prime_risque,1,0,orange,-0.1910710854791406,0.1635176915149433
1941-10-01,-0.29009868628216606,0.5048006674967234,prime_risque,1,0,orange,-0.29009868628216606,0.1635176915149433
1941-11-01,-0.3878759626382753,0.49182341590107925,prime_risque,0,0,vert,-0.3878759626382753,0.1635176915149433
1941-12-01,-0.5117874938454331,0.4670280461399128,prime_risque,0,0,vert,-0.5117874938454331,0.1635176915149433
1942-01-01,-0.4616572512623011,0.6083062715880838,prime_risque,1,0,orange,-0.4616572512623011,0.1635176915149433
1942-02-01,-0.512708254969809,0.6305425838183258,prime_risque,1,0,orange,-0.512708254969809,0.1635176915149433
1942-03-01,-0.607445421723561,0.62896603137531,prime_risque,1,0,orange,-0.607445421723561,0.1635176915149433
1942-04-01,-0.6671958568246972,0.6392925428146682,prime_risque,1,0,orange,-0.6671958568246972,0.1635176915149433
1942-05-01,-0.6674846356270481,0.6495960544329648,prime_risque,1,0,orange,-0.6674846356270481,0.1635176915149433
1942-06-01,-0.6341100222300052,0.5764519598894832,prime_risque,1,0,orange,-0.6341100222300052,0.1635176915149433
1942-07-01,-0.5947409081125254,0.5870323822939506,prime_risque,1,0,orange,-0.5947409081125254,0.1635176915149433
1942-08-01,-0.6132570318102363,0.5856451577790993,prime_risque,1,0,orange,-0.6132570318102363,0.1635176915149433
1942-09-01,-0.5992539934532815,0.5962300294239726,prime_risque,1,0,orange,-0.5992539934532815,0.1635176915149433
1942-10-01,-0.5172264256526676,0.6187691244581653,prime_risque,1,0,orange,-0.5172264256526676,0.1635176915149433
1942-11-01,-0.5159254379820776,0.5933048612667765,prime_risque,1,0,orange,-0.5159254379820776,0.1635176915149433
1942-12-01,-0.5255151059502241,0.579911396241101,prime_risque,1,0,orange,-0.5255151059502241,0.1635176915149433
1943-01-01,-0.4100129857483899,0.698704389647271,prime_risque,1,0,orange,-0.4100129857483899,0.1635176915149433
1943-02-01,-0.30727399883695183,0.7690099191580044,prime_risque,1,0,orange,-0.30727399883695183,0.1635176915149433
1943-03-01,-0.2633908242602711,0.8390175648183897,prime_risque,1,0,orange,-0.2633908242602711,0.1635176915149433
1943-04-01,-0.21703762374352886,0.8966610806430638,prime_risque,1,0,orange,-0.21703762374352886,0.1635176915149433
1943-05-01,-0.15994673584296262,0.9299554283772238,prime_risque,1,0,orange,-0.15994673584296262,0.1635176915149433
1943-06-01,-0.13470201748886226,0.9390282050121777,prime_risque,1,0,orange,-0.13470201748886226,0.1635176915149433
1943-07-01,-0.08298469838570338,0.9841052936707003,prime_risque,1,0,orange,-0.08298469838570338,0.1635176915149433
1943-08-01,-0.16310434654160455,0.9808384824849936,prime_risque,1,0,orange,-0.16310434654160455,0.1635176915149433
1943-09-01,-0.15397703786941636,0.9535680624129951,prime_risque,1,0,orange,-0.15397703786941636,0.1635176915149433
1943-10-01,-0.16750456935195226,0.974558988313662,prime_risque,1,0,orange,-0.16750456935195226,0.1635176915149433
1943-11-01,-0.24647466946325677,0.9713866495776848,prime_risque,1,0,orange,-0.24647466946325677,0.1635176915149433
1943-12-01,-0.2158549908285889,1.0163227024161428,prime_risque,1,0,orange,-0.2158549908285889,0.1635176915149433
1944-01-01,-0.15593279760971565,1.060950241405624,prime_risque,1,0,orange,-0.15593279760971565,0.1635176915149433
1944-02-01,-0.1473754462545269,1.1292464517733358,prime_risque,1,0,orange,-0.1473754462545269,0.1635176915149433
1944-03-01,-0.10117811973853459,1.149000461119349,prime_risque,1,0,orange,-0.10117811973853459,0.1635176915149433
1944-04-01,-0.13458963397736706,1.1685922689082302,prime_risque,1,0,orange,-0.13458963397736706,0.1635176915149433
1944-05-01,-0.0962166565806705,1.2119596832656234,prime_risque,1,0,orange,-0.0962166565806705,0.1635176915149433
1944-06-01,-0.02078424458655965,1.2549104413866392,prime_risque,1,0,orange,-0.02078424458655965,0.1635176915149433
1944-07-01,0.010970861987545644,1.2616027714439015,prime_risque,1,0,orange,0.010970861987545644,0.1635176915149433
1944-08-01,-0.014310575936619633,1.2682376098442174,prime_risque,1,0,orange,-0.014310575936619633,0.1635176915149433
1944-09-01,-0.04582716077473144,1.2628971869585892,prime_risque,1,0,orange,-0.04582716077473144,0.1635176915149433
1944-10-01,-0.0071508726041963335,1.269531013580526,prime_risque,1,0,orange,-0.0071508726041963335,0.1635176915149433
1944-11-01,-0.015408117111414694,1.288000511119082,prime_risque,1,0,orange,-0.015408117111414694,0.1635176915149433
1944-12-01,0.013789846535119625,1.3062827089419928,prime_risque,1,0,orange,0.013789846535119625,0.1635176915149433
1945-01-01,0.06578763709151011,1.3243745720745832,prime_risque,1,0,orange,0.06578763709151011,0.1635176915149433
1945-02-01,0.12217356418795375,1.330428197751111,prime_risque,1,0,orange,0.12217356418795375,0.1635176915149433
1945-03-01,0.11786937750096801,1.3245932625028465,prime_risque,1,0,orange,0.11786937750096801,0.1635176915149433
1945-04-01,0.1639348068695007,1.3306529148772952,prime_risque,1,0,orange,0.1639348068695007,0.1635176915149433
1945-05-01,0.2393470122010832,1.3838508090041586,prime_risque,1,0,orange,0.2393470122010832,0.1635176915149433
1945-06-01,0.25855818593621277,1.4010802289377686,prime_risque,1,0,orange,0.25855818593621277,0.1635176915149433
1945-07-01,0.2269614424430223,1.4181056478868888,prime_risque,1,0,orange,0.2269614424430223,0.1635176915149433
1945-08-01,0.23571365471314315,1.4231898859864465,prime_risque,1,0,orange,0.23571365471314315,0.1635176915149433
1945-09-01,0.37104822222222783,1.4516490558633321,prime_risque,1,0,orange,0.37104822222222783,0.1635176915149433
1945-10-01,0.4664904468928911,1.4914262247042176,prime_risque,1,0,orange,0.4664904468928911,0.1635176915149433
1945-11-01,0.5509011528754313,1.5423088940116065,prime_risque,0,1,rouge,0.5509011528754313,0.1635176915149433
1945-12-01,0.5883362122245576,1.580808579270214,prime_risque,0,1,rouge,0.5883362122245576,0.1635176915149433
1946-01-01,0.6792369647631152,1.5955244968929712,prime_risque,0,1,rouge,0.6792369647631152,0.1635176915149433
1946-02-01,0.6960351741070024,1.5868801482063593,prime_risque,0,1,rouge,0.6960351741070024,0.1635176915149433
1946-03-01,0.6035227268285199,1.5783749100620792,prime_risque,0,1,rouge,0.6035227268285199,0.1635176915149433
1946-04-01,0.7186956259219758,1.535439358813988,prime_risque,0,1,rouge,0.7186956259219758,0.1635176915149433
1946-05-01,0.7082346564673473,1.5161276394839158,prime_risque,0,1,rouge,0.7082346564673473,0.1635176915149433
1946-06-01,0.6596609859127542,1.4741181578962776,prime_risque,1,0,orange,0.6596609859127542,0.1635176915149433
1946-07-01,0.4721721527175596,1.4556041021280581,prime_risque,1,0,orange,0.4721721527175596,0.1635176915149433
1946-08-01,0.4063666748089767,1.4831373315519063,prime_risque,1,0,orange,0.4063666748089767,0.1635176915149433
1946-09-01,0.09668725106834856,1.4760336725153207,prime_risque,1,0,orange,0.09668725106834856,0.1635176915149433
1946-10-01,0.018237064057737954,1.4347967437775868,prime_risque,1,0,orange,0.018237064057737954,0.1635176915149433
1946-11-01,-0.034710048830328154,1.3940664433389165,prime_risque,1,0,orange,-0.034710048830328154,0.1635176915149433
1946-12-01,0.009026342494184178,1.4107471468065698,prime_risque,1,0,orange,0.009026342494184178,0.1635176915149433
1947-01-01,0.021224935214116874,1.4045052301104963,prime_risque,1,0,orange,0.021224935214116874,0.1635176915149433
1947-02-01,0.08474468906259357,1.3869920816549617,prime_risque,1,0,orange,0.08474468906259357,0.1635176915149433
1947-03-01,-0.023300358041478928,1.3470001754505383,prime_risque,1,0,orange,-0.023300358041478928,0.1635176915149433
1947-04-01,-0.09163625608644578,1.3074366930383199,prime_risque,1,0,orange,-0.09163625608644578,0.1635176915149433
1947-05-01,-0.12060961647346341,1.2909283532507103,prime_risque,1,0,orange,-0.12060961647346341,0.1635176915149433
1947-06-01,-0.07910126024423271,1.2632710566669805,prime_risque,1,0,orange,-0.07910126024423271,0.1635176915149433
1947-07-01,0.01933018253768295,1.292424936177887,prime_risque,1,0,orange,0.01933018253768295,0.1635176915149433
1947-08-01,-0.026080744122149554,1.3100078628158986,prime_risque,1,0,orange,-0.026080744122149554,0.1635176915149433
1947-09-01,-0.10448303633696768,1.2935801931649102,prime_risque,1,0,orange,-0.10448303633696768,0.1635176915149433
1947-10-01,-0.0729673439195387,1.2547683507697813,prime_risque,1,0,orange,-0.0729673439195387,0.1635176915149433
1947-11-01,-0.10418647284626185,1.227583277025065,prime_risque,1,0,orange,-0.10418647284626185,0.1635176915149433
1947-12-01,-0.14377781311904544,1.2344332518980516,prime_risque,1,0,orange,-0.14377781311904544,0.1635176915149433
1948-01-01,-0.18232376659614405,1.2299785424233407,prime_risque,1,0,orange,-0.18232376659614405,0.1635176915149433
1948-02-01,-0.2510134699225264,1.2030751148844128,prime_risque,1,0,orange,-0.2510134699225264,0.1635176915149433
1948-03-01,-0.2322184624026031,1.1763998448065374,prime_risque,1,0,orange,-0.2322184624026031,0.1635176915149433
1948-04-01,-0.14373979289213704,1.1836628244553455,prime_risque,1,0,orange,-0.14373979289213704,0.1635176915149433
1948-05-01,-0.051853694173428846,1.2582436648878512,prime_risque,1,0,orange,-0.051853694173428846,0.1635176915149433
1948-06-01,0.011414365438903886,1.298511988227311,prime_risque,1,0,orange,0.011414365438903886,0.1635176915149433
1948-07-01,-0.0471570443099624,1.3160062060913766,prime_risque,1,0,orange,-0.0471570443099624,0.1635176915149433
1948-08-01,-0.12255775015564176,1.2662128036710159,prime_risque,1,0,orange,-0.12255775015564176,0.1635176915149433
1948-09-01,-0.15184983696771628,1.2504220371606607,prime_risque,1,0,orange,-0.15184983696771628,0.1635176915149433
1948-10-01,-0.1320893400310596,1.1900582874724692,prime_risque,1,0,orange,-0.1320893400310596,0.1635176915149433
1948-11-01,-0.22732940903667695,1.152525879205114,prime_risque,1,0,orange,-0.22732940903667695,0.1635176915149433
1948-12-01,-0.259264075362309,1.092912802513754,prime_risque,1,0,orange,-0.259264075362309,0.1635176915149433
1949-01-01,-0.2505994417497416,1.0784167050728992,prime_risque,1,0,orange,-0.2505994417497416,0.1635176915149433
1949-02-01,-0.30144996667567703,1.0863770881643726,prime_risque,1,0,orange,-0.30144996667567703,0.1635176915149433
1949-03-01,-0.3087510317382341,1.0495912393624267,prime_risque,1,0,orange,-0.3087510317382341,0.1635176915149433
1949-04-01,-0.3184860545770968,1.0689166816168345,prime_risque,1,0,orange,-0.3184860545770968,0.1635176915149433
1949-05-01,-0.3281443992403854,1.0769561402920764,prime_risque,1,0,orange,-0.3281443992403854,0.1635176915149433
1949-06-01,-0.42580600776780353,1.0514418665700578,prime_risque,1,0,orange,-0.42580600776780353,0.1635176915149433
1949-07-01,-0.3594486483060304,1.0149135541653163,prime_risque,1,0,orange,-0.3594486483060304,0.1635176915149433
1949-08-01,-0.32026823216671046,1.0232912269764298,prime_risque,1,0,orange,-0.32026823216671046,0.1635176915149433
1949-09-01,-0.31198064790999663,1.031628470757308,prime_risque,1,0,orange,-0.31198064790999663,0.1635176915149433
1949-10-01,-0.2635067858954706,1.0510939883120933,prime_risque,1,0,orange,-0.2635067858954706,0.1635176915149433
1949-11-01,-0.2571789740035921,1.0481166446517973,prime_risque,1,0,orange,-0.2571789740035921,0.1635176915149433
1949-12-01,-0.20483640435886333,1.067494972651456,prime_risque,1,0,orange,-0.20483640435886333,0.1635176915149433
1950-01-01,-0.15173558073644847,1.1313929936206186,prime_risque,1,0,orange,-0.15173558073644847,0.1635176915149433
1950-02-01,-0.12471149394426496,1.1391012488380006,prime_risque,1,0,orange,-0.12471149394426496,0.1635176915149433
1950-03-01,-0.12548501235885653,1.1356172420732396,prime_risque,1,0,orange,-0.12548501235885653,0.1635176915149433
1950-04-01,-0.07644406489231584,1.165589456572692,prime_risque,1,0,orange,-0.07644406489231584,0.1635176915149433
1950-05-01,-0.039985869768183704,1.1508138136870525,prime_risque,1,0,orange,-0.039985869768183704,0.1635176915149433
1950-06-01,-0.03484473346734405,1.125015408292836,prime_risque,1,0,orange,-0.03484473346734405,0.1635176915149433
1950-07-01,-0.1859994271568165,1.1105267849498792,prime_risque,1,0,orange,-0.1859994271568165,0.1635176915149433
1950-08-01,-0.09555839211546575,1.1628978930873273,prime_risque,1,0,orange,-0.09555839211546575,0.1635176915149433
1950-09-01,-0.034853685733118055,1.2148913402384502,prime_risque,1,0,orange,-0.034853685733118055,0.1635176915149433
1950-10-01,0.01866316618938727,1.2331709435414409,prime_risque,1,0,orange,0.01866316618938727,0.1635176915149433
1950-11-01,0.00021223520691419519,1.2291201276961905,prime_risque,1,0,orange,0.00021223520691419519,0.1635176915149433
1950-12-01,-0.027508415890052734,1.247286434666917,prime_risque,1,0,orange,-0.027508415890052734,0.1635176915149433
1951-01-01,0.06424165515459987,1.2653117321220504,prime_risque,1,0,orange,0.06424165515459987,0.1635176915149433
1951-02-01,0.10241747976357704,1.2721255424799347,prime_risque,1,0,orange,0.10241747976357704,0.1635176915149433
1951-03-01,0.07614933322010876,1.3231151445903855,prime_risque,1,0,orange,0.07614933322010876,0.1635176915149433
1951-04-01,0.07970977608090024,1.28529777994192,prime_risque,1,0,orange,0.07970977608090024,0.1635176915149433
1951-05-01,0.054811737590779605,1.247803063992766,prime_risque,1,0,orange,0.054811737590779605,0.1635176915149433
1951-06-01,0.0029634615783417704,1.1995703531491793,prime_risque,1,0,orange,0.0029634615783417704,0.1635176915149433
1951-07-01,0.010932182316837449,1.1516905668996882,prime_risque,1,0,orange,0.010932182316837449,0.1635176915149433
1951-08-01,0.06864463779610491,1.1151709659226272,prime_risque,1,0,orange,0.06864463779610491,0.1635176915149433
1951-09-01,0.09513857051344123,1.1119924004506814,prime_risque,1,0,orange,0.09513857051344123,0.1635176915149433
1951-10-01,0.0782378743244335,1.1198718178664726,prime_risque,1,0,orange,0.0782378743244335,0.1635176915149433
1951-11-01,0.014469305495879348,1.1277078926726956,prime_risque,1,0,orange,0.014469305495879348,0.1635176915149433
1951-12-01,0.05663289203215733,1.124478010765809,prime_risque,1,0,orange,0.05663289203215733,0.1635176915149433
1952-01-01,0.10748916927423464,1.1102556624841546,prime_risque,1,0,orange,0.10748916927423464,0.1635176915149433
1952-02-01,0.08654767301322738,1.1181632615512538,prime_risque,1,0,orange,0.08654767301322738,0.1635176915149433
1952-03-01,0.1037883230619137,1.1700700223764604,prime_risque,1,0,orange,0.1037883230619137,0.1635176915149433
1952-04-01,0.07804271749972293,1.1446007726948535,prime_risque,1,0,orange,0.07804271749972293,0.1635176915149433
1952-05-01,0.07465829126036276,1.152310247504953,prime_risque,1,0,orange,0.07465829126036276,0.1635176915149433
1952-06-01,0.10990198979243418,1.1489789830138222,prime_risque,1,0,orange,0.10990198979243418,0.1635176915149433
1952-07-01,0.14498146650060634,1.1566688915169219,prime_risque,1,0,orange,0.14498146650060634,0.1635176915149433
1952-08-01,0.13805447531308346,1.1313497050559662,prime_risque,1,0,orange,0.13805447531308346,0.1635176915149433
1952-09-01,0.1015006017140473,1.1281698446980437,prime_risque,1,0,orange,0.1015006017140473,0.1635176915149433
1952-10-01,0.07086170475938869,1.1689407077125604,prime_risque,1,0,orange,0.07086170475938869,0.1635176915149433
1952-11-01,0.11275569642463597,1.143596706884665,prime_risque,1,0,orange,0.11275569642463597,0.1635176915149433
1952-12-01,0.18298049105316477,1.151339324894597,prime_risque,1,0,orange,0.18298049105316477,0.1635176915149433
1953-01-01,0.21155215350569215,1.202896536048271,prime_risque,1,0,orange,0.21155215350569215,0.1635176915149433
1953-02-01,0.19922176618758805,1.2321787133715643,prime_risque,1,0,orange,0.19922176618758805,0.1635176915149433
1953-03-01,0.19814945019822658,1.2393568208526962,prime_risque,1,0,orange,0.19814945019822658,0.1635176915149433
1953-04-01,0.10946271881427631,1.2683624865999312,prime_risque,1,0,orange,0.10946271881427631,0.1635176915149433
1953-05-01,0.09784268619513725,1.24250416470074,prime_risque,1,0,orange,0.09784268619513725,0.1635176915149433
1953-06-01,0.013480511404363129,1.2168429191538213,prime_risque,1,0,orange,0.013480511404363129,0.1635176915149433
1953-07-01,-0.012647990891916223,1.0820943984426763,prime_risque,1,0,orange,-0.012647990891916223,0.1635176915149433
1953-08-01,-0.029402358925028453,1.046479198631856,prime_risque,1,0,orange,-0.029402358925028453,0.1635176915149433
1953-09-01,-0.10736086067332364,1.0657162980747787,prime_risque,1,0,orange,-0.10736086067332364,0.1635176915149433
1953-10-01,-0.09623423415054613,0.9864724578098537,prime_risque,1,0,orange,-0.09623423415054613,0.1635176915149433
1953-11-01,-0.05227572168300966,1.006022349982609,prime_risque,1,0,orange,-0.05227572168300966,0.1635176915149433
1953-12-01,-0.025600055764987376,1.0364141550534494,prime_risque,1,0,orange,-0.025600055764987376,0.1635176915149433
1954-01-01,-0.00419431699947902,0.9901336216327027,prime_risque,1,0,orange,-0.00419431699947902,0.1635176915149433
1954-02-01,0.022924308558812598,0.9768777676529333,prime_risque,1,0,orange,0.022924308558812598,0.1635176915149433
1954-03-01,0.056258067116357544,0.9855599407759515,prime_risque,1,0,orange,0.056258067116357544,0.1635176915149433
1954-04-01,0.13856607671247947,1.0160768961782152,prime_risque,1,0,orange,0.13856607671247947,0.1635176915149433
1954-05-01,0.20847464232201093,1.0464475134526705,prime_risque,1,0,orange,0.20847464232201093,0.1635176915149433
1954-06-01,0.2144720597189996,1.043877493921731,prime_risque,1,0,orange,0.2144720597189996,0.1635176915149433
1954-07-01,0.27662946000300703,1.0194659597975693,prime_risque,1,0,orange,0.27662946000300703,0.1635176915149433
1954-08-01,0.3031336315066033,1.0061088475852542,prime_risque,1,0,orange,0.3031336315066033,0.1635176915149433
1954-09-01,0.363451792300408,1.0474723515526296,prime_risque,1,0,orange,0.363451792300408,0.1635176915149433
1954-10-01,0.39784947740807564,1.0339932669201746,prime_risque,1,0,orange,0.39784947740807564,0.1635176915149433
1954-11-01,0.481694736512677,1.0642933850523502,prime_risque,1,0,orange,0.481694736512677,0.1635176915149433
1954-12-01,0.5839318922475072,1.0725927497394094,prime_risque,1,0,orange,0.5839318922475072,0.1635176915149433
1955-01-01,0.623727209093948,1.102692128812765,prime_risque,1,0,orange,0.623727209093948,0.1635176915149433
1955-02-01,0.6816307093502618,1.078046747936928,prime_risque,1,0,orange,0.6816307093502618,0.1635176915149433
1955-03-01,0.6772068094358665,1.1626708038037041,prime_risque,1,0,orange,0.6772068094358665,0.1635176915149433
1955-04-01,0.7378624170748319,1.137728188591761,prime_risque,2,0,orange,0.7378624170748319,0.1635176915149433
1955-05-01,0.7190514200128864,1.1565500777974893,prime_risque,2,0,orange,0.7190514200128864,0.1635176915149433
1955-06-01,0.844330902136994,1.1534681065674721,prime_risque,2,0,orange,0.844330902136994,0.1635176915149433
1955-07-01,1.0038794501753145,1.1504106614036247,prime_risque,2,0,orange,1.0038794501753145,0.1635176915149433
1955-08-01,0.9714546276339956,1.1582670211881672,prime_risque,2,0,orange,0.9714546276339956,0.1635176915149433
1955-09-01,1.0585093788462563,1.1443105188222416,prime_risque,2,0,orange,1.0585093788462563,0.1635176915149433
1955-10-01,0.886753784992351,1.1086728126891074,prime_risque,2,0,orange,0.886753784992351,0.1635176915149433
1955-11-01,1.0468918118480544,1.1167694818404685,prime_risque,2,0,orange,1.0468918118480544,0.1635176915149433
1955-12-01,1.0646746779629492,1.1248259072933688,prime_risque,2,0,orange,1.0646746779629492,0.1635176915149433
1956-01-01,0.9592045114160024,1.1002139761639114,prime_risque,2,0,orange,0.9592045114160024,0.1635176915149433
1956-02-01,0.9501529748053645,1.0866155286745807,prime_risque,2,0,orange,0.9501529748053645,0.1635176915149433
1956-03-01,0.7958295049078296,1.1271898272898744,survalorisation,2,0,orange,0.7958295049078296,0.2703538302988664
1956-04-01,0.7092934473305365,1.146557121696428,prime_risque,2,0,orange,0.7092934473305365,0.2703538302988664
1956-05-01,0.6316800211833248,1.1327420530989531,prime_risque,2,0,orange,0.6316800211833248,0.2703538302988664
1956-06-01,0.5849577573887624,1.0755557276104466,prime_risque,2,0,orange,0.5849577573887624,0.2703538302988664
1956-07-01,0.6546312414779574,1.0512575960633097,prime_risque,2,0,orange,0.6546312414779574,0.2703538302988664
1956-08-01,0.6412309483641184,1.0705398264070483,prime_risque,2,0,orange,0.6412309483641184,0.2703538302988664
1956-09-01,0.5630188417401323,1.0571452377515171,prime_risque,2,0,orange,0.5630188417401323,0.2703538302988664
1956-10-01,0.46344436035819647,0.9786353182977212,prime_risque,2,0,orange,0.46344436035819647,0.2703538302988664
1956-11-01,0.44255222584110826,1.0091309528908805,prime_risque,2,0,orange,0.44255222584110826,0.2703538302988664
1956-12-01,0.20020858576996023,0.9308256172294865,prime_risque,2,0,orange,0.20020858576996023,0.377648001832131
1957-01-01,0.10420245545282517,0.8201699114843675,prime_risque,2,0,orange,0.10420245545282517,0.377648001832131
1957-02-01,0.035820214281789296,0.7315892207819826,prime_risque,1,0,orange,0.035820214281789296,0.377648001832131
1957-03-01,0.04481293015462867,0.7630451551841685,prime_risque,1,0,orange,0.04481293015462867,0.377648001832131
1957-04-01,0.07909138455998349,0.7617341398887035,prime_risque,1,0,orange,0.07909138455998349,0.377648001832131
1957-05-01,0.29514867731876643,1.0512374832090787,ponzi,2,0,orange,0.29514867731876643,0.4708576663231421
1957-06-01,0.30803304646902585,1.0421329427126524,ponzi,3,0,orange,0.30803304646902585,0.4708576663231421
1957-07-01,0.4124463711361684,1.2877763047444417,ponzi,3,0,orange,0.4124463711361684,0.4708576663231421
1957-08-01,0.36044718261699854,1.2739440181551465,ponzi,2,0,orange,0.36044718261699854,0.4708576663231421
1957-09-01,0.3095857182831679,1.2605491812025438,ponzi,2,0,orange,0.3095857182831679,0.4708576663231421
1957-10-01,0.48562433719791803,1.8884219314013135,ponzi,1,1,rouge,0.48562433719791803,0.4708576663231421
1957-11-01,0.44196227941037725,1.8547013590226906,ponzi,0,1,rouge,0.44196227941037725,0.4708576663231421
1957-12-01,0.405446990077254,1.8227280472547458,ponzi,0,1,rouge,0.405446990077254,0.4708576663231421
1958-01-01,0.8288609040794169,2.9673308689657607,ponzi,1,1,rouge,0.8288609040794169,0.4708576663231421
1958-02-01,0.8262142038396736,2.8591860843652284,ponzi,1,1,rouge,0.8262142038396736,0.4708576663231421
1958-03-01,0.8154597340031605,2.7620741270412896,ponzi,1,1,rouge,0.8154597340031605,0.4708576663231421
1958-04-01,0.8601792529837207,2.598255152645622,ponzi,1,1,rouge,0.8601792529837207,0.4708576663231421
1958-05-01,0.8672794541064631,2.524241435780642,ponzi,1,1,rouge,0.8672794541064631,0.4708576663231421
1958-06-01,0.8768418365435557,2.4562190992198754,ponzi,2,1,rouge,0.8768418365435557,0.4708576663231421
1958-07-01,0.805729464186047,1.7122783284954308,ponzi,2,1,rouge,0.805729464186047,0.4708576663231421
1958-08-01,0.8335510686803469,1.6876088584106643,ponzi,2,1,rouge,0.8335510686803469,0.4708576663231421
1958-09-01,0.8512056463001796,1.66397772260194,ponzi,2,1,rouge,0.8512056463001796,0.4708576663231421
1958-10-01,0.7637418466901439,1.1240268784786847,credit,3,0,orange,0.7637418466901439,0.4708576663231421
1958-11-01,0.7859500359358977,1.1156898472214034,credit,4,0,orange,0.7859500359358977,0.4708576663231421
1958-12-01,0.8025402388113889,1.1075360058956896,credit,4,0,orange,0.8025402388113889,0.4708576663231421
1959-01-01,0.8290555543982324,1.0561533051050775,credit,5,0,orange,0.8290555543982324,0.4708576663231421
1959-02-01,0.8138814798715368,1.0489707599819837,credit,5,0,orange,0.8138814798715368,0.4708576663231421
1959-03-01,0.8372704042125996,1.0419330937513656,credit,5,0,orange,0.8372704042125996,0.4708576663231421
1959-04-01,0.7568792039308342,0.9451214388700656,desequilibres,4,0,orange,0.7568792039308342,0.4708576663231421
1959-05-01,0.7729588994809042,0.9698069532506263,survalorisation,4,0,orange,0.7729588994809042,0.4708576663231421
1959-06-01,0.7587445686868283,0.9473408330082691,prime_risque,4,0,orange,0.7587445686868283,0.4708576663231421
1959-07-01,0.7960950739964688,1.176267505241385,ponzi,4,0,orange,0.7960950739964688,0.4708576663231421
1959-08-01,0.7796321146821662,1.1667714448060111,ponzi,4,0,orange,0.7796321146821662,0.4708576663231421
1959-09-01,0.6770585559611243,1.2181586200043593,survalorisation,5,0,orange,0.6770585559611243,0.6477728157563266
1959-10-01,0.645350027075337,1.458388341966861,ponzi,5,0,orange,0.645350027075337,0.6477728157563266
1959-11-01,0.6412683337828549,1.4432866162895845,ponzi,5,0,orange,0.6412683337828549,0.6477728157563266
1959-12-01,0.6460561156699003,1.428645391201824,ponzi,5,0,orange,0.6460561156699003,0.6477728157563266
1960-01-01,0.3754303323372331,1.081736540367114,survalorisation,4,0,orange,0.3754303323372331,0.6477728157563266
1960-02-01,0.353692470066568,0.9849907749688487,survalorisation,4,0,orange,0.353692470066568,0.6477728157563266
1960-03-01,0.34871668825382507,0.9488863316948877,survalorisation,4,0,orange,0.34871668825382507,0.6477728157563266
1960-04-01,0.4203115001094654,1.5020415891367203,ponzi,3,1,rouge,0.4203115001094654,0.6477728157563266
1960-05-01,0.40701417254501865,1.4864711178552241,ponzi,4,0,orange,0.40701417254501865,0.6477728157563266
1960-06-01,0.41542781625312736,1.4713758871816052,ponzi,4,0,orange,0.41542781625312736,0.6477728157563266
1960-07-01,0.3872756724475744,1.7637466380385853,ponzi,3,1,rouge,0.3872756724475744,0.6477728157563266
1960-08-01,0.3883763307125191,1.74116899194631,ponzi,3,1,rouge,0.3883763307125191,0.6477728157563266
1960-09-01,0.3783974784114904,1.719438048448823,ponzi,3,1,rouge,0.3783974784114904,0.6477728157563266
1960-10-01,0.5023135684176631,2.120765394128658,ponzi,3,1,rouge,0.5023135684176631,0.6477728157563266
1960-11-01,0.5091419663447406,2.085322534789242,ponzi,3,1,rouge,0.5091419663447406,0.6477728157563266
1960-12-01,0.5120240438560358,2.0516013243738835,ponzi,3,1,rouge,0.5120240438560358,0.6477728157563266
1961-01-01,0.630541430973369,2.291593075824197,ponzi,1,2,rouge,0.630541430973369,0.6477728157563266
1961-02-01,0.6329392884480551,2.248956561536973,ponzi,1,2,rouge,0.6329392884480551,0.6477728157563266
1961-03-01,0.6348383884532826,2.2086170520961996,ponzi,1,2,rouge,0.6348383884532826,0.6477728157563266
1961-04-01,0.6819191227467216,1.7610657422439466,ponzi,2,2,rouge,0.6819191227467216,0.6477728157563266
1961-05-01,0.6812121445195506,1.7397672851051342,ponzi,2,2,rouge,0.6812121445195506,0.6477728157563266
1961-06-01,0.6734662693591131,1.7192244331548432,ponzi,2,2,rouge,0.6734662693591131,0.6477728157563266
1961-07-01,0.7286398626638111,1.6108098933046613,survalorisation,3,1,rouge,0.7286398626638111,0.6477728157563266
1961-08-01,0.7399977673289609,1.683712833431184,survalorisation,3,1,rouge,0.7399977673289609,0.6477728157563266
1961-09-01,0.7290629974740812,1.640603815707585,survalorisation,3,1,rouge,0.7290629974740812,0.6477728157563266
1961-10-01,0.7898575825977076,1.6792496779840582,survalorisation,4,1,rouge,0.7898575825977076,0.6477728157563266
1961-11-01,0.8005536574498663,1.7682615385497789,survalorisation,4,1,rouge,0.8005536574498663,0.6477728157563266
1961-12-01,0.8018547281743658,1.7729666462019762,survalorisation,4,1,rouge,0.8018547281743658,0.6477728157563266
1962-01-01,0.6380070529011764,1.5346110963155064,survalorisation,3,1,rouge,0.6380070529011764,0.6477728157563266
1962-02-01,0.6398832901522169,1.5528364877959504,survalorisation,3,1,rouge,0.6398832901522169,0.6477728157563266
1962-03-01,0.635926970892883,1.5417783045702542,survalorisation,3,1,rouge,0.635926970892883,0.6477728157563266
1962-04-01,0.36982806832436965,1.1780649346290697,ponzi,4,0,orange,0.36982806832436965,0.6477728157563266
1962-05-01,0.33587169450180593,1.1702781792762942,ponzi,4,0,orange,0.33587169450180593,0.6477728157563266
1962-06-01,0.28981819799721564,1.162644088175521,ponzi,3,0,orange,0.28981819799721564,0.6477728157563266
1962-07-01,0.3048156710227921,1.0956435443444301,reflexivite,3,0,orange,0.3048156710227921,0.6477728157563266
1962-08-01,0.3113579217409747,1.0878944837999647,reflexivite,4,0,orange,0.3113579217409747,0.6477728157563266
1962-09-01,0.30504114561137957,1.08030789067265,reflexivite,3,0,orange,0.30504114561137957,0.6477728157563266
1962-10-01,0.3571258097814183,1.0875987727232437,ponzi,4,0,orange,0.3571258097814183,0.6477728157563266
1962-11-01,0.37595201042310916,1.08123577797655,ponzi,4,0,orange,0.37595201042310916,0.6477728157563266
1962-12-01,0.3903777822610976,1.1001608657566946,survalorisation,4,0,orange,0.3903777822610976,0.6477728157563266
1963-01-01,0.4760277337223713,1.2768999262899028,survalorisation,4,0,orange,0.4760277337223713,0.6477728157563266
1963-02-01,0.4768712425314265,1.292430004324707,survalorisation,4,0,orange,0.4768712425314265,0.6477728157563266
1963-03-01,0.47131689150884004,1.2640930700813064,survalorisation,4,0,orange,0.47131689150884004,0.6477728157563266
1963-04-01,0.6089575618387525,1.4454810147491548,survalorisation,5,0,orange,0.6089575618387525,0.6477728157563266
1963-05-01,0.6147135962835146,1.4756965913126117,survalorisation,5,0,orange,0.6147135962835146,0.6477728157563266
1963-06-01,0.6104824595783467,1.452007750044773,survalorisation,5,0,orange,0.6104824595783467,0.6477728157563266
1963-07-01,0.5405800523124561,1.440646845016466,survalorisation,5,0,orange,0.5405800523124561,0.6477728157563266
1963-08-01,0.550458760218608,1.4869607412273345,survalorisation,5,0,orange,0.550458760218608,0.6477728157563266
1963-09-01,0.5572316880356616,1.5316245975791043,survalorisation,4,1,rouge,0.5572316880356616,0.6477728157563266
1963-10-01,0.4963439985244012,1.5249450272904672,reflexivite,4,1,rouge,0.4963439985244012,0.6477728157563266
1963-11-01,0.4899230382469955,1.5101252943258865,reflexivite,4,1,rouge,0.4899230382469955,0.6477728157563266
1963-12-01,0.49377259928081013,1.4957300812956678,reflexivite,5,0,orange,0.49377259928081013,0.6477728157563266
1964-01-01,0.2128350353736744,1.5125321213726401,survalorisation,2,1,rouge,0.2128350353736744,0.6477728157563266
1964-02-01,0.21319902804659843,1.5275786684978157,survalorisation,2,1,rouge,0.21319902804659843,0.6477728157563266
1964-03-01,0.22074208361023612,1.5571164880456352,survalorisation,2,1,rouge,0.22074208361023612,0.6477728157563266
1964-04-01,0.14428630254525082,1.628889140494232,survalorisation,1,1,rouge,0.14428630254525082,0.6477728157563266
1964-05-01,0.14775740699008783,1.6369522437742718,survalorisation,1,1,rouge,0.14775740699008783,0.6477728157563266
1964-06-01,0.14228224275143853,1.5976521981653626,survalorisation,1,1,rouge,0.14228224275143853,0.6477728157563266
1964-07-01,0.07519268553549283,1.705927457408107,survalorisation,2,1,rouge,0.07519268553549283,0.6477728157563266
1964-08-01,0.07115505273352514,1.659305892067712,survalorisation,2,1,rouge,0.07115505273352514,0.6477728157563266
1964-09-01,0.07694892786797575,1.6770490616679348,survalorisation,2,1,rouge,0.07694892786797575,0.6477728157563266
1964-10-01,0.14224747128737178,1.769528572118491,survalorisation,2,1,rouge,0.14224747128737178,0.6477728157563266
1964-11-01,0.14317763196365094,1.7604008995647802,survalorisation,2,1,rouge,0.14317763196365094,0.6477728157563266
1964-12-01,0.13508650535323236,1.6979186622410414,survalorisation,2,1,rouge,0.13508650535323236,0.6477728157563266
1965-01-01,-0.00929498701760552,1.7347036297875786,survalorisation,2,1,rouge,-0.00929498701760552,0.6477728157563266
1965-02-01,-0.004111691517708966,1.736448326554459,survalorisation,2,1,rouge,-0.004111691517708966,0.6477728157563266
1965-03-01,-0.0022632540768128054,1.7139667340308944,survalorisation,2,1,rouge,-0.0022632540768128054,0.6477728157563266
1965-04-01,-0.12853438303178558,1.5799591679776763,survalorisation,2,1,rouge,-0.12853438303178558,0.6477728157563266
1965-05-01,-0.11809623549093717,1.6051668503555878,survalorisation,2,1,rouge,-0.11809623549093717,0.6477728157563266
1965-06-01,-0.13960261385260436,1.453402151231073,survalorisation,3,0,orange,-0.13960261385260436,0.6477728157563266
1965-07-01,-0.09355333718452997,1.5973190211709205,survalorisation,2,1,rouge,-0.09355333718452997,0.6477728157563266
1965-08-01,-0.08133645443526737,1.6290214470308642,survalorisation,2,1,rouge,-0.08133645443526737,0.6477728157563266
1965-09-01,-0.06402745310757228,1.6981993703782288,survalorisation,2,1,rouge,-0.06402745310757228,0.6477728157563266
1965-10-01,-0.0037491720418538948,1.8140218414375147,survalorisation,2,1,rouge,-0.0037491720418538948,0.6477728157563266
1965-11-01,0.007125958354717744,1.819956421260089,survalorisation,2,1,rouge,0.007125958354717744,0.6477728157563266
1965-12-01,0.009606969906016696,1.7845142297375072,survalorisation,2,1,rouge,0.009606969906016696,0.6477728157563266
1966-01-01,0.036041551353952705,1.6578732115387198,survalorisation,2,1,rouge,0.036041551353952705,0.6477728157563266
1966-02-01,0.03324462543604383,1.612000721095898,survalorisation,2,1,rouge,0.03324462543604383,0.6477728157563266
1966-03-01,0.013021685968552263,1.487203605064996,survalorisation,3,0,orange,0.013021685968552263,0.6477728157563266
1966-04-01,-0.16929943196720532,1.4002771282448914,survalorisation,2,0,orange,-0.16929943196720532,0.6477728157563266
1966-05-01,-0.18955553678911555,1.259129295062472,survalorisation,2,0,orange,-0.18955553678911555,0.6477728157563266
1966-06-01,-0.1887325291369855,1.2232139810783198,survalorisation,2,0,orange,-0.1887325291369855,0.6477728157563266
1966-07-01,-0.07757346953597936,0.916841095240885,survalorisation,3,0,orange,-0.07757346953597936,0.6477728157563266
1966-08-01,-0.09827819295023295,0.8881945714462633,prime_risque,3,0,orange,-0.09827819295023295,0.6477728157563266
1966-09-01,-0.11375099996330325,0.7967525136866256,prime_risque,3,0,orange,-0.11375099996330325,0.6477728157563266
1966-10-01,-0.07812029506444257,1.2512376560904872,reflexivite,3,0,orange,-0.07812029506444257,0.6477728157563266
1966-11-01,-0.06611375017504653,1.2434725142168042,reflexivite,3,0,orange,-0.06611375017504653,0.6477728157563266
1966-12-01,-0.06245700553032589,1.2358503888728036,reflexivite,3,0,orange,-0.06245700553032589,0.6477728157563266
1967-01-01,0.049306400517671135,1.158844960384986,survalorisation,4,0,orange,0.049306400517671135,0.6477728157563266
1967-02-01,0.06188321923994719,1.2247285465712663,survalorisation,4,0,orange,0.06188321923994719,0.6477728157563266
1967-03-01,0.07789041433268265,1.260871129106345,survalorisation,4,0,orange,0.07789041433268265,0.6477728157563266
1967-04-01,0.17119404300522756,1.3321727230138838,survalorisation,3,0,orange,0.17119404300522756,0.6477728157563266
1967-05-01,0.17731334420764452,1.3559893820436288,survalorisation,3,0,orange,0.17731334420764452,0.6477728157563266
1967-06-01,0.13153739571968542,1.3085338087790221,survalorisation,3,0,orange,0.13153739571968542,0.6477728157563266
1967-07-01,0.3017101560960629,1.429578576334709,survalorisation,4,0,orange,0.3017101560960629,0.6477728157563266
1967-08-01,0.306751490251064,1.4482516843607343,survalorisation,4,0,orange,0.306751490251064,0.6477728157563266
1967-09-01,0.3097505755149308,1.4628215523766501,survalorisation,4,0,orange,0.3097505755149308,0.6477728157563266
1967-10-01,0.5356421955124859,1.9475839509436046,surchauffe,2,2,rouge,0.5356421955124859,0.6477728157563266
1967-11-01,0.5225031456612245,1.926368971239913,surchauffe,3,1,rouge,0.5225031456612245,0.6477728157563266
1967-12-01,0.5195948465278195,1.9058331787375549,surchauffe,3,1,rouge,0.5195948465278195,0.6477728157563266
1968-01-01,0.352383480734771,1.1381778517622556,survalorisation,5,0,orange,0.352383480734771,0.6477728157563266
1968-02-01,0.3330931856001158,1.0184282618841307,survalorisation,5,0,orange,0.3330931856001158,0.6477728157563266
1968-03-01,0.3234052907174857,0.9632285523954984,survalorisation,5,0,orange,0.3234052907174857,0.6477728157563266
1968-04-01,0.4912533979441747,1.7220639674035312,surchauffe,3,1,rouge,0.4912533979441747,0.6477728157563266
1968-05-01,0.4975259061217584,1.7069207986180082,surchauffe,3,1,rouge,0.4975259061217584,0.6477728157563266
1968-06-01,0.5011912794247015,1.692170654181749,surchauffe,3,1,rouge,0.5011912794247015,0.6477728157563266
1968-07-01,0.5076639715684577,1.3056930713022274,survalorisation,5,0,orange,0.5076639715684577,0.6477728157563266
1968-08-01,0.4924604527207977,1.2550187015398,reflexivite,5,0,orange,0.4924604527207977,0.6477728157563266
1968-09-01,0.5018257429642323,1.289892590486827,survalorisation,5,0,orange,0.5018257429642323,0.6477728157563266
1968-10-01,0.5849497402505909,1.668483787204153,survalorisation,5,1,rouge,0.5849497402505909,0.6477728157563266
1968-11-01,0.5808199240387202,1.679048631611218,survalorisation,5,1,rouge,0.5808199240387202,0.6477728157563266
1968-12-01,0.5852463333115028,1.6781408580575907,survalorisation,5,1,rouge,0.5852463333115028,0.6477728157563266
1969-01-01,0.3416208012330369,1.3496669227852296,survalorisation,4,0,orange,0.3416208012330369,0.6477728157563266
1969-02-01,0.3480856824263651,1.3220685289792373,ponzi,4,0,orange,0.3480856824263651,0.6477728157563266
1969-03-01,0.33652612191211206,1.3151563837340285,ponzi,4,0,orange,0.33652612191211206,0.6477728157563266
1969-04-01,0.25106797820466714,1.708575869764786,ponzi,4,1,rouge,0.25106797820466714,0.6477728157563266
1969-05-01,0.2539217221301093,1.6959626554639151,ponzi,4,1,rouge,0.2539217221301093,0.6477728157563266
1969-06-01,0.23286913545447893,1.6836249836929789,ponzi,4,1,rouge,0.23286913545447893,0.6477728157563266
1969-07-01,0.04269462633380286,2.1235251692657244,ponzi,2,1,rouge,0.04269462633380286,0.6477728157563266
1969-08-01,0.02739872567575493,2.1018188801170385,ponzi,1,1,rouge,0.02739872567575493,0.6477728157563266
1969-09-01,0.026627200067730363,2.0807653762534,ponzi,1,1,rouge,0.026627200067730363,0.6477728157563266
1969-10-01,-0.0448340171944969,2.426986983374445,ponzi,1,1,rouge,-0.0448340171944969,0.6477728157563266
1969-11-01,-0.04552472720542364,2.396409877529655,ponzi,1,1,rouge,-0.04552472720542364,0.6477728157563266
1969-12-01,-0.3983589776013281,2.36696077701668,ponzi,0,1,rouge,-0.3983589776013281,0.7771670674453224
1970-01-01,-0.37544277803289755,3.2552736147710832,ponzi,0,1,rouge,-0.37544277803289755,0.7771670674453224
1970-02-01,-0.47111505381644503,3.187823581095678,ponzi,0,1,rouge,-0.47111505381644503,0.7771670674453224
1970-03-01,-0.4767085656637655,3.124401228629497,ponzi,1,1,rouge,-0.4767085656637655,0.7771670674453224
1970-04-01,-0.5093213858474672,3.373373626324919,ponzi,0,1,rouge,-0.5093213858474672,0.7771670674453224
1970-05-01,-0.4942972109895537,3.299698646283216,ponzi,0,1,rouge,-0.4942972109895537,0.7771670674453224
1970-06-01,-0.45828447463225624,3.2306508064610626,ponzi,1,1,rouge,-0.45828447463225624,0.7771670674453224
1970-07-01,-0.24360360654759244,3.312099462307528,ponzi,0,1,rouge,-0.24360360654759244,0.7771670674453224
1970-08-01,-0.18990757125315444,3.2428165918747376,ponzi,0,1,rouge,-0.18990757125315444,0.7771670674453224
1970-09-01,-0.11758429154093238,3.1777086987616623,ponzi,0,1,rouge,-0.11758429154093238,0.7771670674453224
1970-10-01,0.039383064802178853,3.768116630948301,ponzi,0,1,rouge,0.039383064802178853,0.7771670674453224
1970-11-01,0.0649057369904756,3.669876907694301,ponzi,0,1,rouge,0.0649057369904756,0.7771670674453224
1970-12-01,0.10094866214818997,3.5789429099318055,ponzi,0,1,rouge,0.10094866214818997,0.7771670674453224
1971-01-01,0.14369881666196402,2.584260296026638,ponzi,0,1,rouge,0.14369881666196402,0.7771670674453224
1971-02-01,0.3305171366698483,2.5499309146511875,ponzi,1,1,rouge,0.3305171366698483,0.7771670674453224
1971-03-01,0.45113286528928126,2.5169349539540007,ponzi,1,2,rouge,0.45113286528928126,0.7771670674453224
1971-04-01,0.6614167690381116,2.630783023593359,monetaire,3,2,rouge,0.6614167690381116,0.7771670674453224
1971-05-01,0.7152017351333269,2.9460212382223476,monetaire,2,2,rouge,0.7152017351333269,0.7771670674453224
1971-06-01,0.7148255595113129,3.0102830076968905,monetaire,2,2,rouge,0.7148255595113129,0.7771670674453224
1971-07-01,0.6620526197985339,3.067254063638517,monetaire,2,2,rouge,0.6620526197985339,0.7771670674453224
1971-08-01,0.6253689370683467,2.9095879175505157,monetaire,2,2,rouge,0.6253689370683467,0.7771670674453224
1971-09-01,0.6141695134374064,2.8058203613070605,monetaire,2,2,rouge,0.6141695134374064,0.7771670674453224
1971-10-01,0.8010680659948906,2.7216155804966937,monetaire,2,2,rouge,0.8010680659948906,0.7771670674453224
1971-11-01,0.7812557945120234,2.701194661469937,monetaire,2,2,rouge,0.7812557945120234,0.7771670674453224
1971-12-01,0.7749570660133425,2.5914328757580956,monetaire,2,2,rouge,0.7749570660133425,0.7771670674453224
1972-01-01,0.9022665565099177,2.533334271378775,monetaire,2,3,rouge,0.9022665565099177,0.7771670674453224
1972-02-01,0.8873166202578575,2.40607510959379,monetaire,2,3,rouge,0.8873166202578575,0.7771670674453224
1972-03-01,0.854512758985397,2.2175918172424,monetaire,2,3,rouge,0.854512758985397,0.7771670674453224
1972-04-01,0.7546783294692432,1.9976427132055814,surchauffe,2,3,rouge,0.7546783294692432,0.7771670674453224
1972-05-01,0.7015714591545237,1.979459691610191,surchauffe,2,3,rouge,0.7015714591545237,0.7771670674453224
1972-06-01,0.6858356404080469,1.9617646954818417,surchauffe,2,3,rouge,0.6858356404080469,0.7771670674453224
1972-07-01,0.6750767277086084,1.6836650996954372,monetaire,3,2,rouge,0.6750767277086084,0.7771670674453224
1972-08-01,0.7033223928686646,1.8061032334062534,monetaire,3,2,rouge,0.7033223928686646,0.7771670674453224
1972-09-01,0.7185358779988534,1.8755782040177924,monetaire,3,2,rouge,0.7185358779988534,0.7771670674453224
1972-10-01,0.6397108782697064,1.9524902231524544,monetaire,4,1,rouge,0.6397108782697064,0.7771670674453224
1972-11-01,0.6446587185662546,1.9233152555433952,monetaire,4,1,rouge,0.6446587185662546,0.7771670674453224
1972-12-01,0.6621764245195573,1.9955125773458469,monetaire,4,1,rouge,0.6621764245195573,0.7771670674453224
1973-01-01,0.3908831906622906,1.9463700017668766,monetaire,3,1,rouge,0.3908831906622906,0.7771670674453224
1973-02-01,0.33136789222439395,1.6595105946287803,monetaire,3,1,rouge,0.33136789222439395,0.7771670674453224
1973-03-01,0.2608924222314568,1.2702950795727477,monetaire,4,0,orange,0.2608924222314568,0.7771670674453224
1973-04-01,0.04451070785196351,1.2088510522071314,monetaire,3,0,orange,0.04451070785196351,0.7771670674453224
1973-05-01,0.05367907814495162,1.2801016918515622,monetaire,3,0,orange,0.05367907814495162,0.7771670674453224
1973-06-01,0.041083025576584276,1.2352635685921947,monetaire,3,0,orange,0.041083025576584276,0.7771670674453224
1973-07-01,-0.07464054936072341,0.9473224009354343,ponzi,3,0,orange,-0.07464054936072341,0.7771670674453224
1973-08-01,-0.148536341326972,0.9444736006464938,ponzi,1,0,orange,-0.148536341326972,0.7771670674453224
1973-09-01,-0.23349307274366896,0.9416503743810337,ponzi,1,0,orange,-0.23349307274366896,0.7771670674453224
1973-10-01,-0.4904526424457458,0.8255787979782863,ponzi,2,0,orange,-0.4904526424457458,0.7771670674453224
1973-11-01,-0.5098735250475768,0.8233990704527647,ponzi,2,0,orange,-0.5098735250475768,0.7771670674453224
1973-12-01,-0.5459489771252456,0.8212365345325825,ponzi,2,0,orange,-0.5459489771252456,0.7771670674453224
1974-01-01,-0.5428927593317983,0.7339480164421813,ponzi,2,0,orange,-0.5428927593317983,0.7771670674453224
1974-02-01,-0.5463583337276852,0.7321914587339383,ponzi,2,0,orange,-0.5463583337276852,0.7771670674453224
1974-03-01,-0.4959718196975692,0.7600644245146134,prime_risque,2,0,orange,-0.4959718196975692,0.7771670674453224
1974-04-01,-0.30864872380382774,0.7472701638118509,prime_risque,2,0,orange,-0.30864872380382774,0.7771670674453224
1974-05-01,-0.3627233903888965,0.6750098029097955,prime_risque,2,0,orange,-0.3627233903888965,0.7771670674453224
1974-06-01,-0.3973818867016666,0.6623344000869141,ponzi,2,0,orange,-0.3973818867016666,0.7771670674453224
1974-07-01,-0.3798670061778499,1.0059879678523027,reflexivite,3,0,orange,-0.3798670061778499,0.7771670674453224
1974-08-01,-0.383701727213665,1.0026089468775041,reflexivite,3,0,orange,-0.383701727213665,0.7771670674453224
1974-09-01,-0.38770629113174165,0.9992637856686364,reflexivite,2,0,orange,-0.38770629113174165,0.7771670674453224
1974-10-01,-0.3991650504991983,1.0977592916664802,ponzi,1,0,orange,-0.3991650504991983,0.7771670674453224
1974-11-01,-0.4452360067624981,1.0940978797514274,ponzi,1,0,orange,-0.4452360067624981,0.7771670674453224
1974-12-01,-0.4803839520531657,1.090472897619216,ponzi,1,0,orange,-0.4803839520531657,0.7771670674453224
1975-01-01,-0.5302718426084019,1.9121082276543286,ponzi,0,1,rouge,-0.5302718426084019,0.7771670674453224
1975-02-01,-0.49845894859846596,1.898816846873087,ponzi,0,1,rouge,-0.49845894859846596,0.7771670674453224
1975-03-01,-0.4394887668309339,1.8857990220597387,ponzi,0,1,rouge,-0.4394887668309339,0.7771670674453224
1975-04-01,-0.4575483859503595,1.488106200647825,ponzi,1,0,orange,-0.4575483859503595,0.7771670674453224
1975-05-01,-0.381950704505517,1.481009765659189,ponzi,1,0,orange,-0.381950704505517,0.7771670674453224
1975-06-01,-0.29978010613101536,1.4740139805052181,ponzi,2,0,orange,-0.29978010613101536,0.7771670674453224
1975-07-01,-0.22584777150916957,1.140083900458519,monetaire,2,0,orange,-0.22584777150916957,0.7771670674453224
1975-08-01,-0.196638533048073,1.3457425029348473,monetaire,2,0,orange,-0.196638533048073,0.7771670674453224
1975-09-01,-0.17189125568359148,1.5109985038228526,monetaire,1,1,rouge,-0.17189125568359148,0.7771670674453224
1975-10-01,-0.2366555033394886,1.5092195629950216,monetaire,0,1,rouge,-0.2366555033394886,0.7771670674453224
1975-11-01,-0.21460510195089622,1.6310141190434762,monetaire,0,1,rouge,-0.21460510195089622,0.7771670674453224
1975-12-01,-0.18109739948375425,1.8336382360219379,monetaire,0,1,rouge,-0.18109739948375425,0.7771670674453224
1976-01-01,-0.013698853837136796,2.039142266692474,monetaire,1,1,rouge,-0.013698853837136796,0.7771670674453224
1976-02-01,0.03158840281895026,2.198081105892128,monetaire,1,1,rouge,0.03158840281895026,0.7771670674453224
1976-03-01,0.019114865540753874,2.0586869417537255,monetaire,1,1,rouge,0.019114865540753874,0.7771670674453224
1976-04-01,0.11562258193891897,2.0103399487142943,monetaire,1,1,rouge,0.11562258193891897,0.7771670674453224
1976-05-01,0.11290013819121669,1.8662416594083087,monetaire,1,1,rouge,0.11290013819121669,0.7771670674453224
1976-06-01,0.04203678593735745,1.4247254243514555,monetaire,2,0,orange,0.04203678593735745,0.7771670674453224
1976-07-01,0.15747174011247247,1.3803250732137813,surchauffe,2,0,orange,0.15747174011247247,0.7771670674453224
1976-08-01,0.18175375455401327,1.3741338691032068,surchauffe,2,0,orange,0.18175375455401327,0.7771670674453224
1976-09-01,0.2149901886858644,1.4423948717259176,monetaire,2,0,orange,0.2149901886858644,0.7771670674453224
1976-10-01,0.2712801717345505,1.6802113440598672,monetaire,1,1,rouge,0.2712801717345505,0.7771670674453224
1976-11-01,0.28366062696540595,1.7646772298341915,monetaire,1,1,rouge,0.28366062696540595,0.7771670674453224
1976-12-01,0.29153839749239835,1.8576611046075207,monetaire,1,1,rouge,0.29153839749239835,0.7771670674453224
1977-01-01,0.3964599163657952,1.8809935963685318,monetaire,3,1,rouge,0.3964599163657952,0.7771670674453224
1977-02-01,0.37337587957924884,1.7586630719682748,monetaire,3,1,rouge,0.37337587957924884,0.7771670674453224
1977-03-01,0.3743243573676737,1.7424936089386796,monetaire,3,1,rouge,0.3743243573676737,0.7771670674453224
1977-04-01,0.3272864749164659,1.6897347813985022,monetaire,3,1,rouge,0.3272864749164659,0.7771670674453224
1977-05-01,0.31182085976592705,1.5688146027897145,monetaire,3,1,rouge,0.31182085976592705,0.7771670674453224
1977-06-01,0.32282741378121327,1.636383703836811,monetaire,3,1,rouge,0.32282741378121327,0.7771670674453224
1977-07-01,0.24432336759023618,1.5967692573515728,monetaire,2,1,rouge,0.24432336759023618,0.7771670674453224
1977-08-01,0.22689091471542513,1.4716913775374916,monetaire,4,0,orange,0.22689091471542513,0.7771670674453224
1977-09-01,0.1968928725185269,1.328721515101977,monetaire,3,0,orange,0.1968928725185269,0.7771670674453224
1977-10-01,0.2303499935211963,1.6898699307445486,desequilibres,1,1,rouge,0.2303499935211963,0.7771670674453224
1977-11-01,0.19591443151878854,1.6811220761844206,desequilibres,1,1,rouge,0.19591443151878854,0.7771670674453224
1977-12-01,0.16416655033209307,1.6725087757007489,desequilibres,2,1,rouge,0.16416655033209307,0.7771670674453224
1978-01-01,0.3404263065470698,1.9875001214264978,desequilibres,3,2,rouge,0.3404263065470698,0.7771670674453224
1978-02-01,0.3007232787819541,1.9744210605709847,desequilibres,2,2,rouge,0.3007232787819541,0.7771670674453224
1978-03-01,0.27103203536125553,1.961596998798057,desequilibres,2,2,rouge,0.27103203536125553,0.7771670674453224
1978-04-01,0.08084936241858488,1.2300552394905961,desequilibres,4,0,orange,0.08084936241858488,0.7771670674453224
1978-05-01,0.08300678451605062,1.2259629300718422,desequilibres,4,0,orange,0.08300678451605062,0.7771670674453224
1978-06-01,0.0709444655757755,1.221911229417391,desequilibres,3,0,orange,0.0709444655757755,0.7771670674453224
1978-07-01,0.1449871179725981,1.4674730004307648,surchauffe,4,0,orange,0.1449871179725981,0.7771670674453224
1978-08-01,0.13908041477101388,1.4608240668066594,surchauffe,4,0,orange,0.13908041477101388,0.7771670674453224
1978-09-01,0.14996459282861743,1.454264772226811,surchauffe,4,0,orange,0.14996459282861743,0.7771670674453224
1978-10-01,-0.11583414907602081,0.7725741305420752,reflexivite,3,0,orange,-0.11583414907602081,0.7771670674453224
1978-11-01,-0.14334060832465548,0.7708139716998599,reflexivite,3,0,orange,-0.14334060832465548,0.7771670674453224
1978-12-01,-0.14743896349942562,0.769065799448644,reflexivite,3,0,orange,-0.14743896349942562,0.7771670674453224
1979-01-01,-0.1920223446146291,1.518938622562917,reflexivite,1,1,rouge,-0.1920223446146291,0.7771670674453224
1979-02-01,-0.1905053333486408,1.5118451247512368,reflexivite,2,1,rouge,-0.1905053333486408,0.7771670674453224
1979-03-01,-0.18266019243689277,1.5048501661436626,reflexivite,1,1,rouge,-0.18266019243689277,0.7771670674453224
1979-04-01,-0.06288737164552671,1.9382304836228328,reflexivite,1,1,rouge,-0.06288737164552671,0.7771670674453224
1979-05-01,-0.08320591773966209,1.9253533540061165,reflexivite,1,1,rouge,-0.08320591773966209,0.7771670674453224
1979-06-01,-0.07476911152472301,1.9127296739488016,reflexivite,1,1,rouge,-0.07476911152472301,0.7771670674453224
1979-07-01,-0.10463574780095132,1.500836630319873,reflexivite,0,1,rouge,-0.10463574780095132,0.7771670674453224
1979-08-01,-0.09513182415293618,1.4940577988206099,reflexivite,1,0,orange,-0.09513182415293618,0.7771670674453224
1979-09-01,-0.11528230535199546,1.4873700706079385,reflexivite,1,0,orange,-0.11528230535199546,0.7771670674453224
1979-10-01,-0.08903558468771192,1.249678137758344,reflexivite,2,0,orange,-0.08903558468771192,0.7771670674453224
1979-11-01,-0.09588220796301605,1.2452650189335674,reflexivite,2,0,orange,-0.09588220796301605,0.7771670674453224
1979-12-01,-0.09768500180823529,1.240898366260815,reflexivite,2,0,orange,-0.09768500180823529,0.7771670674453224
1980-01-01,-0.05163760266907878,0.9898696518707244,desequilibres,1,0,orange,-0.05163760266907878,0.7771670674453224
1980-02-01,-0.014254887060711539,0.9874106725886738,desequilibres,1,0,orange,-0.014254887060711539,0.7771670674453224
1980-03-01,-0.078556472277574,0.9849699433038386,desequilibres,1,0,orange,-0.078556472277574,0.7771670674453224
1980-04-01,-0.2673501327121223,0.7298536743705776,ponzi,2,0,orange,-0.2673501327121223,0.7771670674453224
1980-05-01,-0.2590318523612167,0.7284428784924096,ponzi,2,0,orange,-0.2590318523612167,0.7771670674453224
1980-06-01,-0.2351360767590086,0.7270402384433389,ponzi,2,0,orange,-0.2351360767590086,0.7771670674453224
1980-07-01,-0.33182473571019794,0.44336998057513105,ponzi,0,0,vert,-0.33182473571019794,0.7771670674453224
1980-08-01,-0.30869910921102245,0.442706112176361,ponzi,0,0,vert,-0.30869910921102245,0.7771670674453224
1980-09-01,-0.30336717263318996,0.4420452183020275,ponzi,0,0,vert,-0.30336717263318996,0.7771670674453224
1980-10-01,-0.07145919971053812,1.2395136288660717,surchauffe,1,0,orange,-0.07145919971053812,0.7771670674453224
1980-11-01,-0.024767659097132695,1.235318311030561,surchauffe,1,0,orange,-0.024767659097132695,0.7771670674453224
1980-12-01,-0.0852101075086397,1.231165341677259,surchauffe,1,0,orange,-0.0852101075086397,0.8680865681896256
1981-01-01,-0.09453845215262954,0.684106554436085,reflexivite,1,0,orange,-0.09453845215262954,0.8680865681896256
1981-02-01,-0.07400177002674743,0.6827762733606156,reflexivite,1,0,orange,-0.07400177002674743,0.8680865681896256
1981-03-01,-0.01717236361067098,0.6814537285334464,reflexivite,1,0,orange,-0.01717236361067098,0.8680865681896256
1981-04-01,0.19752496912206438,1.2447231405683483,reflexivite,4,0,orange,0.19752496912206438,0.8680865681896256
1981-05-01,0.19116003140836665,1.2405554948980795,reflexivite,4,0,orange,0.19116003140836665,0.8680865681896256
1981-06-01,0.1335475788892666,1.2364294683773307,reflexivite,4,0,orange,0.1335475788892666,0.8680865681896256
1981-07-01,0.128678256334294,2.5600187468818794,reflexivite,2,1,rouge,0.128678256334294,0.8680865681896256
1981-08-01,0.15944518530166185,2.5350297615006223,reflexivite,2,1,rouge,0.15944518530166185,0.8680865681896256
1981-09-01,0.1610201887820332,2.5107588289912552,reflexivite,2,1,rouge,0.1610201887820332,0.8680865681896256
1981-10-01,0.15173112346263973,2.366973221750425,reflexivite,2,1,rouge,0.15173112346263973,0.8680865681896256
1981-11-01,0.1299398383713702,2.34689857844934,reflexivite,2,1,rouge,0.1299398383713702,0.8680865681896256
1981-12-01,0.1670643667316714,2.3273264097927355,reflexivite,3,1,rouge,0.1670643667316714,0.8680865681896256
1982-01-01,0.18110994302438138,1.6257234269483216,ponzi,3,1,rouge,0.18110994302438138,0.8680865681896256
1982-02-01,0.14822914016257288,1.6186438786450879,ponzi,2,1,rouge,0.14822914016257288,0.8680865681896256
1982-03-01,0.08944694475041445,1.611656078085134,ponzi,2,1,rouge,0.08944694475041445,0.8680865681896256
1982-04-01,-0.05533970209733553,1.849522274181312,ponzi,2,1,rouge,-0.05533970209733553,0.8680865681896256
1982-05-01,-0.04762203416856356,1.8398294143633238,ponzi,2,1,rouge,-0.04762203416856356,0.8680865681896256
1982-06-01,-0.026959899034979272,1.830287450767433,ponzi,2,1,rouge,-0.026959899034979272,0.8680865681896256
1982-07-01,0.24537773210356414,2.0816320207016297,ponzi,3,1,rouge,0.24537773210356414,0.8680865681896256
1982-08-01,0.19296644249390754,2.0685825711486765,ponzi,3,1,rouge,0.19296644249390754,0.8680865681896256
1982-09-01,0.172526791279689,2.0557756148961057,ponzi,3,1,rouge,0.172526791279689,0.8680865681896256
1982-10-01,0.14972272262676523,2.649492076829779,ponzi,1,1,rouge,0.14972272262676523,0.8680865681896256
1982-11-01,0.1116984392773529,2.624799341165265,ponzi,1,1,rouge,0.1116984392773529,0.8680865681896256
1982-12-01,0.10864876876977284,2.6007846043709097,ponzi,1,1,rouge,0.10864876876977284,0.8680865681896256
1983-01-01,0.29549603239666733,2.786618493373313,ponzi,3,1,rouge,0.29549603239666733,0.8680865681896256
1983-02-01,0.39106093309526574,2.7584651947445176,ponzi,2,2,rouge,0.39106093309526574,0.8680865681896256
1983-03-01,0.3892184920978453,2.7311485696880644,ponzi,2,2,rouge,0.3892184920978453,0.8680865681896256
1983-04-01,1.313011138626232,6.477995121816302,credit,1,4,rouge,1.313011138626232,0.8680865681896256
1983-05-01,1.0751765930826116,4.52340920606393,credit,1,4,rouge,1.0751765930826116,0.8680865681896256
1983-06-01,0.9585583605926438,3.657754704820151,credit,1,4,rouge,0.9585583605926438,0.8680865681896256
1983-07-01,1.4976987950684146,6.383660446627048,credit,0,5,rouge,1.4976987950684146,0.8680865681896256
1983-08-01,1.2559694185133472,4.486945471317887,credit,1,4,rouge,1.2559694185133472,0.8680865681896256
1983-09-01,1.1374714068157936,3.6346482999468375,credit,1,4,rouge,1.1374714068157936,0.8680865681896256
1983-10-01,1.1052203725666954,4.281349463624158,credit,2,3,rouge,1.1052203725666954,0.8680865681896256
1983-11-01,1.0031254046692224,3.504882906322141,credit,2,3,rouge,1.0031254046692224,0.8680865681896256
1983-12-01,0.9120426605261149,3.026912995085547,credit,2,3,rouge,0.9120426605261149,0.8680865681896256
1984-01-01,1.1959185945813295,3.9568005281181997,reflexivite,1,3,rouge,1.1959185945813295,0.8680865681896256
1984-02-01,1.0556312169722504,3.8790033756590976,reflexivite,1,3,rouge,1.0556312169722504,0.8680865681896256
1984-03-01,1.003066465799071,3.805622507819404,reflexivite,1,3,rouge,1.003066465799071,0.8680865681896256
1984-04-01,1.1950010594694032,5.4980906376503755,reflexivite,0,4,rouge,1.1950010594694032,0.8680865681896256
1984-05-01,1.1211489897187763,5.301793143690938,reflexivite,0,4,rouge,1.1211489897187763,0.8680865681896256
1984-06-01,1.065398606943527,5.125125037616818,reflexivite,0,4,rouge,1.065398606943527,0.8680865681896256
1984-07-01,0.9572419262606547,3.5800141159973373,reflexivite,0,4,rouge,0.9572419262606547,0.8680865681896256
1984-08-01,0.9229281564044038,3.5221597562850806,reflexivite,0,4,rouge,0.9229281564044038,0.8680865681896256
1984-09-01,0.9160219476833711,3.4670231042250306,reflexivite,0,4,rouge,0.9160219476833711,0.8680865681896256
1984-10-01,1.2749389080727789,4.504810784776791,credit,0,4,rouge,1.2749389080727789,0.8680865681896256
1984-11-01,1.2081321631996733,3.797306967388202,credit,0,4,rouge,1.2081321631996733,0.8680865681896256
1984-12-01,1.1607526556219587,3.4288210764956606,reflexivite,0,4,rouge,1.1607526556219587,0.8680865681896256
1985-01-01,1.2823759806676762,3.712670923557162,reflexivite,0,4,rouge,1.2823759806676762,0.8680865681896256
1985-02-01,1.2360554016213612,3.6494642416891296,reflexivite,0,4,rouge,1.2360554016213612,0.8680865681896256
1985-03-01,1.1744662284961496,3.5893802103096095,reflexivite,0,4,rouge,1.1744662284961496,0.8680865681896256
1985-04-01,1.2915907574875634,3.388802171097097,credit,0,4,rouge,1.2915907574875634,0.8680865681896256
1985-05-01,1.2461106274632454,3.1611562644401787,credit,0,4,rouge,1.2461106274632454,0.8680865681896256
1985-06-01,1.239854671129116,3.0403495382647554,desequilibres,0,4,rouge,1.239854671129116,0.8680865681896256
1985-07-01,1.355824354925078,3.185295797540289,desequilibres,1,4,rouge,1.355824354925078,0.8680865681896256
1985-08-01,1.3360636311903782,3.1475680189688093,desequilibres,1,4,rouge,1.3360636311903782,0.8680865681896256
1985-09-01,1.2923145705979964,3.111150134223761,desequilibres,1,4,rouge,1.2923145705979964,0.8680865681896256
1985-10-01,1.6403796585997308,3.6642854379482306,reflexivite,0,5,rouge,1.6403796585997308,0.8680865681896256
1985-11-01,1.5604994938526353,3.604609567654508,reflexivite,0,5,rouge,1.5604994938526353,0.8680865681896256
1985-12-01,1.5017705318133516,3.5477580028698688,reflexivite,0,5,rouge,1.5017705318133516,0.8680865681896256
1986-01-01,1.6854970539425962,5.831681841391854,ponzi,0,5,rouge,1.6854970539425962,0.8680865681896256
1986-02-01,1.615465709469446,5.622997399157114,ponzi,0,5,rouge,1.615465709469446,0.8680865681896256
1986-03-01,1.5990489801370777,5.435225231257759,ponzi,0,5,rouge,1.5990489801370777,0.8680865681896256
1986-04-01,1.7026534719819657,5.602365474554567,ponzi,1,4,rouge,1.7026534719819657,0.8680865681896256
1986-05-01,1.705388123851946,5.417303777088529,ponzi,1,4,rouge,1.705388123851946,0.8680865681896256
1986-06-01,1.6660151570233677,5.249449040580416,ponzi,1,4,rouge,1.6660151570233677,0.8680865681896256
1986-07-01,1.6919448045787893,5.349115874851389,ponzi,1,4,rouge,1.6919448045787893,0.8680865681896256
1986-08-01,1.6660543478368888,5.187863258603956,ponzi,1,4,rouge,1.6660543478368888,0.8680865681896256
1986-09-01,1.6688934257257717,5.04036767884787,ponzi,1,4,rouge,1.6688934257257717,0.8680865681896256
1986-10-01,1.6413842722148497,4.649297483894182,ponzi,0,4,rouge,1.6413842722148497,0.8680865681896256
1986-11-01,1.6214911541753574,4.54178077154826,ponzi,0,4,rouge,1.6214911541753574,0.8680865681896256
1986-12-01,1.604316302408659,4.4413948180801155,ponzi,0,4,rouge,1.604316302408659,0.8680865681896256
1987-01-01,1.3957320422003132,3.8393007711461213,ponzi,1,3,rouge,1.3957320422003132,0.8680865681896256
1987-02-01,1.347453907568803,3.7772436317897196,ponzi,1,3,rouge,1.347453907568803,0.8680865681896256
1987-03-01,1.2793393760264162,3.718102064513017,ponzi,1,3,rouge,1.2793393760264162,0.8680865681896256
1987-04-01,1.305573510317532,3.3463915306493703,credit,0,4,rouge,1.305573510317532,0.8680865681896256
1987-05-01,1.2194837619852676,3.207277944117809,credit,0,4,rouge,1.2194837619852676,0.8680865681896256
1987-06-01,1.1564936413190272,3.085317631464697,credit,0,4,rouge,1.1564936413190272,0.8680865681896256
1987-07-01,1.075573363938678,3.1443251945768407,credit,0,4,rouge,1.075573363938678,0.8680865681896256
1987-08-01,1.0727586014994526,3.025616379707234,credit,1,4,rouge,1.0727586014994526,0.8680865681896256
1987-09-01,1.0586966528879231,2.9202360978320954,credit,1,4,rouge,1.0586966528879231,0.8680865681896256
1987-10-01,0.937637726806785,2.9459049311341565,reflexivite,1,4,rouge,0.937637726806785,0.8680865681896256
1987-11-01,0.8777840603165633,2.915145139586733,reflexivite,1,4,rouge,0.8777840603165633,0.8680865681896256
1987-12-01,0.8042959603795995,2.8853294445062616,reflexivite,1,4,rouge,0.8042959603795995,0.8680865681896256
1988-01-01,0.6749572176475058,2.633682971999253,credit,0,4,rouge,0.6749572176475058,0.8680865681896256
1988-02-01,0.6705719155582694,2.5583684428908664,credit,0,4,rouge,0.6705719155582694,0.8680865681896256
1988-03-01,0.6760300491198088,2.5026121763879394,reflexivite,0,4,rouge,0.6760300491198088,0.8680865681896256
1988-04-01,0.7020533226609607,3.279642453861766,reflexivite,0,4,rouge,0.7020533226609607,0.8680865681896256
1988-05-01,0.7137169689007204,3.2387103086432045,reflexivite,0,4,rouge,0.7137169689007204,0.8680865681896256
1988-06-01,0.7377710095364802,3.1992737880159594,reflexivite,0,4,rouge,0.7377710095364802,0.8680865681896256
1988-07-01,0.5933577527477506,2.4035907967946004,credit,0,4,rouge,0.5933577527477506,0.8680865681896256
1988-08-01,0.5722422437730492,2.3497556462577713,credit,0,4,rouge,0.5722422437730492,0.8680865681896256
1988-09-01,0.5490577674824623,2.2996818457384864,credit,0,4,rouge,0.5490577674824623,0.8680865681896256
1988-10-01,0.9106799834109384,4.113577658935105,reflexivite,0,4,rouge,0.9106799834109384,0.8680865681896256
1988-11-01,0.8993669561980284,4.037025569673058,reflexivite,0,4,rouge,0.8993669561980284,0.8680865681896256
1988-12-01,0.8847397361966428,3.964594758302141,reflexivite,0,4,rouge,0.8847397361966428,0.8680865681896256
1989-01-01,0.8150081407102842,3.4104978615852946,reflexivite,0,4,rouge,0.8150081407102842,0.8680865681896256
1989-02-01,0.7625066787005316,3.365680396521742,reflexivite,0,4,rouge,0.7625066787005316,0.8680865681896256
1989-03-01,0.7261256095531338,3.3225849227741406,reflexivite,1,4,rouge,0.7261256095531338,0.8680865681896256
1989-04-01,0.631145544608866,2.811833313588375,ponzi,2,3,rouge,0.631145544608866,0.8680865681896256
1989-05-01,0.6060753286208008,2.787227764465098,ponzi,1,3,rouge,0.6060753286208008,0.8680865681896256
1989-06-01,0.6107484185260901,2.763257226388079,ponzi,1,3,rouge,0.6107484185260901,0.8680865681896256
1989-07-01,0.7399438191221552,3.2303885148012728,ponzi,1,3,rouge,0.7399438191221552,0.8680865681896256
1989-08-01,0.7763807858481288,3.194435469643721,ponzi,1,3,rouge,0.7763807858481288,0.8680865681896256
1989-09-01,0.798728501027549,3.159656984525714,ponzi,1,3,rouge,0.798728501027549,0.8680865681896256
1989-10-01,0.7250377509593783,3.429256657683882,ponzi,2,2,rouge,0.7250377509593783,0.8680865681896256
1989-11-01,0.7247528404133352,3.3869967326588095,ponzi,2,2,rouge,0.7247528404133352,0.8680865681896256
1989-12-01,0.7479178802964634,3.3462618987108455,ponzi,2,2,rouge,0.7479178802964634,0.8680865681896256
1990-01-01,0.7551555610685207,3.2682804334335596,ponzi,2,2,rouge,0.7551555610685207,0.8680865681896256
1990-02-01,0.7583084402184613,3.2315640949075486,ponzi,2,2,rouge,0.7583084402184613,0.8680865681896256
1990-03-01,0.7513143481351758,3.1960582615550903,ponzi,3,2,rouge,0.7513143481351758,0.8680865681896256
1990-04-01,0.5923699177296523,3.0243933571426584,ponzi,3,2,rouge,0.5923699177296523,0.8680865681896256
1990-05-01,0.5689614377928175,2.9949868819933814,ponzi,2,2,rouge,0.5689614377928175,0.8680865681896256
1990-06-01,0.5740284013676252,2.966422014367904,ponzi,2,2,rouge,0.5740284013676252,0.8680865681896256
1990-07-01,0.5316317397004049,2.714617167187553,ponzi,2,2,rouge,0.5316317397004049,0.8680865681896256
1990-08-01,0.5125847690880242,2.6929183637364975,ponzi,2,2,rouge,0.5125847690880242,0.8680865681896256
1990-09-01,0.48185221997258243,2.671731851372557,ponzi,2,2,rouge,0.48185221997258243,0.8680865681896256
1990-10-01,0.44056998287230426,2.9732201869532258,ponzi,2,2,rouge,0.44056998287230426,0.8680865681896256
1990-11-01,0.3761770749085168,2.9454926580429035,ponzi,2,2,rouge,0.3761770749085168,0.8680865681896256
1990-12-01,0.32596722362506264,2.91852685195313,ponzi,3,1,rouge,0.32596722362506264,0.8680865681896256
1991-01-01,0.08876682401848932,3.1706627913917,ponzi,0,2,rouge,0.08876682401848932,0.8680865681896256
1991-02-01,0.10826096559217092,3.1376915354417814,ponzi,0,2,rouge,0.10826096559217092,0.8680865681896256
1991-03-01,0.11478837036504469,3.105728137950398,ponzi,1,1,rouge,0.11478837036504469,0.8680865681896256
1991-04-01,0.1263659368271883,2.61798367555485,ponzi,0,2,rouge,0.1263659368271883,0.8680865681896256
1991-05-01,0.15114220413604978,2.5986642693643858,ponzi,0,2,rouge,0.15114220413604978,0.8680865681896256
1991-06-01,0.14863812878578753,2.5797664658645876,ponzi,0,2,rouge,0.14863812878578753,0.8680865681896256
1991-07-01,0.2826785488413157,2.298893056315494,ponzi,0,2,rouge,0.2826785488413157,0.8680865681896256
1991-08-01,0.25664637077879476,2.285365373947879,ponzi,2,1,rouge,0.25664637077879476,0.8680865681896256
1991-09-01,0.23294630576041908,2.272073801933561,ponzi,2,1,rouge,0.23294630576041908,0.8680865681896256
1991-10-01,0.3045969718250481,2.3006822378080414,ponzi,3,1,rouge,0.3045969718250481,0.8680865681896256
1991-11-01,0.2980742404109152,2.287202172323463,ponzi,3,1,rouge,0.2980742404109152,0.8680865681896256
1991-12-01,0.341187089002045,2.2739563867693136,ponzi,3,1,rouge,0.341187089002045,0.8680865681896256
1992-01-01,0.31213120574506414,2.199326802897332,ponzi,3,1,rouge,0.31213120574506414,0.8680865681896256
1992-02-01,0.28128532048436067,2.1874339581021114,ponzi,3,1,rouge,0.28128532048436067,0.8680865681896256
1992-03-01,0.26428476515790345,2.175732048157751,ponzi,3,1,rouge,0.26428476515790345,0.8680865681896256
1992-04-01,0.2814264303263443,1.8028036065034387,ponzi,3,2,rouge,0.2814264303263443,0.8680865681896256
1992-05-01,0.27126797330017227,1.7957307754933487,ponzi,3,2,rouge,0.27126797330017227,0.8680865681896256
1992-06-01,0.26000904564020205,1.7887405782936834,ponzi,3,2,rouge,0.26000904564020205,0.8680865681896256
1992-07-01,0.2350102518994486,2.046054305138972,ponzi,4,1,rouge,0.2350102518994486,0.8680865681896256
1992-08-01,0.2652372470955037,2.0363238371161545,ponzi,4,1,rouge,0.2652372470955037,0.8680865681896256
1992-09-01,0.271919485733835,2.0267309400108187,ponzi,4,1,rouge,0.271919485733835,0.8680865681896256
1992-10-01,0.11864506459686257,1.6228604723748024,ponzi,4,1,rouge,0.11864506459686257,0.8680865681896256
1992-11-01,0.10994508744244329,1.6174729167318052,ponzi,4,1,rouge,0.10994508744244329,0.8680865681896256
1992-12-01,0.11664434455471054,1.6121386897521737,ponzi,4,1,rouge,0.11664434455471054,0.8680865681896256
1993-01-01,0.19011029726772294,1.5890277386178095,ponzi,4,1,rouge,0.19011029726772294,0.8680865681896256
1993-02-01,0.18813570949153155,1.583937562626703,ponzi,4,1,rouge,0.18813570949153155,0.8680865681896256
1993-03-01,0.21292828791482615,1.5788960156780816,ponzi,4,1,rouge,0.21292828791482615,0.8680865681896256
1993-04-01,0.14331167361385286,1.481497071362936,credit,5,0,orange,0.14331167361385286,0.8680865681896256
1993-05-01,0.17257457243617694,1.461619109067433,credit,5,0,orange,0.17257457243617694,0.8680865681896256
1993-06-01,0.19862211067745122,1.442518543517089,credit,5,0,orange,0.19862211067745122,0.8680865681896256
1993-07-01,0.25402009025766925,1.5691363708025652,credit,4,1,rouge,0.25402009025766925,0.8680865681896256
1993-08-01,0.2547755645863106,1.5479376909126017,credit,4,1,rouge,0.2547755645863106,0.8680865681896256
1993-09-01,0.28054640440439715,1.527551697937616,credit,4,1,rouge,0.28054640440439715,0.8680865681896256
1993-10-01,0.44531653691780126,1.6240749091931657,credit,5,1,rouge,0.44531653691780126,0.8680865681896256
1993-11-01,0.4519519973015911,1.6019299850900701,credit,5,1,rouge,0.4519519973015911,0.8680865681896256
1993-12-01,0.46401729710886147,1.5806380751310776,credit,5,1,rouge,0.46401729710886147,0.8680865681896256
1994-01-01,0.4339214410556922,1.6560783705664945,credit,5,1,rouge,0.4339214410556922,0.8680865681896256
1994-02-01,0.4477761179363558,1.6335203220018564,credit,5,1,rouge,0.4477761179363558,0.8680865681896256
1994-03-01,0.4291088890529156,1.6118203544763636,credit,5,1,rouge,0.4291088890529156,0.8680865681896256
1994-04-01,0.37346022829424114,1.6153902132260918,credit,5,1,rouge,0.37346022829424114,0.8680865681896256
1994-05-01,0.37132816583464356,1.5947071583565444,credit,5,1,rouge,0.37132816583464356,0.8680865681896256
1994-06-01,0.3549815232952024,1.5747602010095896,credit,5,1,rouge,0.3549815232952024,0.8680865681896256
1994-07-01,0.3614374156430022,1.5387710173571854,credit,5,1,rouge,0.3614374156430022,0.8680865681896256
1994-08-01,0.3923631092986801,1.5199285965470566,credit,5,1,rouge,0.3923631092986801,0.8680865681896256
1994-09-01,0.406059891002821,1.5017388169672243,credit,5,1,rouge,0.406059891002821,0.8680865681896256
1994-10-01,0.4981477143036003,1.6292654883213804,reflexivite,4,2,rouge,0.4981477143036003,0.8680865681896256
1994-11-01,0.5077756602471708,1.6237857371546658,reflexivite,4,2,rouge,0.5077756602471708,0.8680865681896256
1994-12-01,0.5334555432652438,1.6183609339265028,reflexivite,5,1,rouge,0.5334555432652438,0.8680865681896256
1995-01-01,0.39650966926964076,1.4378092268300147,credit,5,0,orange,0.39650966926964076,0.8680865681896256
1995-02-01,0.4199853396847661,1.4218902079978755,credit,5,0,orange,0.4199853396847661,0.8680865681896256
1995-03-01,0.44392883138404476,1.4064831225601562,credit,6,0,orange,0.44392883138404476,0.9118286957517462
1995-04-01,0.48038223034575417,1.5219602730099069,credit,5,1,rouge,0.48038223034575417,0.9118286957517462
1995-05-01,0.5212699177206802,1.505402666479996,credit,5,1,rouge,0.5212699177206802,0.9118286957517462
1995-06-01,0.5601750883746722,1.5355755542512737,survalorisation,5,1,rouge,0.5601750883746722,0.9118286957517462
1995-07-01,0.6553686498991343,1.7643962484486722,survalorisation,4,2,rouge,0.6553686498991343,0.9118286957517462
1995-08-01,0.6395826822010601,1.750055243686746,survalorisation,4,2,rouge,0.6395826822010601,0.9118286957517462
1995-09-01,0.6466717355706916,1.8171608653235876,survalorisation,4,2,rouge,0.6466717355706916,0.9118286957517462
1995-10-01,0.6204550170052932,1.9500288379073352,survalorisation,3,2,rouge,0.6204550170052932,0.9118286957517462
1995-11-01,0.6338961468807385,1.98945236308835,survalorisation,3,2,rouge,0.6338961468807385,0.9118286957517462
1995-12-01,0.6430950744768075,2.0564620740654114,survalorisation,3,2,rouge,0.6430950744768075,0.9118286957517462
1996-01-01,0.7637494501935664,2.1080953630956154,survalorisation,4,2,rouge,0.7637494501935664,0.9118286957517462
1996-02-01,0.7554733556491754,2.2309073338428407,survalorisation,4,2,rouge,0.7554733556491754,0.9118286957517462
1996-03-01,0.7372733542458267,2.186147582540624,survalorisation,4,2,rouge,0.7372733542458267,0.9118286957517462
1996-04-01,0.7236891867910246,2.226722485243629,survalorisation,3,2,rouge,0.7236891867910246,0.9118286957517462
1996-05-01,0.7191973617930476,2.260103471093292,survalorisation,3,2,rouge,0.7191973617930476,0.9118286957517462
1996-06-01,0.7066203817519063,2.268037677882805,survalorisation,3,2,rouge,0.7066203817519063,0.9118286957517462
1996-07-01,0.7117739313308556,2.133182890880513,survalorisation,4,2,rouge,0.7117739313308556,0.9118286957517462
1996-08-01,0.7017189763610711,2.1845804710014023,survalorisation,4,2,rouge,0.7017189763610711,0.9118286957517462
1996-09-01,0.6814702353186716,2.2052932949448723,survalorisation,4,2,rouge,0.6814702353186716,0.9118286957517462
1996-10-01,0.6327748489100999,2.3590273453707553,survalorisation,3,2,rouge,0.6327748489100999,0.9118286957517462
1996-11-01,0.666237134492591,2.4659947782006952,survalorisation,3,2,rouge,0.666237134492591,0.9118286957517462
1996-12-01,0.6532647177838978,2.4706094427652863,survalorisation,3,2,rouge,0.6532647177838978,0.9118286957517462
1997-01-01,0.6963054483543626,2.5079695879519495,survalorisation,5,1,rouge,0.6963054483543626,0.9118286957517462
1997-02-01,0.7036533428806391,2.5952838429290708,survalorisation,5,1,rouge,0.7036533428806391,0.9118286957517462
1997-03-01,0.6746893513568322,2.536177327456455,survalorisation,5,1,rouge,0.6746893513568322,0.9118286957517462
1997-04-01,0.7333549862040263,2.779427203174855,survalorisation,4,2,rouge,0.7333549862040263,0.9118286957517462
1997-05-01,0.769164133368136,3.0065098500696807,survalorisation,5,1,rouge,0.769164133368136,0.9118286957517462
1997-06-01,0.79361975452112,3.125717893559636,survalorisation,5,1,rouge,0.79361975452112,0.9118286957517462
1997-07-01,0.9690633524844949,3.4659095119933534,survalorisation,4,2,rouge,0.9690633524844949,0.9118286957517462
1997-08-01,0.9782338138225124,3.4218075129140497,survalorisation,4,2,rouge,0.9782338138225124,0.9118286957517462
1997-09-01,0.9673201307519929,3.40512885149339,survalorisation,4,2,rouge,0.9673201307519929,0.9118286957517462
1997-10-01,0.9885224169187998,3.4095962701725395,survalorisation,4,2,rouge,0.9885224169187998,0.9118286957517462
1997-11-01,1.0011917162409967,3.328467785237622,survalorisation,4,2,rouge,1.0011917162409967,0.9118286957517462
1997-12-01,1.0103038322541593,3.3751536628229357,survalorisation,4,2,rouge,1.0103038322541593,0.9118286957517462
1998-01-01,1.0885245321140153,3.7530411540620428,survalorisation,6,2,rouge,1.0885245321140153,0.9118286957517462
1998-02-01,1.1134472199031218,3.900695726989759,survalorisation,6,2,rouge,1.1134472199031218,0.9118286957517462
1998-03-01,1.1118095373197885,4.019510187308709,survalorisation,6,2,rouge,1.1118095373197885,0.9118286957517462
1998-04-01,1.2568974910578532,4.098708394023324,survalorisation,5,3,rouge,1.2568974910578532,0.9118286957517462
1998-05-01,1.2673953223933294,4.027102367777722,survalorisation,5,3,rouge,1.2673953223933294,0.9118286957517462
1998-06-01,1.2808262743269927,3.9735898948679544,survalorisation,5,3,rouge,1.2808262743269927,0.9118286957517462
1998-07-01,1.3538504212242046,3.6936376839217826,survalorisation,3,4,rouge,1.3538504212242046,0.9118286957517462
1998-08-01,1.35018641522645,3.395132563883643,survalorisation,3,4,rouge,1.35018641522645,0.9118286957517462
1998-09-01,1.370808688708541,3.192595327874118,survalorisation,3,4,rouge,1.370808688708541,0.9118286957517462
1998-10-01,1.5821502260148315,4.992159265997737,reflexivite,3,4,rouge,1.5821502260148315,0.9118286957517462
1998-11-01,1.623104578384781,4.8856443095886695,reflexivite,2,4,rouge,1.623104578384781,0.9118286957517462
1998-12-01,1.6504069407794115,4.7856692632728866,reflexivite,3,4,rouge,1.6504069407794115,0.9118286957517462
1999-01-01,1.344999654233388,4.276192030003582,survalorisation,3,3,rouge,1.344999654233388,0.9118286957517462
1999-02-01,1.311382384785184,4.216104639136819,survalorisation,3,3,rouge,1.311382384785184,0.9118286957517462
1999-03-01,1.2731704011031222,4.260991683091326,survalorisation,2,3,rouge,1.2731704011031222,0.9118286957517462
1999-04-01,1.6037833452667116,4.578814751845627,survalorisation,3,4,rouge,1.6037833452667116,0.9118286957517462
1999-05-01,1.5878581272860488,4.5119241363729685,survalorisation,3,4,rouge,1.5878581272860488,0.9118286957517462
1999-06-01,1.5266921165200769,4.427196611435621,survalorisation,3,4,rouge,1.5266921165200769,1.0
1999-07-01,1.4063027937525017,4.339938458867185,survalorisation,6,3,rouge,1.4063027937525017,1.0
1999-08-01,1.3982287428448834,4.13028657257929,survalorisation,6,3,rouge,1.3982287428448834,1.0
1999-09-01,1.3771265569475304,4.038799846387097,survalorisation,6,3,rouge,1.3771265569475304,1.0
1999-10-01,1.4070099670663516,4.504609268969691,survalorisation,4,4,rouge,1.4070099670663516,1.0
1999-11-01,1.4265850438346366,4.67478119591986,survalorisation,4,4,rouge,1.4265850438346366,1.0
1999-12-01,1.4055823819820603,4.698932072782711,survalorisation,3,4,rouge,1.4055823819820603,1.0
2000-01-01,1.4278408711699557,4.762882935879318,survalorisation,2,5,rouge,1.4278408711699557,1.0
2000-02-01,1.4178099822564,4.566471344731748,survalorisation,2,5,rouge,1.4178099822564,1.0
2000-03-01,1.4380423089243426,4.594369018159323,survalorisation,3,5,rouge,1.4380423089243426,1.0
2000-04-01,1.469027704521674,4.346397393040206,survalorisation,5,4,rouge,1.469027704521674,1.0
2000-05-01,1.3856542686659128,4.1722791265406745,survalorisation,4,4,rouge,1.3856542686659128,1.0
2000-06-01,1.3998148230363552,4.196750774817377,survalorisation,4,4,rouge,1.3998148230363552,1.0
2000-07-01,1.295373445317871,4.060889848148073,survalorisation,3,4,rouge,1.295373445317871,1.0
2000-08-01,1.2926278653763983,4.032455164199146,survalorisation,3,4,rouge,1.2926278653763983,1.0
2000-09-01,1.2433557843886909,3.9183585454375014,survalorisation,3,4,rouge,1.2433557843886909,1.0
2000-10-01,1.228932178094672,3.2830126997395555,survalorisation,2,5,rouge,1.228932178094672,1.0
2000-11-01,1.1889627780133807,3.216604727129826,survalorisation,2,5,rouge,1.1889627780133807,1.0
2000-12-01,1.14184217377653,3.078528913095646,survalorisation,2,5,rouge,1.14184217377653,1.0
2001-01-01,0.6172223480502166,2.7315365504348468,survalorisation,1,4,rouge,0.6172223480502166,1.0
2001-02-01,0.6021918786179169,2.650212956910868,desequilibres,1,4,rouge,0.6021918786179169,1.0
2001-03-01,0.5379202959466669,2.6339871353507283,desequilibres,1,4,rouge,0.5379202959466669,1.0
2001-04-01,0.619826141975366,2.4567732608813806,survalorisation,0,4,rouge,0.619826141975366,1.0
2001-05-01,0.6375788840186118,2.5964825470660644,survalorisation,0,4,rouge,0.6375788840186118,1.0
2001-06-01,0.6418016728705535,2.5073172295095767,survalorisation,0,4,rouge,0.6418016728705535,1.0
2001-07-01,0.8196851827253652,3.0588904091301687,ponzi,1,4,rouge,0.8196851827253652,1.0
2001-08-01,0.8284326491852151,3.034778779447018,ponzi,1,4,rouge,0.8284326491852151,1.0
2001-09-01,0.7411416272519239,3.011228583346371,ponzi,1,4,rouge,0.7411416272519239,1.0
2001-10-01,0.9208865121211156,6.389895248698835,ponzi,0,4,rouge,0.9208865121211156,1.0
2001-11-01,0.9417036525833451,6.194293078208753,ponzi,0,4,rouge,0.9417036525833451,1.0
2001-12-01,0.9033202491553519,6.015620584274459,ponzi,0,4,rouge,0.9033202491553519,1.0
2002-01-01,0.7774770400332728,3.3884744805024805,ponzi,0,4,rouge,0.7774770400332728,1.0
2002-02-01,0.7733032803638025,3.3566508446750154,ponzi,0,4,rouge,0.7733032803638025,1.0
2002-03-01,0.7586123093865009,3.3257074569100418,ponzi,0,4,rouge,0.7586123093865009,1.0
2002-04-01,0.5300301176893256,2.5810005082444896,desequilibres,0,4,rouge,0.5300301176893256,1.0
2002-05-01,0.5267088721277218,2.5662214209546477,desequilibres,0,4,rouge,0.5267088721277218,1.0
2002-06-01,0.4875062328123965,2.551693397035254,desequilibres,1,3,rouge,0.4875062328123965,1.0
2002-07-01,0.3078507706451894,2.544984283356582,desequilibres,3,2,rouge,0.3078507706451894,1.0
2002-08-01,0.34272800641198536,2.5308233001429232,desequilibres,3,2,rouge,0.34272800641198536,1.0
2002-09-01,0.3120587850513505,2.516896156721321,desequilibres,3,2,rouge,0.3120587850513505,1.0
2002-10-01,0.3344636202002922,2.70929879062558,desequilibres,2,2,rouge,0.3344636202002922,1.0
2002-11-01,0.36497958545334,2.6925728748996294,desequilibres,2,2,rouge,0.36497958545334,1.0
2002-12-01,0.36235228436904543,2.676153019976559,desequilibres,2,2,rouge,0.36235228436904543,1.0
2003-01-01,0.45518725704657265,2.9066623943195724,desequilibres,2,2,rouge,0.45518725704657265,1.0
2003-02-01,0.4320630332584672,2.8864470961382414,desequilibres,2,2,rouge,0.4320630332584672,1.0
2003-03-01,0.4360684643048186,2.866647872996999,desequilibres,2,2,rouge,0.4360684643048186,1.0
2003-04-01,0.7719904032437603,2.6927695553865028,desequilibres,2,3,rouge,0.7719904032437603,1.0
2003-05-01,0.815551336497615,2.67646691804204,desequilibres,2,3,rouge,0.815551336497615,1.0
2003-06-01,0.8265204910088767,2.660456900469548,desequilibres,2,3,rouge,0.8265204910088767,1.0
2003-07-01,0.7748730280609395,2.583121650710143,desequilibres,2,3,rouge,0.7748730280609395,1.0
2003-08-01,0.7620020742264942,2.5686342697962443,desequilibres,2,3,rouge,0.7620020742264942,1.0
2003-09-01,0.7658261613860918,2.5543879958641993,desequilibres,2,3,rouge,0.7658261613860918,1.0
2003-10-01,0.6663157340189699,2.4217206077646907,credit,2,2,rouge,0.6663157340189699,1.0
2003-11-01,0.6559483994814498,2.406581489569591,credit,1,3,rouge,0.6559483994814498,1.0
2003-12-01,0.6599600589053448,2.3917671945034726,credit,1,3,rouge,0.6599600589053448,1.0
2004-01-01,0.6997876487318208,2.5353406601240125,desequilibres,3,3,rouge,0.6997876487318208,1.0
2004-02-01,0.6947846303800292,2.52169076037757,desequilibres,3,3,rouge,0.6947846303800292,1.0
2004-03-01,0.6949884229629522,2.5082590291742184,desequilibres,2,3,rouge,0.6949884229629522,1.0
2004-04-01,0.6305740392027067,2.8342513330668915,desequilibres,3,3,rouge,0.6305740392027067,1.0
2004-05-01,0.6143968257119552,2.815806006622318,desequilibres,3,3,rouge,0.6143968257119552,1.0
2004-06-01,0.6283549020248113,2.7977162494868315,desequilibres,3,3,rouge,0.6283549020248113,1.0
2004-07-01,0.7015994395586806,2.852976525939264,desequilibres,5,2,rouge,0.7015994395586806,1.0
2004-08-01,0.6927736528798343,2.8342733674395317,desequilibres,5,2,rouge,0.6927736528798343,1.0
2004-09-01,0.7470644140124818,2.8159333535767566,desequilibres,5,2,rouge,0.7470644140124818,1.0
2004-10-01,1.0053218189713786,3.1171374230492175,desequilibres,5,3,rouge,1.0053218189713786,1.0
2004-11-01,1.0425739298925232,3.0933180859276805,desequilibres,5,3,rouge,1.0425739298925232,1.0
2004-12-01,1.058255799245972,3.070036661128946,desequilibres,5,3,rouge,1.058255799245972,1.0
2005-01-01,0.9814567779350194,2.802690829355094,desequilibres,5,3,rouge,0.9814567779350194,1.0
2005-02-01,0.9922201473030074,2.7850358213253124,desequilibres,5,3,rouge,0.9922201473030074,1.0
2005-03-01,0.9635831970661889,2.7677103697037406,desequilibres,5,3,rouge,0.9635831970661889,1.0
2005-04-01,0.9453930747290938,2.8623181510369027,desequilibres,4,3,rouge,0.9453930747290938,1.0
2005-05-01,0.9377034897783206,2.8436857397092554,desequilibres,4,3,rouge,0.9377034897783206,1.0
2005-06-01,0.9751899318899566,2.82541258617808,desequilibres,4,3,rouge,0.9751899318899566,1.0
2005-07-01,1.0761738522786621,2.894600023672516,desequilibres,3,4,rouge,1.0761738522786621,1.0
2005-08-01,1.0732936638306878,2.8754615150694303,desequilibres,3,4,rouge,1.0732936638306878,1.0
2005-09-01,1.0585653657362704,2.8566977415141075,desequilibres,3,4,rouge,1.0585653657362704,1.0
2005-10-01,0.9497739529429794,3.1476152010388914,desequilibres,4,3,rouge,0.9497739529429794,1.0
2005-11-01,0.950580946135203,3.1235510432189093,desequilibres,3,4,rouge,0.950580946135203,1.0
2005-12-01,0.9568116091566282,3.1000305891148536,desequilibres,3,4,rouge,0.9568116091566282,1.0
2006-01-01,1.0801774046042907,2.8572360077068253,desequilibres,3,4,rouge,1.0801774046042907,1.0
2006-02-01,1.0778231377435634,2.8389282948859034,desequilibres,3,4,rouge,1.0778231377435634,1.0
2006-03-01,1.0655769275708096,2.8209681139840797,desequilibres,3,4,rouge,1.0655769275708096,1.0
2006-04-01,1.0326870427644756,2.8736483004528153,desequilibres,3,4,rouge,1.0326870427644756,1.0
2006-05-01,1.0057237201589773,2.8551259105823203,desequilibres,3,4,rouge,1.0057237201589773,1.0
2006-06-01,0.9859184337102547,2.836957191653322,desequilibres,3,3,rouge,0.9859184337102547,1.0
2006-07-01,1.054380529776221,2.972320773142757,desequilibres,5,3,rouge,1.054380529776221,1.0
2006-08-01,1.0693540274012976,2.9520650983003724,desequilibres,5,3,rouge,1.0693540274012976,1.0
2006-09-01,1.0650635657895833,2.9322180402640363,desequilibres,4,4,rouge,1.0650635657895833,1.0
2006-10-01,1.1715748458627446,2.8983108357147658,reflexivite,4,4,rouge,1.1715748458627446,1.0
2006-11-01,1.189981398364268,2.8786041570651735,reflexivite,4,4,rouge,1.189981398364268,1.0
2006-12-01,1.1899590116658234,2.859294139748924,reflexivite,4,4,rouge,1.1899590116658234,1.0
2007-01-01,1.1271112030484969,2.53641437014933,desequilibres,2,5,rouge,1.1271112030484969,1.0
2007-02-01,1.1242294863202162,2.5234265419978876,desequilibres,2,5,rouge,1.1242294863202162,1.0
2007-03-01,1.098366747699467,2.5106362486555907,desequilibres,1,5,rouge,1.098366747699467,1.0
2007-04-01,1.322067527424627,3.4881259678421146,reflexivite,3,5,rouge,1.322067527424627,1.0
2007-05-01,1.3176385904173535,3.4553206843183704,reflexivite,3,5,rouge,1.3176385904173535,1.0
2007-06-01,1.292192193118176,3.423424032363685,reflexivite,2,5,rouge,1.292192193118176,1.0
2007-07-01,1.1730879617448153,2.9896181869689347,reflexivite,1,5,rouge,1.1730879617448153,1.0
2007-08-01,1.1522834427773423,2.9684161514852994,reflexivite,2,5,rouge,1.1522834427773423,1.0
2007-09-01,1.180772248665938,2.9476589748281934,reflexivite,1,5,rouge,1.180772248665938,1.0
2007-10-01,1.178111888969607,3.6180549290218877,reflexivite,0,6,rouge,1.178111888969607,1.0
2007-11-01,1.1410545640926748,3.5819858416270756,reflexivite,0,6,rouge,1.1410545640926748,1.0
2007-12-01,1.184558052042992,3.546974553864853,reflexivite,0,6,rouge,1.184558052042992,1.0
2008-01-01,1.147149973280252,2.18753224918262,reflexivite,2,5,rouge,1.147149973280252,1.0
2008-02-01,1.1313221414806576,2.17853989573786,reflexivite,2,5,rouge,1.1313221414806576,1.0
2008-03-01,1.1313055211193388,2.16965756343488,reflexivite,2,5,rouge,1.1313055211193388,1.0
2008-04-01,0.8391545842385604,2.231736027513586,fragilite,2,4,rouge,0.8391545842385604,1.0
2008-05-01,0.8713914927757354,2.4575012443470907,fragilite,2,4,rouge,0.8713914927757354,1.0
2008-06-01,0.8337482824829007,2.6986675591844045,fragilite,2,4,rouge,0.8337482824829007,1.0
2008-07-01,1.002115703183508,2.681552711825162,fragilite,3,4,rouge,1.002115703183508,1.0
2008-08-01,0.9781605589558351,2.435646228032023,fragilite,3,4,rouge,0.9781605589558351,1.0
2008-09-01,0.8785892639189303,2.2888070802839384,fragilite,3,4,rouge,0.8785892639189303,1.0
2008-10-01,0.2832401207631448,2.949331768451653,reflexivite,3,3,rouge,0.2832401207631448,1.0
2008-11-01,0.28225256628609907,2.929342007864161,reflexivite,3,3,rouge,0.28225256628609907,1.0
2008-12-01,0.48849824566488714,3.067317708774776,fragilite,3,3,rouge,0.48849824566488714,1.0
2009-01-01,0.2304989155730114,3.31249583078109,fragilite,5,1,rouge,0.2304989155730114,1.0
2009-02-01,0.23977274493297365,3.3827296415317933,fragilite,5,1,rouge,0.23977274493297365,1.0
2009-03-01,0.20416262078483344,3.0028941144985657,fragilite,5,1,rouge,0.20416262078483344,1.0
2009-04-01,0.1826497777941501,2.315563407850698,fragilite,4,1,rouge,0.1826497777941501,1.0
2009-05-01,0.1459845440613567,1.642172826880731,fragilite,4,1,rouge,0.1459845440613567,1.0
2009-06-01,0.111401979079728,1.4330273063855652,credit,5,0,orange,0.111401979079728,1.0
2009-07-01,0.1353625568852656,1.4071614438001196,credit,4,0,orange,0.1353625568852656,1.0
2009-08-01,0.13856455667465772,1.4027531945369187,credit,5,0,orange,0.13856455667465772,1.0
2009-09-01,0.14408526838062488,1.3983950368635434,credit,4,0,orange,0.14408526838062488,1.0
2009-10-01,0.5761666811808591,1.3282984267190716,reflexivite,6,0,orange,0.5761666811808591,1.0
2009-11-01,0.6026757320633536,1.3257583506925037,reflexivite,7,0,orange,0.6026757320633536,1.0
2009-12-01,0.5630186487648928,1.3232327973193247,reflexivite,7,0,orange,0.5630186487648928,1.0
2010-01-01,0.5661294560243997,1.3843520834494334,surchauffe,7,0,orange,0.5661294560243997,1.0
2010-02-01,0.5382414170462502,1.3815710411220952,surchauffe,7,0,orange,0.5382414170462502,1.0
2010-03-01,0.5194858886379381,1.3788066992395691,surchauffe,7,0,orange,0.5194858886379381,1.0
2010-04-01,0.44149515624931596,1.1844566634096974,surchauffe,7,0,orange,0.44149515624931596,1.0
2010-05-01,0.4128484146204758,1.1825035751891504,surchauffe,7,0,orange,0.4128484146204758,1.0
2010-06-01,0.41742624197683215,1.1805601210149788,surchauffe,7,0,orange,0.41742624197683215,1.0
2010-07-01,0.47986187487042437,1.2061312009608287,reflexivite,7,0,orange,0.47986187487042437,1.0
2010-08-01,0.5241886095567918,1.2041078771898681,reflexivite,7,0,orange,0.5241886095567918,1.0
2010-09-01,0.5529003022336159,1.202094706401196,reflexivite,7,0,orange,0.5529003022336159,1.0
2010-10-01,0.5369298162237998,1.373094089053079,inegalites,6,0,orange,0.5369298162237998,1.0
2010-11-01,0.515422231317925,1.36541171053531,inegalites,6,0,orange,0.515422231317925,1.0
2010-12-01,0.47121828981136465,1.3578570013987323,inegalites,6,0,orange,0.47121828981136465,1.0
2011-01-01,0.6061551930344525,1.5120904979537055,inegalites,5,1,rouge,0.6061551930344525,1.0
2011-02-01,0.5868209779355221,1.502573294790682,inegalites,5,1,rouge,0.5868209779355221,1.0
2011-03-01,0.6130140756455504,1.493233755133939,inegalites,6,0,orange,0.6130140756455504,1.0
2011-04-01,0.6728656855546294,1.7404282232608106,reflexivite,4,2,rouge,0.6728656855546294,1.0
2011-05-01,0.6943288872072949,1.7356998503662586,reflexivite,4,2,rouge,0.6943288872072949,1.0
2011-06-01,0.7002442864175494,1.731009820026968,reflexivite,4,2,rouge,0.7002442864175494,1.0
2011-07-01,0.6840217159000346,2.3578801569995487,reflexivite,5,1,rouge,0.6840217159000346,1.0
2011-08-01,0.7127186436921735,2.347516785741681,reflexivite,6,1,rouge,0.7127186436921735,1.0
2011-09-01,0.7223712783567865,2.337288902881336,reflexivite,6,1,rouge,0.7223712783567865,1.0
2011-10-01,0.5544720227979877,1.4358386185123486,inegalites,7,0,orange,0.5544720227979877,1.0
2011-11-01,0.5633640862212119,1.4276963195608805,inegalites,7,0,orange,0.5633640862212119,1.0
2011-12-01,0.564148265427434,1.419691134877032,inegalites,6,0,orange,0.564148265427434,1.0
2012-01-01,0.474989259313567,1.6219178713823212,inegalites,4,1,rouge,0.474989259313567,1.0
2012-02-01,0.4799837199582691,1.6111437134657922,inegalites,4,1,rouge,0.4799837199582691,1.0
2012-03-01,0.46354992570613635,1.60058166019429,inegalites,4,1,rouge,0.46354992570613635,1.0
2012-04-01,0.5523577525830542,1.6230324941598209,reflexivite,4,2,rouge,0.5523577525830542,1.0
2012-05-01,0.5450656780738236,1.6191172729916097,reflexivite,4,2,rouge,0.5450656780738236,1.0
2012-06-01,0.5465942757695423,1.615230259657038,reflexivite,4,2,rouge,0.5465942757695423,1.0
2012-07-01,0.5578016775331083,1.663440914788624,inegalites,5,1,rouge,0.5578016775331083,1.0
2012-08-01,0.534181935414583,1.6522253527977662,inegalites,5,1,rouge,0.534181935414583,1.0
2012-09-01,0.5460863191911541,1.6412338399744617,inegalites,5,1,rouge,0.5460863191911541,1.0
2012-10-01,0.5495885380811604,1.4258426318276298,inegalites,6,0,orange,0.5495885380811604,1.0
2012-11-01,0.5362103248530042,1.4181730641692525,inegalites,6,0,orange,0.5362103248530042,1.0
2012-12-01,0.5270463598883055,1.4106260701817837,inegalites,6,0,orange,0.5270463598883055,1.0
2013-01-01,0.45314990019212,1.5050850115022927,inegalites,5,1,rouge,0.45314990019212,1.0
2013-02-01,0.4367378821648144,1.4964648740891606,inegalites,6,0,orange,0.4367378821648144,1.0
2013-03-01,0.4446643377293072,1.4879913161625549,inegalites,6,0,orange,0.4446643377293072,1.0
2013-04-01,0.5749403880393017,1.4290475913523035,inegalites,7,0,orange,0.5749403880393017,1.0
2013-05-01,0.5538636056580918,1.4342180294994196,survalorisation,7,0,orange,0.5538636056580918,1.0
2013-06-01,0.4761456822372886,1.4140676890140547,inegalites,5,0,orange,0.4761456822372886,1.0
2013-07-01,0.44342655705357825,1.5203552670352072,survalorisation,5,1,rouge,0.44342655705357825,1.0
2013-08-01,0.4296875620303403,1.5065148620009334,survalorisation,5,1,rouge,0.4296875620303403,1.0
2013-09-01,0.42759567427030715,1.5095918973172169,survalorisation,5,1,rouge,0.42759567427030715,1.0
2013-10-01,0.4496560177693728,1.670640339275543,survalorisation,4,1,rouge,0.4496560177693728,1.0
2013-11-01,0.4557270756130495,1.7274652972553444,survalorisation,4,1,rouge,0.4557270756130495,1.0
2013-12-01,0.43067393711092977,1.7394852346944747,survalorisation,4,1,rouge,0.43067393711092977,1.0
2014-01-01,0.5131334604328085,1.8106686763436588,survalorisation,4,2,rouge,0.5131334604328085,1.0
2014-02-01,0.5258862670647885,1.7847674215499492,survalorisation,4,2,rouge,0.5258862670647885,1.0
2014-03-01,0.5211647851488735,1.8071968859268208,survalorisation,4,2,rouge,0.5211647851488735,1.0
2014-04-01,0.4667329974142393,1.8521344885578608,survalorisation,2,2,rouge,0.4667329974142393,1.0
2014-05-01,0.4870989610812946,1.858086935959267,survalorisation,2,2,rouge,0.4870989610812946,1.0
2014-06-01,0.4974840016769491,1.8988958996714664,survalorisation,2,2,rouge,0.4974840016769491,1.0
2014-07-01,0.5746675470880637,1.855650703491359,survalorisation,3,2,rouge,0.5746675470880637,1.0
2014-08-01,0.5689783717625078,1.8351778290817684,survalorisation,3,2,rouge,0.5689783717625078,1.0
2014-09-01,0.5444272152920578,1.852836061643387,survalorisation,3,2,rouge,0.5444272152920578,1.0
2014-10-01,0.5245260114461586,1.8715905878447106,survalorisation,3,2,rouge,0.5245260114461586,1.0
2014-11-01,0.5519408508211906,1.975292154636272,survalorisation,4,2,rouge,0.5519408508211906,1.0
2014-12-01,0.541592535895456,1.9834082646323878,survalorisation,3,2,rouge,0.541592535895456,1.0
2015-01-01,0.6147602479403594,1.9507204402216365,survalorisation,1,3,rouge,0.6147602479403594,1.0
2015-02-01,0.6292082933530951,1.982976975108822,survalorisation,1,3,rouge,0.6292082933530951,1.0
2015-03-01,0.6206354466678546,1.9568455266495293,survalorisation,2,3,rouge,0.6206354466678546,1.0
2015-04-01,0.5709055398188944,1.8994460897465613,survalorisation,3,2,rouge,0.5709055398188944,1.0
2015-05-01,0.5457067715582171,1.8954242818259468,survalorisation,3,2,rouge,0.5457067715582171,1.0
2015-06-01,0.5181345944016237,1.8668637976057467,survalorisation,3,2,rouge,0.5181345944016237,1.0
2015-07-01,0.5475354152351788,2.3457825428198187,reflexivite,2,3,rouge,0.5475354152351788,1.0
2015-08-01,0.5389811765744211,2.336179007905041,reflexivite,2,3,rouge,0.5389811765744211,1.0
2015-09-01,0.5111988840398325,2.326692490306117,reflexivite,2,3,rouge,0.5111988840398325,1.0
2015-10-01,0.4883058425306322,1.8348087358162828,reflexivite,1,3,rouge,0.4883058425306322,1.0
2015-11-01,0.4821134779271797,1.8297745447179299,reflexivite,1,3,rouge,0.4821134779271797,1.0
2015-12-01,0.4657135764609782,1.8247815768404172,reflexivite,1,3,rouge,0.4657135764609782,1.0
2016-01-01,0.4481209933032202,1.7624307634624363,reflexivite,1,3,rouge,0.4481209933032202,1.0
2016-02-01,0.4791449617814302,1.7578996248388825,reflexivite,1,3,rouge,0.4791449617814302,1.0
2016-03-01,0.5261254859479717,1.7534032662681773,reflexivite,1,3,rouge,0.5261254859479717,1.0
2016-04-01,0.5594783352624297,1.7443060397409038,reflexivite,1,3,rouge,0.5594783352624297,1.0
2016-05-01,0.5586439728961945,1.7399072195588796,reflexivite,1,3,rouge,0.5586439728961945,1.0
2016-06-01,0.5591788899541971,1.7355415216933359,reflexivite,2,3,rouge,0.5591788899541971,1.0
2016-07-01,0.6452834198558561,1.8140004328487067,survalorisation,3,2,rouge,0.6452834198558561,1.0
2016-08-01,0.6454402624438274,1.8288554490182416,survalorisation,3,2,rouge,0.6454402624438274,1.0
2016-09-01,0.6205932328541429,1.8078359073208836,survalorisation,3,2,rouge,0.6205932328541429,1.0
2016-10-01,0.5483229845283806,1.7664892602874482,survalorisation,3,2,rouge,0.5483229845283806,1.0
2016-11-01,0.5013339447641305,1.7869956170426684,survalorisation,2,2,rouge,0.5013339447641305,1.0
2016-12-01,0.47283253984274454,1.8592556659267476,survalorisation,2,2,rouge,0.47283253984274454,1.0
2017-01-01,0.4963800811472037,1.9657579047007236,survalorisation,2,2,rouge,0.4963800811472037,1.0
2017-02-01,0.511605786890894,2.0051084775798396,survalorisation,2,2,rouge,0.511605786890894,1.0
2017-03-01,0.5291329734500606,2.0323394354820086,survalorisation,2,2,rouge,0.5291329734500606,1.0
2017-04-01,0.5627147736359035,2.030866109119474,survalorisation,3,2,rouge,0.5627147736359035,1.0
2017-05-01,0.573928152740419,2.0562095349688096,survalorisation,3,2,rouge,0.573928152740419,1.0
2017-06-01,0.5798531019571666,2.0834172844795877,survalorisation,3,2,rouge,0.5798531019571666,1.0
2017-07-01,0.6124809480442107,2.129256624342338,survalorisation,3,1,rouge,0.6124809480442107,1.0
2017-08-01,0.6101804933643455,2.1169566021870523,survalorisation,3,1,rouge,0.6101804933643455,1.0
2017-09-01,0.6165909621058159,2.1301550058353764,survalorisation,3,1,rouge,0.6165909621058159,1.0
2017-10-01,0.6946808103842604,2.2643898175315647,survalorisation,4,2,rouge,0.6946808103842604,1.0
2017-11-01,0.6896901988850094,2.2857937331382345,survalorisation,4,2,rouge,0.6896901988850094,1.0
2017-12-01,0.6940233713599793,2.337489653959911,survalorisation,4,2,rouge,0.6940233713599793,1.0
2018-01-01,0.6989856101761853,2.366327814789594,survalorisation,5,1,rouge,0.6989856101761853,1.0
2018-02-01,0.623362441796947,2.2651849661638743,survalorisation,4,1,rouge,0.623362441796947,1.0
2018-03-01,0.6268349209218717,2.2420583124951206,survalorisation,4,1,rouge,0.6268349209218717,1.0
2018-04-01,0.7099715116181458,3.0581022192371266,reflexivite,2,2,rouge,0.7099715116181458,1.0
2018-05-01,0.7377128641928709,3.0390303227600444,reflexivite,3,2,rouge,0.7377128641928709,1.0
2018-06-01,0.7734194441983059,3.0203109084277924,reflexivite,3,2,rouge,0.7734194441983059,1.0
2018-07-01,0.6408141091289247,2.3794877783761774,survalorisation,5,1,rouge,0.6408141091289247,1.0
2018-08-01,0.6566958113121437,2.4089138863860677,survalorisation,5,1,rouge,0.6566958113121437,1.0
2018-09-01,0.6560980432420714,2.4182451798584,survalorisation,5,1,rouge,0.6560980432420714,1.0
2018-10-01,0.6641054995829148,2.777098532880959,reflexivite,3,2,rouge,0.6641054995829148,1.0
2018-11-01,0.6543554236024232,2.762606414899823,reflexivite,3,2,rouge,0.6543554236024232,1.0
2018-12-01,0.6335532369188667,2.7483388695384656,reflexivite,3,2,rouge,0.6335532369188667,1.0
2019-01-01,0.5618838571885415,2.0001648086615464,survalorisation,2,2,rouge,0.5618838571885415,1.0
2019-02-01,0.5805558381747966,2.079968967179707,survalorisation,2,2,rouge,0.5805558381747966,1.0
2019-03-01,0.5865309292467646,2.076917414337103,survalorisation,2,2,rouge,0.5865309292467646,1.0
2019-04-01,0.46020370950721295,2.137004398723414,survalorisation,3,1,rouge,0.46020370950721295,1.0
2019-05-01,0.4529028188774414,2.0659022786789647,survalorisation,2,1,rouge,0.4529028188774414,1.0
2019-06-01,0.47661821170579644,2.063350412784062,survalorisation,3,1,rouge,0.47661821170579644,1.0
2019-07-01,0.5814539405361924,2.0863736911423016,survalorisation,4,1,rouge,0.5814539405361924,1.0
2019-08-01,0.5858399781022577,1.987372708449755,survalorisation,3,1,rouge,0.5858399781022577,1.0
2019-09-01,0.6004601615839339,2.020522209706858,survalorisation,3,1,rouge,0.6004601615839339,1.0
2019-10-01,0.603239149613894,2.1190154109765986,survalorisation,3,1,rouge,0.603239149613894,1.0
2019-11-01,0.6203812943438237,2.1851515100802956,survalorisation,4,1,rouge,0.6203812943438237,1.0
2019-12-01,0.6177431156993496,2.2145912160197154,survalorisation,4,1,rouge,0.6177431156993496,1.0
2020-01-01,0.6038132503313802,1.7983366215823757,survalorisation,5,1,rouge,0.6038132503313802,1.0
2020-02-01,0.6221869037490074,1.7766252987635642,survalorisation,5,1,rouge,0.6221869037490074,1.0
2020-03-01,0.4740187437922888,1.3438707930201117,survalorisation,6,0,orange,0.4740187437922888,1.0
2020-04-01,0.6501298894442852,2.1132594137004603,monetaire,5,2,rouge,0.6501298894442852,1.0
2020-05-01,0.7607984340962306,2.65530320494126,monetaire,5,2,rouge,0.7607984340962306,1.0
2020-06-01,0.7650831880707439,2.7438123227557156,monetaire,4,2,rouge,0.7650831880707439,1.0
2020-07-01,0.7090258843777411,2.8604591082649304,monetaire,3,2,rouge,0.7090258843777411,1.0
2020-08-01,0.7447245760722855,2.8419492013599843,monetaire,3,2,rouge,0.7447245760722855,1.0
2020-09-01,0.7360604321867374,2.847913706207841,monetaire,3,2,rouge,0.7360604321867374,1.0
2020-10-01,1.0134766001897184,2.7644690950895345,survalorisation,5,2,rouge,1.0134766001897184,1.0
2020-11-01,1.0278515870429328,2.835623530352996,survalorisation,4,2,rouge,1.0278515870429328,1.0
2020-12-01,1.0366678279823547,2.913954047633149,survalorisation,4,2,rouge,1.0366678279823547,1.0
2021-01-01,1.0477675893778302,3.055896162375384,survalorisation,3,3,rouge,1.0477675893778302,1.0
2021-02-01,1.0268100008095835,3.081119392266189,survalorisation,3,3,rouge,1.0268100008095835,1.0
2021-03-01,0.9396461924541695,3.059601423782482,survalorisation,3,3,rouge,0.9396461924541695,1.0
2021-04-01,1.0385283020414158,3.2935642446716313,survalorisation,4,3,rouge,1.0385283020414158,1.0
2021-05-01,0.9847577251961439,3.2613468564537413,survalorisation,5,2,rouge,0.9847577251961439,1.0
2021-06-01,0.9873867525744283,3.251884053821879,survalorisation,6,2,rouge,0.9873867525744283,1.0
2021-07-01,1.0588552093095571,3.22299495868939,survalorisation,4,3,rouge,1.0588552093095571,1.0
2021-08-01,1.0791853672414535,3.2426391929504117,survalorisation,4,3,rouge,1.0791853672414535,1.0
2021-09-01,1.0428186857968431,3.1998564803679277,survalorisation,4,3,rouge,1.0428186857968431,1.0
2021-10-01,0.8950993066611027,3.260045521337194,survalorisation,5,1,rouge,0.8950993066611027,1.0
2021-11-01,0.8972048685790543,3.33449779678039,survalorisation,5,1,rouge,0.8972048685790543,1.0
2021-12-01,0.8890096318942505,3.2956069349515302,survalorisation,5,1,rouge,0.8890096318942505,1.0
2022-01-01,0.8220529094443348,2.980404466770689,survalorisation,4,2,rouge,0.8220529094443348,1.0
2022-02-01,0.7636475281635283,2.8512746442343744,survalorisation,4,2,rouge,0.7636475281635283,1.0
2022-03-01,0.7324021494581133,2.767472158178286,survalorisation,4,2,rouge,0.7324021494581133,1.0
2022-04-01,0.46582576487604216,2.235572273289697,survalorisation,3,1,rouge,0.46582576487604216,1.0
2022-05-01,0.41184659994002354,2.0053758647518234,survalorisation,3,1,rouge,0.41184659994002354,1.0
2022-06-01,0.41481310224978096,1.887186558312227,survalorisation,3,1,rouge,0.41481310224978096,1.0
2022-07-01,0.36166348753857147,1.7480219684729512,survalorisation,3,1,rouge,0.36166348753857147,1.0
2022-08-01,0.39033500262517085,1.863013964819461,survalorisation,3,1,rouge,0.39033500262517085,1.0
2022-09-01,0.2946753604421681,1.6872246232081773,survalorisation,3,1,rouge,0.2946753604421681,1.0
2022-10-01,0.16637830159430786,1.6520182388806137,survalorisation,3,1,rouge,0.16637830159430786,1.0
2022-11-01,0.20358743012618585,1.7393749390968818,survalorisation,3,1,rouge,0.20358743012618585,1.0
2022-12-01,0.20012453474479214,1.7316789813509792,survalorisation,3,1,rouge,0.20012453474479214,1.0
2023-01-01,0.14106113052320818,1.8496073524988434,survalorisation,3,1,rouge,0.14106113052320818,1.0
2023-02-01,0.13317767558458254,1.8861129286369427,survalorisation,3,1,rouge,0.13317767558458254,1.0
2023-03-01,0.13246419026327197,1.8134691176169926,survalorisation,3,1,rouge,0.13246419026327197,1.0
2023-04-01,0.262726052327733,2.003043818640721,survalorisation,3,1,rouge,0.262726052327733,1.0
2023-05-01,0.3060536666286313,1.9973757065790978,survalorisation,4,1,rouge,0.3060536666286313,1.0
2023-06-01,0.3363568397695039,2.0738414125399522,survalorisation,4,1,rouge,0.3363568397695039,1.0
2023-07-01,0.2907623996675303,2.0053217758754496,survalorisation,4,1,rouge,0.2907623996675303,1.0
2023-08-01,0.223439792497973,1.9600401466791961,survalorisation,3,1,rouge,0.223439792497973,1.0
2023-09-01,0.18621841813948461,1.920618949323814,survalorisation,3,1,rouge,0.18621841813948461,1.0
2023-10-01,0.4431484349227134,2.7058197870143283,reflexivite,2,2,rouge,0.4431484349227134,1.0
2023-11-01,0.49098597413276085,2.693233457955305,reflexivite,2,2,rouge,0.49098597413276085,1.0
2023-12-01,0.5424679883227699,2.680821176801184,reflexivite,3,2,rouge,0.5424679883227699,1.0
2024-01-01,0.533914973614355,2.4125194145451507,survalorisation,4,1,rouge,0.533914973614355,1.0
2024-02-01,0.5301806421340793,2.472630943743797,survalorisation,4,1,rouge,0.5301806421340793,1.0
2024-03-01,0.5509773997509784,2.513552526498123,survalorisation,4,1,rouge,0.5509773997509784,1.0
2024-04-01,0.5005484804547334,2.4902530569798818,survalorisation,4,1,rouge,0.5005484804547334,1.0
2024-05-01,0.5179298393110235,2.5249789264182914,survalorisation,4,1,rouge,0.5179298393110235,1.0
2024-06-01,0.5499532745317168,2.5873536157690635,survalorisation,4,1,rouge,0.5499532745317168,1.0
2024-07-01,0.5666929623075578,2.721946731635146,survalorisation,2,2,rouge,0.5666929623075578,1.0
2024-08-01,0.5559896256518437,2.675462605036579,survalorisation,1,2,rouge,0.5559896256518437,1.0
2024-09-01,0.5583308542155094,2.71579670442484,survalorisation,1,2,rouge,0.5583308542155094,1.0
2024-10-01,0.5078024831961335,2.793362438892985,survalorisation,2,1,rouge,0.5078024831961335,1.0
2024-11-01,0.5181245051781228,2.834276067426045,survalorisation,3,1,rouge,0.5181245051781228,1.0
2024-12-01,0.5110747495450692,2.8475923750501426,survalorisation,3,1,rouge,0.5110747495450692,1.0
2025-01-01,0.5061306709130723,2.6505280843734305,survalorisation,2,2,rouge,0.5061306709130723,1.0
2025-02-01,0.5086280112239523,2.6455827667290213,survalorisation,2,2,rouge,0.5086280112239523,1.0
2025-03-01,0.48203102238288176,2.474335181709457,survalorisation,1,2,rouge,0.48203102238288176,1.0
2025-04-01,0.3935682306204954,2.505896953116289,survalorisation,2,1,rouge,0.3935682306204954,1.0
2025-05-01,0.44145036155539463,2.6622577870653146,survalorisation,2,1,rouge,0.44145036155539463,1.0
2025-06-01,0.4590734228585638,2.721857782686105,survalorisation,2,1,rouge,0.4590734228585638,1.0
2025-07-01,0.5628097227441362,2.942798654904273,survalorisation,4,2,rouge,0.5628097227441362,1.0
2025-08-01,0.5755717431084646,2.954766979061028,survalorisation,4,2,rouge,0.5755717431084646,1.0
2025-09-01,0.5920727596885192,2.9909779414214888,survalorisation,4,2,rouge,0.5920727596885192,1.0
2025-10-01,0.5711857755807117,3.05328182231033,survalorisation,2,2,rouge,0.5711857755807117,1.0
2025-11-01,0.6308576353394612,3.0357769797459113,survalorisation,2,2,rouge,0.6308576353394612,1.0
2025-12-01,0.6377346807679011,3.0509812417493474,survalorisation,3,2,rouge,0.6377346807679011,1.0
2026-01-01,0.5440904007026327,2.939545032580687,survalorisation,3,2,rouge,0.5440904007026327,1.0
2026-02-01,0.5426281565834128,2.886268399795088,survalorisation,2,2,rouge,0.5426281565834128,1.0
2026-03-01,0.4970155929402961,2.743851407856961,survalorisation,2,2,rouge,0.4970155929402961,1.0
2026-04-01,0.5652019525209602,3.187401553488658,survalorisation,2,2,rouge,0.5652019525209602,1.0
2026-05-01,0.7895594218715564,2.9604704747335804,survalorisation,1,1,rouge,0.7895594218715564,0.42757357151036296
2026-06-01,0.7901037008740784,2.9586301125036507,survalorisation,1,1,rouge,0.7901037008740784,0.42757357151036296
2026-07-01,0.7906585988536126,2.931845502982627,survalorisation,1,1,rouge,0.7906585988536126,0.42757357151036296
2026-08-01,0.8806546143167245,3.0518044033992675,survalorisation,1,1,rouge,0.8806546143167245,0.38383144394824226
2026-09-01,0.7932979796269686,2.9898150791927622,survalorisation,1,1,rouge,0.7932979796269686,0.38383144394824226
2026-10-01,0.8759893768311223,2.998237170147891,survalorisation,1,1,rouge,0.8759893768311223,0.29291194320393904
