date,credit,standards_pret,survalorisation,monetaire,prime_risque,fragilite,surchauffe,desequilibres,inegalites,reflexivite,ponzi
1881-01-01,,,,,,,,,,,
1881-02-01,,,,,,,,,,,
1881-03-01,,,,,,,,,,,
1881-04-01,,,,,,,,,,,
1881-05-01,,,,,,,,,,,
1881-06-01,,,,,,,,,,,
1881-07-01,,,,,,,,,,,
1881-08-01,,,,,,,,,,,
1881-09-01,,,,,,,,,,,
1881-10-01,,,,,,,,,,,
1881-11-01,,,,,,,,,,,
1881-12-01,,,,,,,,,,,
1882-01-01,,,,,,,,,,,
1882-02-01,,,,,,,,,,,
1882-03-01,,,,,,,,,,,
1882-04-01,,,,,,,,,,,
1882-05-01,,,,,,,,,,,
1882-06-01,,,,,,,,,,,
1882-07-01,,,,,,,,,,,
1882-08-01,,,,,,,,,,,
1882-09-01,,,,,,,,,,,
1882-10-01,,,,,,,,,,,
1882-11-01,,,,,,,,,,,
1882-12-01,,,,,,,,,,,
1883-01-01,,,,,,,,,,,
1883-02-01,,,,,,,,,,,
1883-03-01,,,,,,,,,,,
1883-04-01,,,,,,,,,,,
1883-05-01,,,,,,,,,,,
1883-06-01,,,,,,,,,,,
1883-07-01,,,,,,,,,,,
1883-08-01,,,,,,,,,,,
1883-09-01,,,,,,,,,,,
1883-10-01,,,,,,,,,,,
1883-11-01,,,,,,,,,,,
1883-12-01,,,,,,,,,,,
1884-01-01,,,,,,,,,,,
1884-02-01,,,,,,,,,,,
1884-03-01,,,,,,,,,,,
1884-04-01,,,,,,,,,,,
1884-05-01,,,,,,,,,,,
1884-06-01,,,,,,,,,,,
1884-07-01,,,,,,,,,,,
1884-08-01,,,,,,,,,,,
1884-09-01,,,,,,,,,,,
1884-10-01,,,,,,,,,,,
1884-11-01,,,,,,,,,,,
1884-12-01,,,,,,,,,,,
1885-01-01,,,,,,,,,,,
1885-02-01,,,,,,,,,,,
1885-03-01,,,,,,,,,,,
1885-04-01,,,,,,,,,,,
1885-05-01,,,,,,,,,,,
1885-06-01,,,,,,,,,,,
1885-07-01,,,,,,,,,,,
1885-08-01,,,,,,,,,,,
1885-09-01,,,,,,,,,,,
1885-10-01,,,,,,,,,,,
1885-11-01,,,,,,,,,,,
1885-12-01,,,,,,,,,,,
1886-01-01,,,,,,,,,,,
1886-02-01,,,,,,,,,,,
1886-03-01,,,,,,,,,,,
1886-04-01,,,,,,,,,,,
1886-05-01,,,,,,,,,,,
1886-06-01,,,,,,,,,,,
1886-07-01,,,,,,,,,,,
1886-08-01,,,,,,,,,,,
1886-09-01,,,,,,,,,,,
1886-10-01,,,,,,,,,,,
1886-11-01,,,,,,,,,,,
1886-12-01,,,,,,,,,,,
1887-01-01,,,,,,,,,,,
1887-02-01,,,,,,,,,,,
1887-03-01,,,,,,,,,,,
1887-04-01,,,,,,,,,,,
1887-05-01,,,,,,,,,,,
1887-06-01,,,,,,,,,,,
1887-07-01,,,,,,,,,,,
1887-08-01,,,,,,,,,,,
1887-09-01,,,,,,,,,,,
1887-10-01,,,,,,,,,,,
1887-11-01,,,,,,,,,,,
1887-12-01,,,,,,,,,,,
1888-01-01,,,,,,,,,,,
1888-02-01,,,,,,,,,,,
1888-03-01,,,,,,,,,,,
1888-04-01,,,,,,,,,,,
1888-05-01,,,,,,,,,,,
1888-06-01,,,,,,,,,,,
1888-07-01,,,,,,,,,,,
1888-08-01,,,,,,,,,,,
1888-09-01,,,,,,,,,,,
1888-10-01,,,,,,,,,,,
1888-11-01,,,,,,,,,,,
1888-12-01,,,,,,,,,,,
1889-01-01,,,,,,,,,,,
1889-02-01,,,,,,,,,,,
1889-03-01,,,,,,,,,,,
1889-04-01,,,,,,,,,,,
1889-05-01,,,,,,,,,,,
1889-06-01,,,,,,,,,,,
1889-07-01,,,,,,,,,,,
1889-08-01,,,,,,,,,,,
1889-09-01,,,,,,,,,,,
1889-10-01,,,,,,,,,,,
1889-11-01,,,,,,,,,,,
1889-12-01,,,,,,,,,,,
1890-01-01,,,,,,,,,,,
1890-02-01,,,,,,,,,,,
1890-03-01,,,,,,,,,,,
1890-04-01,,,,,,,,,,,
1890-05-01,,,,,,,,,,,
1890-06-01,,,,,,,,,,,
1890-07-01,,,,,,,,,,,
1890-08-01,,,,,,,,,,,
1890-09-01,,,,,,,,,,,
1890-10-01,,,,,,,,,,,
1890-11-01,,,,,,,,,,,
1890-12-01,,,-1.0412065092908132,,,,,,,,
1891-01-01,,,-0.3689467798678197,,,,,,,,
1891-02-01,,,-0.33497126783338677,,,,,,,,
1891-03-01,,,-0.6225127618683827,,,,,,,,
1891-04-01,,,-0.3753917640362846,,,,,,,,
1891-05-01,,,-0.2656765667220068,,,,,,,,
1891-06-01,,,-0.20140008705707957,,,,,,,,
1891-07-01,,,-0.2284349557921246,,,,,,,,
1891-08-01,,,0.15161025520614177,,,,,,,,
1891-09-01,,,1.2223089845915847,,,,,,,,
1891-10-01,,,1.2142731514362557,,,,,,,,
1891-11-01,,,1.1722427836999827,,,,,,,,
1891-12-01,,,1.5246644070393005,,,,,,,,
1892-01-01,,,2.0443550927582197,,,,,,,,
1892-02-01,,,2.0185299360844384,,,,,,,,
1892-03-01,,,2.427832554824256,,,,,,,,
1892-04-01,,,2.4945190430622364,,,,,,,,
1892-05-01,,,2.4112149346934033,,,,,,,,
1892-06-01,,,2.2679801630257024,,,,,,,,
1892-07-01,,,1.8859671497983326,,,,,,,,
1892-08-01,,,1.8511470024895957,,,,,,,,
1892-09-01,,,1.5184161946979071,,,,,,,,
1892-10-01,,,1.7066619827811296,,,,,,,,
1892-11-01,,,1.3416506275603974,,,,,,,,
1892-12-01,,,1.0600512312496961,,,,,,,,
1893-01-01,,,0.8385917724186099,,,,,,,,
1893-02-01,,,0.5131744884459064,,,,,,,,
1893-03-01,,,0.3741756061395079,,,,,,,,
1893-04-01,,,0.4961843922980546,,,,,,,,
1893-05-01,,,-0.31285218605513143,,,,,,,,
1893-06-01,,,-0.5346876446159112,,,,,,,,
1893-07-01,,,-1.1826658772745433,,,,,,,,
1893-08-01,,,-1.0289942265091256,,,,,,,,
1893-09-01,,,-0.7640642871576658,,,,,,,,
1893-10-01,,,-0.6013349501461812,,,,,,,,
1893-11-01,,,-0.18656609349611086,,,,,,,,
1893-12-01,,,-0.38938906806468265,,,,,,,,
1894-01-01,,,-0.30930783613592994,,,,,,,,
1894-02-01,,,-0.020868466095893524,,,,,,,,
1894-03-01,,,0.5921694241641189,,,,,,,,
1894-04-01,,,0.743379727993538,,,,,,,,
1894-05-01,,,0.34948947987175866,,,,,,,,
1894-06-01,,,0.22146306008744174,,,,,,,,
1894-07-01,,,0.021670573306400483,,,,,,,,
1894-08-01,,,0.12763453485734144,,,,,,,,
1894-09-01,,,0.1680700624925242,,,,,,,,
1894-10-01,,,0.15523597126583782,,,,,,,,
1894-11-01,,,0.180140024591083,,,,,,,,
1894-12-01,,,0.2623396763272854,,,,,,,,
1895-01-01,,,0.16679072370956843,,,,,,,,
1895-02-01,,,0.04225192922519785,,,,,,,,
1895-03-01,,,0.0636290928581373,,,,,,,,
1895-04-01,,,0.07824611731091019,,,,,,,,
1895-05-01,,,0.5263914621534186,,,,,,,,
1895-06-01,,,0.6067062996865406,,,,,,,,
1895-07-01,,,0.8235710255015544,,,,,,,,
1895-08-01,,,1.160468809624367,,,,,,,,
1895-09-01,,,1.2339118442312742,,,,,,,,
1895-10-01,,,1.0610629814360186,,,,,,,,
1895-11-01,,,0.6667073822391089,,,,,,,,
1895-12-01,,,0.1482803983634523,,,,,,,,
1896-01-01,,,0.16598917619361375,,,,,,,,
1896-02-01,,,0.7781543518871264,,,,,,,,
1896-03-01,,,0.590243738506307,,,,,,,,
1896-04-01,,,0.8565838136996626,,,,,,,,
1896-05-01,,,0.9728428472247962,,,,,,,,
1896-06-01,,,0.9347508792016372,,,,,,,,
1896-07-01,,,0.18363870429481288,,,,,,,,
1896-08-01,,,-0.43113598275025045,,,,,,,,
1896-09-01,,,0.1246677854966066,,,,,,,,
1896-10-01,,,0.05459050098542823,,,,,,,,
1896-11-01,,,0.48550891026030896,,,,,,,,
1896-12-01,,,0.09355851340267013,,,,,,,,
1897-01-01,,,0.44289773064264704,,,,,,,,
1897-02-01,,,0.353197242737898,,,,,,,,
1897-03-01,,,0.3949602677671233,,,,,,,,
1897-04-01,,,0.21879817101053398,,,,,,,,
1897-05-01,,,0.45388135303958227,,,,,,,,
1897-06-01,,,0.9909605698004232,,,,,,,,
1897-07-01,,,1.5193853117851777,,,,,,,,
1897-08-01,,,1.7400856957280306,,,,,,,,
1897-09-01,,,1.9609807224164097,,,,,,,,
1897-10-01,,,1.7150683294522604,,,,,,,,
1897-11-01,,,1.2639906766063924,,,,,,,,
1897-12-01,,,1.5094738519522015,,,,,,,,
1898-01-01,,,1.8193248277614085,,,,,,,,
1898-02-01,,,1.5889486459000377,,,,,,,,
1898-03-01,,,1.012747108159251,,,,,,,,
1898-04-01,,,0.7898530421581117,,,,,,,,
1898-05-01,,,0.7158189439842102,,,,,,,,
1898-06-01,,,1.9661716195857488,,,,,,,,
1898-07-01,,,2.1409989595038392,,,,,,,,
1898-08-01,,,2.5364056497723357,,,,,,,,
1898-09-01,,,2.4309830406692856,,,,,,,,
1898-10-01,,,2.093207420264142,,,,,,,,
1898-11-01,,,2.414831191731345,,,,,,,,
1898-12-01,,,2.888981815349459,,,,,,,,
1899-01-01,,,3.6825834647669984,,,,,,,,
1899-02-01,,,3.6259731999057494,,,,,,,,
1899-03-01,,,3.6334846383458346,,,,,,,,
1899-04-01,,,3.4562329251725883,,,,,,,,
1899-05-01,,,2.824708434731181,,,,,,,,
1899-06-01,,,2.324001469266411,,,,,,,,
1899-07-01,,,2.467133566163257,,,,,,,,
1899-08-01,,,2.5105704160391595,,,,,,,,
1899-09-01,,,1.9085567467280582,,,,,,,,
1899-10-01,,,1.67139272537906,,,,,,,,
1899-11-01,,,1.6787584076678452,,,,,,,,
1899-12-01,,,0.8245346567380792,,,,,,,,
1900-01-01,,,0.9026976110772017,,,,,,,,
1900-02-01,,,0.9139703887961309,,,,,,,,
1900-03-01,,,0.9465103140074216,,,,,,,,
1900-04-01,,,1.023289305958321,,,,,,,,
1900-05-01,,,0.7508019479236252,,,,,,,,
1900-06-01,,,0.541282591204177,,,,,,,,
1900-07-01,,,0.38646839799902954,,,,,,,,
1900-08-01,,,0.5780823802771998,,,,,,,,
1900-09-01,,,0.20707229622789247,,,,,,,,
1900-10-01,,,0.5934184263745897,,,,,,,,
1900-11-01,,,1.2595164053477623,,,,,,,,
1900-12-01,,,1.9163864939452477,,,,,,,,
1901-01-01,,,2.013868179836235,,,,,,,,
1901-02-01,,,2.3351727122469024,,,,,,,,
1901-03-01,,,2.625153546402803,,,,,,,,
1901-04-01,,,3.5394735377243975,,,,,,,,
1901-05-01,,,2.837711688790718,,,,,,,,
1901-06-01,,,3.7482184075780802,,,,,,,,
1901-07-01,,,2.734130343404978,,,,,,,,
1901-08-01,,,2.6588498360404866,,,,,,,,
1901-09-01,,,2.406493548130803,,,,,,,,
1901-10-01,,,2.229087909972443,,,,,,,,
1901-11-01,,,2.255101174228122,,,,,,,,
1901-12-01,,,1.9324327108782242,,,,,,,,
1902-01-01,,,2.1941018214887973,,,,,,,,
1902-02-01,,,2.2193833217613363,,,,,,,,
1902-03-01,,,2.1733738137640146,,,,,,,,
1902-04-01,,,2.319333748313431,,,,,,,,
1902-05-01,,,2.1293061363449057,,,,,,,,
1902-06-01,,,1.9172284631113632,,,,,,,,
1902-07-01,,,2.071477960119147,,,,,,,,
1902-08-01,,,2.3649293629618895,,,,,,,,
1902-09-01,,,2.2114481256896124,,,,,,,,
1902-10-01,,,1.2879969882729934,,,,,,,,
1902-11-01,,,1.2027161763479108,,,,,,,,
1902-12-01,,,0.8847595333408197,,,,,,,,
1903-01-01,,,1.1579501971808541,,,,,,,,
1903-02-01,,,1.0679001801664818,,,,,,,,
1903-03-01,,,0.9739909616573726,,,,,,,,
1903-04-01,,,0.6051522797585582,,,,,,,,
1903-05-01,,,0.5934277681890757,,,,,,,,
1903-06-01,,,0.13067045121629592,,,,,,,,
1903-07-01,,,-0.23602063956241445,,,,,,,,
1903-08-01,,,-0.48778959691594,,,,,,,,
1903-09-01,,,-0.7493887797320572,,,,,,,,
1903-10-01,,,-0.9106721447295263,,,,,,,,
1903-11-01,,,-0.8445817039349838,,,,,,,,
1903-12-01,,,-0.5829756950873757,,,,,,,,
1904-01-01,,,-0.6555555328200202,,,,,,,,
1904-02-01,,,-0.9970449179488861,,,,,,,,
1904-03-01,,,-0.9688450966993116,,,,,,,,
1904-04-01,,,-0.7680609703462005,,,,,,,,
1904-05-01,,,-0.7821143957441181,,,,,,,,
1904-06-01,,,-0.8009096464367639,,,,,,,,
1904-07-01,,,-0.5683051608069,,,,,,,,
1904-08-01,,,-0.45680307477726095,,,,,,,,
1904-09-01,,,-0.2755792199314978,,,,,,,,
1904-10-01,,,0.09233085853706541,,,,,,,,
1904-11-01,,,0.275222003910387,,,,,,,,
1904-12-01,,,0.3092507125814542,,,,,,,,
1905-01-01,,,0.4330323403486888,,,,,,,,
1905-02-01,,,0.7260628826570675,,,,,,,,
1905-03-01,,,0.9983964778657782,,,,,,,,
1905-04-01,,,0.8507759222861323,,,,,,,,
1905-05-01,,,0.49430414923032523,,,,,,,,
1905-06-01,,,0.5374823083733418,,,,,,,,
1905-07-01,,,0.7318075415194605,,,,,,,,
1905-08-01,,,0.8826663231254828,,,,,,,,
1905-09-01,,,0.9507396242244811,,,,,,,,
1905-10-01,,,1.011626953068376,,,,,,,,
1905-11-01,,,0.8195944522905954,,,,,,,,
1905-12-01,,,0.8732483983895719,,,,,,,,
1906-01-01,,,1.1011718314156544,,,,,,,,
1906-02-01,,,0.9868159623745176,,,,,,,,
1906-03-01,,,0.7309307528215375,,,,,,,,
1906-04-01,,,0.5692554401300917,,,,,,,,
1906-05-01,,,0.22431564474879753,,,,,,,,
1906-06-01,,,0.2736254530751138,,,,,,,,
1906-07-01,,,0.2826011948546255,,,,,,,,
1906-08-01,,,0.6062946798675437,,,,,,,,
1906-09-01,,,0.7030996904273851,,,,,,,,
1906-10-01,,,0.23636013239909406,,,,,,,,
1906-11-01,,,0.2555535007284897,,,,,,,,
1906-12-01,,,0.051612878628164244,,,,,,,,
1907-01-01,,,-0.13508148658441949,,,,,,,,
1907-02-01,,,-0.5591162862087162,,,,,,,,
1907-03-01,,,-1.2042819860037006,,,,,,,,
1907-04-01,,,-1.2071309243021393,,,,,,,,
1907-05-01,,,-1.5716336977715326,,,,,,,,
1907-06-01,,,-1.83229288549605,,,,,,,,
1907-07-01,,,-1.636904668087984,,,,,,,,
1907-08-01,,,-2.0702020138712074,,,,,,,,
1907-09-01,,,-2.1289355829343024,,,,,,,,
1907-10-01,,,-2.7155321835600787,,,,,,,,
1907-11-01,,,-2.7763580693685808,,,,,,,,
1907-12-01,,,-2.4470428906224946,,,,,,,,
1908-01-01,,,-2.1967092231050587,,,,,,,,
1908-02-01,,,-2.3136997657484732,,,,,,,,
1908-03-01,,,-2.1239501448846614,,,,,,,,
1908-04-01,,,-1.9256394433085096,,,,,,,,
1908-05-01,,,-1.6670532680275323,,,,,,,,
1908-06-01,,,-1.667952470171382,,,,,,,,
1908-07-01,,,-1.5444548938183653,,,,,,,,
1908-08-01,,,-1.3274977109034047,,,,,,,,
1908-09-01,,,-1.3929417270408333,,,,,,,,
1908-10-01,,,-1.3909453303784007,,,,,,,,
1908-11-01,,,-1.0964783354178904,,,,,,,,
1908-12-01,,,-1.0356541488716582,,,,,,,,
1909-01-01,,,-0.9618228215933712,,,,,,,,
1909-02-01,,,-1.1908810071388403,,,,,,,,
1909-03-01,,,-1.1211823145421285,,,,,,,,
1909-04-01,,,-0.9975872451358694,,,,,,,,
1909-05-01,,,-0.8749822078515282,,,,,,,,
1909-06-01,,,-0.8389438950246166,,,,,,,,
1909-07-01,,,-0.7625544550932377,,,,,,,,
1909-08-01,,,-0.6883511273064722,,,,,,,,
1909-09-01,,,-0.7504540100979361,,,,,,,,
1909-10-01,,,-0.852272430799041,,,,,,,,
1909-11-01,,,-0.9449123536640429,,,,,,,,
1909-12-01,,,-0.9403955483433988,,,,,,,,
1910-01-01,,,-1.0168298498356043,,,,,,,,
1910-02-01,,,-1.2261933924497839,,,,,,,,
1910-03-01,,,-1.2032009722092956,,,,,,,,
1910-04-01,,,-1.389066409508678,,,,,,,,
1910-05-01,,,-1.3798705849355948,,,,,,,,
1910-06-01,,,-1.5861268737817196,,,,,,,,
1910-07-01,,,-1.8382016674622472,,,,,,,,
1910-08-01,,,-1.6730675573238518,,,,,,,,
1910-09-01,,,-1.590803738425555,,,,,,,,
1910-10-01,,,-1.2076197896320569,,,,,,,,
1910-11-01,,,-1.1093752463683433,,,,,,,,
1910-12-01,,,-1.2679232821554824,,,,,,,,
1911-01-01,,,-1.1456423212248137,,,,,,,,
1911-02-01,,,-0.8844978230110531,,,,,,,,
1911-03-01,,,-1.0168306825608464,,,,,,,,
1911-04-01,,,-0.8674325999452176,,,,,,,,
1911-05-01,,,-0.7522202888796984,,,,,,,,
1911-06-01,,,-0.6427256236184097,,,,,,,,
1911-07-01,,,-0.735832995959867,,,,,,,,
1911-08-01,,,-1.1889203309817893,,,,,,,,
1911-09-01,,,-1.5300361971030332,,,,,,,,
1911-10-01,,,-1.4970302584624067,,,,,,,,
1911-11-01,,,-1.2383390281859172,,,,,,,,
1911-12-01,,,-1.1573277667816944,,,,,,,,
1912-01-01,,,-1.2049416023069064,,,,,,,,
1912-02-01,,,-1.301322816637144,,,,,,,,
1912-03-01,,,-1.2555078328773992,,,,,,,,
1912-04-01,,,-1.2456522571991695,,,,,,,,
1912-05-01,,,-1.244824576421349,,,,,,,,
1912-06-01,,,-1.1874724075554222,,,,,,,,
1912-07-01,,,-1.1770708289364555,,,,,,,,
1912-08-01,,,-1.10429698104467,,,,,,,,
1912-09-01,,,-1.1232956345012526,,,,,,,,
1912-10-01,,,-1.1280208419527133,,,,,,,,
1912-11-01,,,-1.1836979862519639,,,,,,,,
1912-12-01,,,-1.3166048723876582,,,,,,,,
1913-01-01,,,-1.4030283310268783,,,,,,,,
1913-02-01,,,-1.5730384295913362,,,,,,,,
1913-03-01,,,-1.6560041901526894,,,,,,,,
1913-04-01,,,-1.6519378910883118,,,,,,,,
1913-05-01,,,-1.7231616132306724,,,,,,,,
1913-06-01,,,-1.9857500526382261,,,,,,,,
1913-07-01,,,-1.9577056456652944,,,,,,,,
1913-08-01,,,-1.8302643216227148,,,,,,,,
1913-09-01,,,-1.8214771489315509,,,,,,,,
1913-10-01,,,-1.9479547485767843,,,,,,,,
1913-11-01,,,-2.0817584330634236,,,,,,,,
1913-12-01,,,-2.0309662454608426,,,,,,,,
1914-01-01,,,-1.8505270582356224,,,,,,,,
1914-02-01,,,-1.741062930998532,,,,,,,,
1914-03-01,,,-1.8134451274529257,,,,,,,,
1914-04-01,,,-1.8623593650842267,,,,,,,,
1914-05-01,,,-1.8676809302707402,,,,,,,,
1914-06-01,,,-1.8752761320790328,,,,,,,,
1914-07-01,,,-2.12595554287579,,,,,,,,
1914-08-01,,,-2.182976141863555,,,,,,,,
1914-09-01,,,-2.1645697220211755,,,,,,,,
1914-10-01,,,-2.110212201221372,,,,,,,,
1914-11-01,,,-2.1295776007229485,,,,,,,,
1914-12-01,,,-2.2347648328031475,,,,,,,,
1915-01-01,,,-2.1537648813682653,,,,,,,,
1915-02-01,,,-2.14937603438802,,,,,,,,
1915-03-01,,,-2.0055266476050164,,,,,,,,
1915-04-01,,,-1.755750382935967,,,,,,,,
1915-05-01,,,-1.874992755966854,,,,,,,,
1915-06-01,,,-1.82144481775175,,,,,,,,
1915-07-01,,,-1.8258130363449485,,,,,,,,
1915-08-01,,,-1.6565337400462554,,,,,,,,
1915-09-01,,,-1.5044159070717928,,,,,,,,
1915-10-01,,,-1.316234442944471,,,,,,,,
1915-11-01,,,-1.207200075907926,,,,,,,,
1915-12-01,,,-1.1966383789132522,,,,,,,,
1916-01-01,,,-1.3067360905223506,,,,,,,,
1916-02-01,,,-1.3665028572665356,,,,,,,,
1916-03-01,,,-1.4219075377406287,,,,,,,,
1916-04-01,,,-1.5081263321587701,,,,,,,,
1916-05-01,,,-1.4619948923157438,,,,,,,,
1916-06-01,,,-1.4668148089289212,,,,,,,,
1916-07-01,,,-1.5301886537095544,,,,,,,,
1916-08-01,,,-1.5440326662390005,,,,,,,,
1916-09-01,,,-1.466838935675995,,,,,,,,
1916-10-01,,,-1.4276296737874523,,,,,,,,
1916-11-01,,,-1.4201064788980475,,,,,,,,
1916-12-01,,,-1.628437349841376,,,,,,,,
1917-01-01,,,-1.7614918539258995,,,,,,,,
1917-02-01,,,-2.0602328717950305,,,,,,,,
1917-03-01,,,-1.9610927783964351,,,,,,,,
1917-04-01,,,-2.1737563535327826,,,,,,,,
1917-05-01,,,-2.3239805138865584,,,,,,,,
1917-06-01,,,-2.304135495044427,,,,,,,,
1917-07-01,,,-2.334239166441423,,,,,,,,
1917-08-01,,,-2.4549124710397363,,,,,,,,
1917-09-01,,,-2.632586330317253,,,,,,,,
1917-10-01,,,-2.7861026550756787,,,,,,,,
1917-11-01,,,-2.955726243302666,,,,,,,,
1917-12-01,,,-3.02823274120214,,,,,,,,
1918-01-01,,,-2.9246797523298573,,,,,,,,
1918-02-01,,,-2.850297060655336,,,,,,,,
1918-03-01,,,-2.8509305443404704,,,,,,,,
1918-04-01,,,-2.87149591783673,,,,,,,,
1918-05-01,,,-2.8240702216219233,,,,,,,,
1918-06-01,,,-2.821437448404123,,,,,,,,
1918-07-01,,,-2.830049606735297,,,,,,,,
1918-08-01,,,-2.8218429493557133,,,,,,,,
1918-09-01,,,-2.838283600024109,,,,,,,,
1918-10-01,,,-2.770120510080285,,,,,,,,
1918-11-01,,,-2.7319013356077293,,,,,,,,
1918-12-01,,,-2.762519218791707,,,,,,,,
1919-01-01,,,-2.7467452336141647,,,,,,,,
1919-02-01,,,-2.682335504921652,,,,,,,,
1919-03-01,,,-2.626625563922316,,,,,,,,
1919-04-01,,,-2.5769217747767197,,,,,,,,
1919-05-01,,,-2.4543035066107506,,,,,,,,
1919-06-01,,,-2.383589551319172,,,,,,,,
1919-07-01,,,-2.358087971916467,,,,,,,,
1919-08-01,,,-2.4954394320002264,,,,,,,,
1919-09-01,,,-2.4550483499457862,,,,,,,,
1919-10-01,,,-2.373991711879077,,,,,,,,
1919-11-01,,,-2.443771833096592,,,,,,,,
1919-12-01,,,-2.506074320625986,,,,,,,,
1920-01-01,,,-2.531372508845057,,,,,,,,
1920-02-01,,,-2.6499228670225703,,,,,,,,
1920-03-01,,,-2.5392054174942804,,,,,,,,
1920-04-01,,,-2.570250945202369,,,,,,,,
1920-05-01,,,-2.654185759444865,,,,,,,,
1920-06-01,,,-2.668526870441878,,,,,,,,
1920-07-01,,,-2.6366564586302252,,,,,,,,
1920-08-01,,,-2.6297519910380758,,,,,,,,
1920-09-01,,,-2.5395960716187167,,,,,,,,
1920-10-01,,,-2.506639605105932,,,,,,,,
1920-11-01,,,-2.5428702570237256,,,,,,,,
1920-12-01,,,-2.606644610629638,,,,,,,,
1921-01-01,,,-2.503810327552678,,,,,,,,
1921-02-01,,,-2.4482355472542117,,,,,,,,
1921-03-01,,,-2.4504526099529045,,,,,,,,
1921-04-01,,,-2.4078198346590995,,,,,,,,
1921-05-01,,,-2.3167095244032248,,,,,,,,
1921-06-01,,,-2.3948429368522497,,,,,,,,
1921-07-01,,,-2.382716136566482,,,,,,,,
1921-08-01,,,-2.3750836072423063,,,,,,,,
1921-09-01,,,-2.3085496694252465,,,,,,,,
1921-10-01,,,-2.270053910323472,,,,,,,,
1921-11-01,,,-2.1726475935087866,,,,,,,,
1921-12-01,,,-2.0962354056869086,,,,,,,,
1922-01-01,,,-2.0449182329106557,,,,,,,,
1922-02-01,,,-1.9941439528600053,,,,,,,,
1922-03-01,,,-1.9014635769927237,,,,,,,,
1922-04-01,,,-1.789022751535922,,,,,,,,
1922-05-01,,,-1.70813722648416,,,,,,,,
1922-06-01,,,-1.7095527342932184,,,,,,,,
1922-07-01,,,-1.6927832969383556,,,,,,,,
1922-08-01,,,-1.5909661452915136,,,,,,,,
1922-09-01,,,-1.5295407576857396,,,,,,,,
1922-10-01,,,-1.4864321337233495,,,,,,,,
1922-11-01,,,-1.5803321999414053,,,,,,,,
1922-12-01,,,-1.5824791273478607,,,,,,,,
1923-01-01,,,-1.5340579511879044,,,,,,,,
1923-02-01,,,-1.4431321115729712,,,,,,,,
1923-03-01,,,-1.400872300530776,,,,,,,,
1923-04-01,,,-1.4709328079708222,,,,,,,,
1923-05-01,,,-1.550392074020553,,,,,,,,
1923-06-01,,,-1.6192511090508428,,,,,,,,
1923-07-01,,,-1.6867458802567419,,,,,,,,
1923-08-01,,,-1.6589456793739221,,,,,,,,
1923-09-01,,,-1.6492223304328946,,,,,,,,
1923-10-01,,,-1.6747388070443863,,,,,,,,
1923-11-01,,,-1.6174790379685415,,,,,,,,
1923-12-01,,,-1.553097734194406,,,,,,,,
1924-01-01,,,-1.4895034553401527,,,,,,,,
1924-02-01,,,-1.4648920672904389,,,,,,,,
1924-03-01,,,-1.4835837520338846,,,,,,,,
1924-04-01,,,-1.5088839219938621,,,,,,,,
1924-05-01,,,-1.5094537491181117,,,,,,,,
1924-06-01,,,-1.4710556028970858,,,,,,,,
1924-07-01,,,-1.3944333309277084,,,,,,,,
1924-08-01,,,-1.3153351507912259,,,,,,,,
1924-09-01,,,-1.3419505519248813,,,,,,,,
1924-10-01,,,-1.3742255029125068,,,,,,,,
1924-11-01,,,-1.2669084112964673,,,,,,,,
1924-12-01,,,-1.1704907116234549,,,,,,,,
1925-01-01,,,-1.083462901871335,,,,,,,,
1925-02-01,,,-1.050700632168879,,,,,,,,
1925-03-01,,,-1.1176263683502305,,,,,,,,
1925-04-01,,,-1.1245369869643216,,,,,,,,
1925-05-01,,,-1.0663961208004098,,,,,,,,
1925-06-01,,,-1.0493813870833455,,,,,,,,
1925-07-01,,,-1.0102979042216271,,,,,,,,
1925-08-01,,,-0.9759331229421503,,,,,,,,
1925-09-01,,,-0.9192773112048188,,,,,,,,
1925-10-01,,,-0.8382650714178106,,,,,,,,
1925-11-01,,,-0.7998123439181578,,,,,,,,
1925-12-01,,,-0.7408112411369501,,,,,,,,
1926-01-01,,,-0.6968672454205508,,,,,,,,
1926-02-01,,,-0.6851702117690901,,,,,,,,
1926-03-01,,,-0.834344777619375,,,,,,,,
1926-04-01,,,-0.9032535925820426,,,,,,,,
1926-05-01,,,-0.8619452893291002,,,,,,,,
1926-06-01,,,-0.7224217022925482,,,,,,,,
1926-07-01,,,-0.5722721333735057,,,,,,,,
1926-08-01,,,-0.43396539779641174,,,,,,,,
1926-09-01,,,-0.3881505040682838,,,,,,,,
1926-10-01,,,-0.4469951228594693,,,,,,,,
1926-11-01,,,-0.4044548290470611,,,,,,,,
1926-12-01,,,-0.31620193030016597,,,,,,,,
1927-01-01,,,-0.27640293587151993,,,,,,,,
1927-02-01,,,-0.176024949219911,,,,,,,,
1927-03-01,,,-0.08655665201413495,,,,,,,,
1927-04-01,,,0.015374295933992761,,,,,,,,
1927-05-01,,,0.13055993603655547,,,,,,,,
1927-06-01,,,0.1569006305507361,,,,,,,,
1927-07-01,,,0.3139659724716353,,,,,,,,
1927-08-01,,,0.5476378491123872,,,,,,,,
1927-09-01,,,0.7616246157611085,,,,,,,,
1927-10-01,,,0.6973454963655178,,,,,,,,
1927-11-01,,,0.8298692533496195,,,,,,,,
1927-12-01,,,0.944353574382709,,,,,,,,
1928-01-01,,,0.9785843360515972,,,,,,,,
1928-02-01,,,0.9909741122271691,,,,,,,,
1928-03-01,,,1.2303090549033509,,,,,,,,
1928-04-01,,,1.5218297137908952,,,,,,,,
1928-05-01,,,1.6457185790770938,,,,,,,,
1928-06-01,,,1.4353991414480636,,,,,,,,
1928-07-01,,,1.4691172791126699,,,,,,,,
1928-08-01,,,1.616442217714804,,,,,,,,
1928-09-01,,,1.8869687490803306,,,,,,,,
1928-10-01,,,2.006229740155127,,,,,,,,
1928-11-01,,,2.3367651978535373,,,,,,,,
1928-12-01,,,2.3629719412114323,,1.2867386912974335,,,,,,
1929-01-01,,,2.7362504529932137,,1.2348354360983091,,,,,,
1929-02-01,,,2.726755878254795,,1.2410380119255946,,,,,,
1929-03-01,,,2.8234562477202543,,1.0580339342275122,,,,,,
1929-04-01,,,2.7789938839301764,,1.0110919769169324,,,,,,
1929-05-01,,,2.785813490596,,1.0219241394582115,,,,,,
1929-06-01,,,2.814791089412427,,0.880627169335252,,,,,,
1929-07-01,,,3.209357867106413,,0.8554343641520554,,,,,,
1929-08-01,,,3.496378579502922,,0.7158849192237328,,,,,,
1929-09-01,,,3.676852727326764,,0.577337583886423,,,,,,
1929-10-01,,,2.9063297552043834,,0.5358462197949981,,,,,,
1929-11-01,,,1.2989638253403186,,0.6684181366075196,,,,,,
1929-12-01,,,1.4671569864096132,,0.645427346766529,,,,,,
1930-01-01,,,1.5252066679252754,,0.6807691179131011,,,,,,
1930-02-01,,,1.80342511386704,,0.7934701423050873,,,,,,
1930-03-01,,,1.9774958493387662,,0.963108608292626,,,,,,
1930-04-01,,,2.223251062760742,,0.9756576070129461,,,,,,
1930-05-01,,,1.9032098017134047,,0.9300084107940909,,,,,,
1930-06-01,,,1.4029270390578872,,0.7490029356843458,,,,,,
1930-07-01,,,1.3351587231041557,,0.6668426843621252,,,,,,
1930-08-01,,,1.2819090457634217,,0.643865853712681,,,,,,
1930-09-01,,,1.2330225255569198,,0.6994035694698995,,,,,,
1930-10-01,,,0.6525526835252348,,0.1251482727508235,,,,,,
1930-11-01,,,0.3933811662511193,,-0.3895358338157366,,,,,,
1930-12-01,,,0.21351718967634012,,-1.1958382643465681,,,,,,
1931-01-01,,,0.345407941467543,,-0.7936546239643376,,,,,,
1931-02-01,,,0.6408152704457574,,-0.7103342830082642,,,,,,
1931-03-01,,,0.7249754135872167,,-0.9041364903079866,,,,,,
1931-04-01,,,0.3770511871562537,,-1.428024935638777,,,,,,
1931-05-01,,,0.07734759125572606,,-2.2927451784443913,,,,,,
1931-06-01,,,0.008206819757120792,,-2.649563542023251,,,,,,
1931-07-01,,,0.10082455121337824,,-2.0747664574514224,,,,,,
1931-08-01,,,-0.0034277725877276954,,-2.664378656595745,,,,,,
1931-09-01,,,-0.4503201764482861,,-3.356317473041178,,,,,,
1931-10-01,,,-0.7912090706897621,,-4.0539973973747125,,,,,,
1931-11-01,,,-0.7351065281115355,,-3.7536199820881295,,,,,,
1931-12-01,,,-1.1646321846568977,,-5.057723982160558,,,,,,
1932-01-01,,,-1.1610972630401573,,-3.1956574617564937,,,,,,
1932-02-01,,,-1.1538828691206167,,-2.702943794531237,,,,,,
1932-03-01,,,-1.1361911380702707,,-2.908598315033387,,,,,,
1932-04-01,,,-1.5856965467607875,,-4.548188418641914,,,,,,
1932-05-01,,,-1.743594521296645,,-4.635095318169702,,,,,,
1932-06-01,,,-1.9047610792803051,,-4.290519845083224,,,,,,
1932-07-01,,,-1.8425019723740743,,-3.9953965691421427,,,,,,
1932-08-01,,,-1.231749792166612,,-1.5791101657981825,,,,,,
1932-09-01,,,-1.0419679371686856,,-1.1408023556080673,,,,,,
1932-10-01,,,-1.2994148302598258,,-1.4704429770021257,,,,,,
1932-11-01,,,-1.2997018588825502,,-1.852182129664292,,,,,,
1932-12-01,,,-1.3385003386951555,,-2.053236971083193,,,,,,
1933-01-01,,,-1.2405668326867112,,-1.7578881927426315,,,,,,
1933-02-01,,,-1.4197707822381134,,-2.0598701145491884,,,,,,
1933-03-01,,,-1.406577608419706,,-2.364788744512363,,,,,,
1933-04-01,,,-1.232581938903633,,-2.4267936637463023,,,,,,
1933-05-01,,,-0.7211596299459874,,-1.1807644063734097,,,,,,
1933-06-01,,,-0.3470282884728304,,-0.6753626226998537,,,,,,
1933-07-01,,,-0.21426232581780139,,-0.3219991750578942,,,,,,
1933-08-01,,,-0.36673475165230146,,-0.53201097541476,,,,,,
1933-09-01,,,-0.3819083347074963,,-0.9716403579966448,,,,,,
1933-10-01,,,-0.6298861527507247,,-1.2059968472469282,,,,,,
1933-11-01,,,-0.5653065206662445,,-1.4854393394172345,,,,,,
1933-12-01,,,-0.5100033955024078,,-1.2845876895646113,,,,,,
1934-01-01,,,-0.35875788592236973,,-0.6889089117729607,,,,,,
1934-02-01,,,-0.17538338325010566,,-0.09492018124496969,,,,,,
1934-03-01,,,-0.31183831446126753,,-0.1550317597591214,,,,,,
1934-04-01,,,-0.2579338923300514,,0.03710899615291459,,,,,,
1934-05-01,,,-0.529621806919205,,-0.06417406837275473,,,,,,
1934-06-01,,,-0.5074981091086349,,-0.15530635828415118,,,,,,
1934-07-01,,,-0.6181847197761999,,-0.26674494506767366,,,,,,
1934-08-01,,,-0.7043555535402074,,-0.5918381912988255,,,,,,
1934-09-01,,,-0.7860204615159552,,-0.6406573948053561,,,,,,
1934-10-01,,,-0.744629464797756,,-0.5260304257597056,,,,,,
1934-11-01,,,-0.6743581554862934,,-0.5345069198914484,,,,,,
1934-12-01,,,-0.6347528855989366,,-0.4404477420205558,,,,,,
1935-01-01,,,-0.6633267040490959,,-0.22311139699024288,,,,,,
1935-02-01,,,-0.7458648616609351,,-0.27408271116974925,,,,,,
1935-03-01,,,-0.8856684391523083,,-0.5522472514452124,,,,,,
1935-04-01,,,-0.7403911058814947,,-0.4883642419055545,,,,,,
1935-05-01,,,-0.5594852310953525,,-0.30015498851726663,,,,,,
1935-06-01,,,-0.4456705930154274,,-0.164085455668257,,,,,,
1935-07-01,,,-0.3096734069772569,,-0.1115018802838744,,,,,,
1935-08-01,,,-0.12448520782943284,,0.02475732891022988,,,,,,
1935-09-01,,,-0.060057064426910375,,0.06664168688341891,,,,,,
1935-10-01,,,0.023553352724444063,,-0.0176261602233329,,,,,,
1935-11-01,,,0.29110384700438485,,0.04565271408263205,,,,,,
1935-12-01,,,0.29694233525227837,,0.15118834652930974,,,,,,
1936-01-01,,,0.48745132167950816,,0.39426782598319626,,,,,,
1936-02-01,,,0.6960696964349044,,0.5521013644390019,,,,,,
1936-03-01,,,0.8095503230823028,,0.4548596265765682,,,,,,
1936-04-01,,,0.8205699909301915,,0.400353731935619,,,,,,
1936-05-01,,,0.6203026489166379,,0.3459298089665294,,,,,,
1936-06-01,,,0.7519286629738301,,0.35569760073586304,,,,,,
1936-07-01,,,0.9500723643764881,,0.40829099174651634,,,,,,
1936-08-01,,,1.0027178073045298,,0.49297145303612927,,,,,,
1936-09-01,,,1.0503430422196087,,0.5881766015466251,,,,,,
1936-10-01,,,1.2646211040509956,,0.672304213396184,,,,,,
1936-11-01,,,1.3825331561815457,,0.6592816922936485,,,,,,
1936-12-01,,,1.3028538596549775,,0.5924432257342989,,,,,,
1937-01-01,,,1.4012654734808492,,0.6337766914530475,,,,,,
1937-02-01,,,1.5261530845970306,,0.7181633659874456,,,,,,
1937-03-01,,,1.4811157282888758,,0.661616249467689,,,,,,
1937-04-01,,,1.1739998930168298,,0.5944569173473274,,,,,,
1937-05-01,,,0.9504714901511624,,0.49492638492844954,,,,,,
1937-06-01,,,0.792982080082934,,0.3411523021521806,,,,,,
1937-07-01,,,0.983564357091045,,0.3293890723548734,,,,,,
1937-08-01,,,1.0149550047880322,,0.30670705909300483,,,,,,
1937-09-01,,,0.40697142186311935,,0.08673577676043388,,,,,,
1937-10-01,,,-0.10379775412776776,,-0.31997553844116383,,,,,,
1937-11-01,,,-0.3509812455863955,,-0.6819335026809272,,,,,,
1937-12-01,,,-0.3814497789954634,,-0.6137853746716041,,,,,,
1938-01-01,,,-0.2776775692384322,,-0.8319681693504238,,,,,,
1938-02-01,,,-0.3285846939006509,,-0.8838823127481172,,,,,,
1938-03-01,,,-0.5107254163435104,,-1.2206073719968356,,,,,,
1938-04-01,,,-0.6313196386531312,,-1.3124074685750504,,,,,,
1938-05-01,,,-0.5889032558659796,,-0.944014716223137,,,,,,
1938-06-01,,,-0.527161905187141,,-1.1044732418710859,,,,,,
1938-07-01,,,-0.014595691380536244,,-0.46273682234447366,,,,,,
1938-08-01,,,0.012941511419319377,,-0.351276797806216,,,,,,
1938-09-01,,,-0.11548861142463139,,-0.49405813277378907,,,,,,
1938-10-01,,,0.2525497316782751,,-0.2382099562035431,,,,,,
1938-11-01,,,0.27065777706282723,,-0.14890772862897336,,,,,,
1938-12-01,,,0.18903493073742852,,-0.2153141886413693,,,,,,
1939-01-01,,,0.15638435448822433,,-0.12570365876918876,,,,,,
1939-02-01,,,0.16976477483770616,,-0.0584354290205172,,,,,,
1939-03-01,,,0.18303313835963464,,0.10955284266810425,,,,,,
1939-04-01,,,-0.1935243637298846,,-0.14859580514265527,,,,,,
1939-05-01,,,-0.07159314421233372,,-0.11457895061806347,,,,,,
1939-06-01,,,-0.0027120927878402086,,0.009513576956072028,,,,,,
1939-07-01,,,0.0882800915393251,,0.0546267385439612,,,,,,
1939-08-01,,,0.056790244050364015,,0.0884341334853822,,,,,,
1939-09-01,,,0.3345403455161236,,0.2808064163268843,,,,,,
1939-10-01,,,0.41109070154184957,,0.30289097528519315,,,,,,
1939-11-01,,,0.3644397012755487,,0.16582702031155744,,,,,,
1939-12-01,,,0.29758136123302137,,0.0173850995293421,,,,,,
1940-01-01,,,0.3178423552200402,,0.01735083381491505,,,,,,
1940-02-01,,,0.28365226131394744,,0.028755754955377903,,,,,,
1940-03-01,,,0.27439638798799565,,0.04016117538116617,,,,,,
1940-04-01,,,0.31565573673324626,,0.08601949656744375,,,,,,
1940-05-01,,,-0.15224052981695863,,-0.017709904464853442,,,,,,
1940-06-01,,,-0.42357939023165314,,-0.17907844816864796,,,,,,
1940-07-01,,,-0.31289515979639404,,0.08694785267327572,,,,,,
1940-08-01,,,-0.25399299095638495,,0.09835308375998969,,,,,,
1940-09-01,,,-0.13504531286147312,,0.17932658648539587,,,,,,
1940-10-01,,,-0.11110480603784731,,0.26027603579239433,,,,,,
1940-11-01,,,-0.04616035468210146,,0.3062823333335209,,,,,,
1940-12-01,,,-0.19940900237348252,,0.2939964551314478,,,,,,
1941-01-01,,,-0.20016419029624719,,0.4217733118157333,,,,,,
1941-02-01,,,-0.38992777966987113,,0.4091553247927813,,,,,,
1941-03-01,,,-0.39957300693216075,,0.4784813228179323,,,,,,
1941-04-01,,,-0.5102707238599085,,0.5593944976069433,,,,,,
1941-05-01,,,-0.5925684750317068,,0.5580319555828857,,,,,,
1941-06-01,,,-0.5651907701658613,,0.5214458344322155,,,,,,
1941-07-01,,,-0.4420354689164416,,0.5202245520401194,,,,,,
1941-08-01,,,-0.5012313538059581,,0.5307894427514271,,,,,,
1941-09-01,,,-0.5395856427922991,,0.5059580291471766,,,,,,
1941-10-01,,,-0.6875483631716107,,0.5048006674967234,,,,,,
1941-11-01,,,-0.8277256519079526,,0.49182341590107925,,,,,,
1941-12-01,,,-1.001195263838106,,0.4670280461399128,,,,,,
1942-01-01,,,-0.9966390126874937,,0.6083062715880838,,,,,,
1942-02-01,,,-1.0843336743638765,,0.6305425838183258,,,,,,
1942-03-01,,,-1.2256511482729966,,0.62896603137531,,,,,,
1942-04-01,,,-1.32044005664438,,0.6392925428146682,,,,,,
1942-05-01,,,-1.3260249806570545,,0.6495960544329648,,,,,,
1942-06-01,,,-1.2393910132897494,,0.5764519598894832,,,,,,
1942-07-01,,,-1.1856275533157634,,0.5870323822939506,,,,,,
1942-08-01,,,-1.2127081266049042,,0.5856451577790993,,,,,,
1942-09-01,,,-1.1969960048919086,,0.5962300294239726,,,,,,
1942-10-01,,,-1.0852242007080841,,0.6187691244581653,,,,,,
1942-11-01,,,-1.0705405876065046,,0.5933048612667765,,,,,,
1942-12-01,,,-1.0782283570458866,,0.579911396241101,,,,,,
1943-01-01,,,-0.9643716734462204,,0.698704389647271,,,,,,
1943-02-01,,,-0.8454159578344298,,0.7690099191580044,,,,,,
1943-03-01,,,-0.8145950187996015,,0.8390175648183897,,,,,,
1943-04-01,,,-0.7738869759368252,,0.8966610806430638,,,,,,
1943-05-01,,,-0.7048978179530557,,0.9299554283772238,,,,,,
1943-06-01,,,-0.6715671287393822,,0.9390282050121777,,,,,,
1943-07-01,,,-0.6165296944139053,,0.9841052936707003,,,,,,
1943-08-01,,,-0.7350757610549036,,0.9808384824849936,,,,,,
1943-09-01,,,-0.7077495880106222,,0.9535680624129951,,,,,,
1943-10-01,,,-0.7385363481847594,,0.974558988313662,,,,,,
1943-11-01,,,-0.8554053289837276,,0.9713866495776848,,,,,,
1943-12-01,,,-0.8319438374509547,,1.0163227024161428,,,,,,
1944-01-01,,,-0.7643743171173855,,1.060950241405624,,,,,,
1944-02-01,,,-0.7856863952684583,,1.1292464517733358,,,,,,
1944-03-01,,,-0.7262674101674763,,1.149000461119349,,,,,,
1944-04-01,,,-0.7861805854201657,,1.1685922689082302,,,,,,
1944-05-01,,,-0.7503048265038175,,1.2119596832656234,,,,,,
1944-06-01,,,-0.6586315875731591,,1.2549104413866392,,,,,,
1944-07-01,,,-0.6143450927406323,,1.2616027714439015,,,,,,
1944-08-01,,,-0.6555846688270381,,1.2682376098442174,,,,,,
1944-09-01,,,-0.7001893346413918,,1.2628971869585892,,,,,,
1944-10-01,,,-0.6454918156965574,,1.269531013580526,,,,,,
1944-11-01,,,-0.6671124312266631,,1.288000511119082,,,,,,
1944-12-01,,,-0.632456584668317,,1.3062827089419928,,,,,,
1945-01-01,,,-0.5635058304000264,,1.3243745720745832,,,,,,
1945-02-01,,,-0.48195375259362483,,1.330428197751111,,,,,,
1945-03-01,,,-0.48549256499997123,,1.3245932625028465,,,,,,
1945-04-01,,,-0.4194242471343965,,1.3306529148772952,,,,,,
1945-05-01,,,-0.33290488620045444,,1.3838508090041586,,,,,,
1945-06-01,,,-0.31270283556456513,,1.4010802289377686,,,,,,
1945-07-01,,,-0.36861066027891093,,1.4181056478868888,,,,,,
1945-08-01,,,-0.3580244609235085,,1.4231898859864465,,,,,,
1945-09-01,,,-0.1692521945983243,,1.4516490558633321,,,,,,
1945-10-01,,,-0.045977442012772214,,1.4914262247042176,,,,,,
1945-11-01,,,0.05519728230734371,,1.5423088940116065,,,,,,
1945-12-01,,,0.09210002870172936,,1.580808579270214,,,,,,
1946-01-01,,,0.22109319869818733,,1.5955244968929712,,,,,,
1946-02-01,,,0.250612687057324,,1.5868801482063593,,,,,,
1946-03-01,,,0.1160966352117403,,1.5783749100620792,,,,,,
1946-04-01,,,0.31032375947596946,,1.535439358813988,,,,,,
1946-05-01,,,0.30428816495906297,,1.5161276394839158,,,,,,
1946-06-01,,,0.2524323999209926,,1.4741181578962776,,,,,,
1946-07-01,,,-0.01954382198768966,,1.4556041021280581,,,,,,
1946-08-01,,,-0.1320186535624881,,1.4831373315519063,,,,,,
1946-09-01,,,-0.5929859596551375,,1.4760336725153207,,,,,,
1946-10-01,,,-0.6900427758021864,,1.4347967437775868,,,,,,
1946-11-01,,,-0.7490982949149504,,1.3940664433389165,,,,,,
1946-12-01,,,-0.6918340596620086,,1.4107471468065698,,,,,,
1947-01-01,,,-0.6704152122340729,,1.4045052301104963,,,,,,
1947-02-01,,,-0.5663790072335905,,1.3869920816549617,,,,,,
1947-03-01,,,-0.7084506247874875,,1.3470001754505383,,,,,,
1947-04-01,,,-0.7911727306488286,,1.3074366930383199,,,,,,
1947-05-01,,,-0.8263786013355503,,1.2909283532507103,,,,,,
1947-06-01,,,-0.7502874186998393,,1.2632710566669805,,,,,,
1947-07-01,,,-0.6172171942824191,,1.292424936177887,,,,,,
1947-08-01,,,-0.6941250475911737,,1.3100078628158986,,,,,,
1947-09-01,,,-0.8035146510879067,,1.2935801931649102,,,,,,
1947-10-01,,,-0.7368351912641987,,1.2547683507697813,,,,,,
1947-11-01,,,-0.7700713477819252,,1.227583277025065,,,,,,
1947-12-01,,,-0.832883345627594,,1.2344332518980516,,,,,,
1948-01-01,,,-0.8884749211058864,,1.2299785424233407,,,,,,
1948-02-01,,,-0.978057762325996,,1.2030751148844128,,,,,,
1948-03-01,,,-0.9365276160071734,,1.1763998448065374,,,,,,
1948-04-01,,,-0.8074411015658783,,1.1836628244553455,,,,,,
1948-05-01,,,-0.7069023737040688,,1.2582436648878512,,,,,,
1948-06-01,,,-0.6321344459552997,,1.298511988227311,,,,,,
1948-07-01,,,-0.7287386695106319,,1.3160062060913766,,,,,,
1948-08-01,,,-0.8169430270689706,,1.2662128036710159,,,,,,
1948-09-01,,,-0.8529857740319048,,1.2504220371606607,,,,,,
1948-10-01,,,-0.793163153782824,,1.1900582874724692,,,,,,
1948-11-01,,,-0.9172570531575726,,1.152525879205114,,,,,,
1948-12-01,,,-0.9353525143003405,,1.092912802513754,,,,,,
1949-01-01,,,-0.9151075151610619,,1.0784167050728992,,,,,,
1949-02-01,,,-0.9953634940957018,,1.0863770881643726,,,,,,
1949-03-01,,,-0.9879221672885645,,1.0495912393624267,,,,,,
1949-04-01,,,-1.0121874226740624,,1.0689166816168345,,,,,,
1949-05-01,,,-1.0306946690066163,,1.0769561402920764,,,,,,
1949-06-01,,,-1.1644299449367341,,1.0514418665700578,,,,,,
1949-07-01,,,-1.0466297495417038,,1.0149135541653163,,,,,,
1949-08-01,,,-0.9920479617382807,,1.0232912269764298,,,,,,
1949-09-01,,,-0.9837852072436489,,1.031628470757308,,,,,,
1949-10-01,,,-0.9208071729992525,,1.0510939883120933,,,,,,
1949-11-01,,,-0.9098267833312867,,1.0481166446517973,,,,,,
1949-12-01,,,-0.8410020928640229,,1.067494972651456,,,,,,
1950-01-01,,,-0.793299867914982,,1.1313929936206186,,,,,,
1950-02-01,,,-0.7566178653353978,,1.1391012488380006,,,,,,
1950-03-01,,,-0.7560361395749046,,1.1356172420732396,,,,,,
1950-04-01,,,-0.6974608256248198,,1.165589456572692,,,,,,
1950-05-01,,,-0.6353857114958018,,1.1508138136870525,,,,,,
1950-06-01,,,-0.614774804347434,,1.125015408292836,,,,,,
1950-07-01,,,-0.8342625332101644,,1.1105267849498792,,,,,,
1950-08-01,,,-0.7247865347168623,,1.1628978930873273,,,,,,
1950-09-01,,,-0.6597261987189023,,1.2148913402384502,,,,,,
1950-10-01,,,-0.5885907224866395,,1.2331709435414409,,,,,,
1950-11-01,,,-0.614241711037724,,1.2291201276961905,,,,,,
1950-12-01,,,-0.6649058411685376,,1.247286434666917,,,,,,
1951-01-01,,,-0.5362933833291254,,1.2653117321220504,,,,,,
1951-02-01,,,-0.48243655159460175,,1.2721255424799347,,,,,,
1951-03-01,,,-0.5473335724650296,,1.3231151445903855,,,,,,
1951-04-01,,,-0.5230842258496097,,1.28529777994192,,,,,,
1951-05-01,,,-0.5416839256102136,,1.247803063992766,,,,,,
1951-06-01,,,-0.595339984207077,,1.1995703531491793,,,,,,
1951-07-01,,,-0.5594470099745878,,1.1516905668996882,,,,,,
1951-08-01,,,-0.4546185262671562,,1.1151709659226272,,,,,,
1951-09-01,,,-0.41328834445517887,,1.1119924004506814,,,,,,
1951-10-01,,,-0.442579097446586,,1.1198718178664726,,,,,,
1951-11-01,,,-0.5421499880925287,,1.1277078926726956,,,,,,
1951-12-01,,,-0.4772896673346685,,1.124478010765809,,,,,,
1952-01-01,,,-0.39389407733072535,,1.1102556624841546,,,,,,
1952-02-01,,,-0.4292601212557859,,1.1181632615512538,,,,,,
1952-03-01,,,-0.4293525265953597,,1.1700700223764604,,,,,,
1952-04-01,,,-0.4552363100978423,,1.1446007726948535,,,,,,
1952-05-01,,,-0.4641676868619323,,1.152310247504953,,,,,,
1952-06-01,,,-0.4096365068182598,,1.1489789830138222,,,,,,
1952-07-01,,,-0.36086224600755146,,1.1566688915169219,,,,,,
1952-08-01,,,-0.3585931395583579,,1.1313497050559662,,,,,,
1952-09-01,,,-0.41183401977795087,,1.1281698446980437,,,,,,
1952-10-01,,,-0.4781777967171972,,1.1689407077125604,,,,,,
1952-11-01,,,-0.4026648088053785,,1.143596706884665,,,,,,
1952-12-01,,,-0.3011989258675513,,1.151339324894597,,,,,,
1953-01-01,,,-0.2841200377655973,,1.202896536048271,,,,,,
1953-02-01,,,-0.31725670740440004,,1.2321787133715643,,,,,,
1953-03-01,,,-0.3224542351290082,,1.2393568208526962,,,,,,
1953-04-01,,,-0.4699871650785511,,1.2683624865999312,,,,,,
1953-05-01,,,-0.47448805305766417,,1.24250416470074,,,,,,
1953-06-01,,,-0.5882006924703659,,1.2168429191538213,,,,,,
1953-07-01,,,-0.5600191855592125,,1.0820943984426763,,,,,,
1953-08-01,,,-0.5673431377034707,,1.046479198631856,,,,,,
1953-09-01,,,-0.6938994400473748,,1.0657162980747787,,,,,,
1953-10-01,,,-0.637587580130746,,0.9864724578098537,,,,,,
1953-11-01,,,-0.581424757515819,,1.006022349982609,,,,,,
1953-12-01,,,-0.5566071611742057,,1.0364141550534494,,,,,,
1954-01-01,,,-0.5013582863155699,,0.9901336216327027,,,,,,
1954-02-01,,,-0.4540524209882477,,0.9768777676529333,,,,,,
1954-03-01,,,-0.4083928697134394,,0.9855599407759515,,,,,,
1954-04-01,,,-0.30018933302038836,,1.0160768961782152,,,,,,
1954-05-01,,,-0.2105117932433188,,1.0464475134526705,,,,,,
1954-06-01,,,-0.2002306573823661,,1.043877493921731,,,,,,
1954-07-01,,,-0.09478878989427408,,1.0194659597975693,,,,,,
1954-08-01,,,-0.04835397653272223,,1.0061088475852542,,,,,,
1954-09-01,,,0.021441512674297156,,1.0474723515526296,,,,,,
1954-10-01,,,0.07977758265202621,,1.0339932669201746,,,,,,
1954-11-01,,,0.19039541224284037,,1.0642933850523502,,,,,,
1954-12-01,,,0.33960146350155607,,1.0725927497394094,,,,,,
1955-01-01,,,0.3842447492345395,,1.102692128812765,,,,,,
1955-02-01,,,0.48342269005692884,,1.078046747936928,,,,,,
1955-03-01,,,0.4344748122519479,,1.1626708038037041,,,,,,
1955-04-01,,,0.5379295313163673,,1.137728188591761,,,,,,
1955-05-01,,,0.500302091120585,,1.1565500777974893,,,,,,
1955-06-01,,,0.689762299921755,,1.1534681065674721,,,,,,
1955-07-01,,,0.9306138445611595,,1.1504106614036247,,,,,,
1955-08-01,,,0.8780484308569099,,1.1582670211881672,,,,,,
1955-09-01,,,1.0156088088582638,,1.1443105188222416,,,,,,
1955-10-01,,,0.7757942711439728,,1.1086728126891074,,,,,,
1955-11-01,,,1.0119529768518472,,1.1167694818404685,,,,,,
1955-12-01,,,1.0345990632977395,,1.1248259072933688,,,,,,
1956-01-01,,,0.8886997790420478,,1.1002139761639114,,,,,,
1956-02-01,,,0.8819216978707566,,1.0866155286745807,,,,,,
1956-03-01,0.31071797528479894,,1.1271898272898744,,1.0839682238796382,,,,,,
1956-04-01,0.06138618910901073,,1.1256379461987287,,1.146557121696428,,,,,,
1956-05-01,0.06113522456685715,,0.9403068783800949,,1.1327420530989531,,,,,,
1956-06-01,0.06088731296597349,,0.8532698275788259,,1.0755557276104466,,,,,,
1956-07-01,0.09162395536075087,,1.0080888603484681,,1.0512575960633097,,,,,,
1956-08-01,0.09125660201152773,,0.9655744769340056,,1.0705398264070483,,,,,,
1956-09-01,0.09089363209454533,,0.7786581863807975,,1.0571452377515171,,,,,,
1956-10-01,-0.025311851050952492,,0.6848505045446696,,0.9786353182977212,,,,,,
1956-11-01,-0.025213500792391586,,0.6176929284391794,,1.0091309528908805,,,,,,
1956-12-01,-0.025116288041838464,,0.6344477852895652,,0.9308256172294865,,,-0.38777574470068055,,,
1957-01-01,-0.0367765867903255,,0.526867120631257,,0.8201699114843675,,,-0.548565766434071,,,
1957-02-01,-0.03663684258867273,,0.33125844953637573,,0.7315892207819826,,,-0.5456534388626262,,,
1957-03-01,-0.03649867927893427,,0.3437272334729982,,0.7630451551841685,,,-0.54278709574893,,,
1957-04-01,-0.10467095421362863,,0.3934471914947343,,0.7617341398887035,,,-0.4041043653467117,,,
1957-05-01,-0.10427831209736328,,0.4993203280339881,,0.7495274920760991,,,-0.4022330026970787,,,1.0512374832090787
1957-06-01,-0.1038900558782345,,0.5284741452844045,,0.8136990144430223,,,-0.400387431524764,,,1.0421329427126524
1957-07-01,0.1262565840224579,,0.5592116565106039,,0.7904216574143801,,,-0.404138775635373,,,1.2877763047444417
1957-08-01,0.1257909781259483,,0.33487208490154075,,0.8108665056870903,,,-0.4023108644418601,,,1.2739440181551465
1957-09-01,0.12533048609461164,,0.1751760467443213,,0.7111430398460339,,,-0.4005075634066843,,,1.2605491812025438
1957-10-01,0.4003007777930025,,-0.05092884733695295,,0.6225504728837177,,,-0.1724851288277185,,,1.8884219314013135
1957-11-01,0.39864916336526696,,-0.14361447190890947,,0.49031545366973606,,,-0.1718109513535812,,,1.8547013590226906
1957-12-01,0.39701784712976523,,-0.1576771327880295,,0.2595606728932061,,,-0.17114461955467222,,,1.8227280472547458
1958-01-01,0.8646775753618129,,-0.13171827835148647,,0.24829449706718407,,,0.2063310062011703,,,2.9673308689657607
1958-02-01,0.8594106369212116,,-0.13243818494228457,,0.42370236402185485,,,0.20553258917673795,,,2.8591860843652284
1958-03-01,0.8542390009918309,,-0.10073288865064377,,0.44514762338720393,,,0.20474337262231698,,,2.7620741270412896
1958-04-01,1.0861742584668066,,-0.10339759752679362,,0.4225892873059011,,,0.3265302272720287,,,2.598255152645622
1958-05-01,1.0780966128207317,,-0.01098009230881548,,0.44407678235924736,,,0.32521765877650083,,,2.524241435780642
1958-06-01,1.0701969397412003,,0.05923271373237283,,0.5206180723279481,,,0.3239208051464897,,,2.4562190992198754
1958-07-01,1.3027842349129537,,0.1317363468544325,,0.6521516044989357,,,0.28605137696589733,,,1.7122783284954308
1958-08-01,1.2910527011807575,,0.2640240012041873,,0.6952644085600822,,,0.2849514470060549,,,1.6876088584106643
1958-09-01,1.2796331304721458,,0.3512353556258119,,0.7382884560217663,,,0.2838641163668237,,,1.66397772260194
1958-10-01,1.1240268784786847,,0.49268104027356063,,0.7040029782639459,,,0.49799905920379406,,,1.0086320755543434
1958-11-01,1.1156898472214034,,0.589180816820468,,0.7360161954721559,,,0.4958342349071935,,,1.0012867267137229
1958-12-01,1.1075360058956896,,0.6721483468179408,,0.7458766785128015,,,0.4936974396759254,,,0.994099929204715
1959-01-01,1.0561533051050775,,0.8120176611496761,,0.7667626326724063,,,0.7108376237170475,,,0.7611925381241563
1959-02-01,1.0489707599819837,,0.7613748499392734,,0.765500784259124,,,0.7071847414164649,,,0.7569429889579966
1959-03-01,1.0419330937513656,,0.8604568349129694,,0.7974072531869343,,,0.7035877131323288,,,0.75276397922981
1959-04-01,0.6167669652974009,,0.9115571177738583,,0.8955523648647103,,,0.9451214388700656,,,0.43879559941467855
1959-05-01,0.614081024106421,,0.9698069532506263,,0.9381010365039492,,,0.9391361082167606,,,0.43698593722924617
1959-06-01,0.6114299285308796,,0.9136974717428116,,0.9473408330082691,,,0.9332633161781975,,,0.43519850890769457
1959-07-01,0.5057426278872312,,1.0577172183654933,,0.9123334640509615,,,0.4300808990565613,,,1.176267505241385
1959-08-01,0.5037768763330321,,1.0268020511105171,,0.855325436947285,,,0.42841089993397613,,,1.1667714448060111
1959-09-01,0.5018338997477656,,1.2181586200043593,,0.8538124611339588,,-0.34372007772297425,0.42676022633055405,,0.9675633749267275,1.1575022112209339
1959-10-01,0.2868407212918245,,1.3695664893933428,,0.7969624194129712,,-0.5517087517050266,0.5708365231185213,,0.5539229254162239,1.458388341966861
1959-11-01,0.2858981013370878,,1.3565503558671246,,0.8067111097080719,,-0.5487719151731068,0.5684030715051245,,0.5509687425339354,1.4432866162895845
1959-12-01,0.28496471858732386,,1.4013576561150862,,0.805358989515707,,-0.5458815731934041,0.5660005263336553,,0.5480614164770409,1.428645391201824
1960-01-01,-0.049371937979223325,,1.081736540367114,,0.7707638019712275,,-0.9020365674680819,0.11086792271364368,,0.8482779464889789,0.9194762962804619
1960-02-01,-0.04922442761425646,,0.9849907749688487,,0.7140700110146855,,-0.8955168802596319,0.11051443359084405,,0.8424644515332776,0.9139480671589406
1960-03-01,-0.04907823152629891,,0.9488863316948877,,0.7351754073885189,,-0.8891369097503048,0.11016430438822802,,0.8367691674742862,0.9085185775580353
1960-04-01,-0.19517546611995767,,1.0360433902751445,,0.7451359721283853,,-0.9244469790798882,0.13295351294410865,,0.8063574459888528,1.5020415891367203
1960-05-01,-0.19458205137184606,,1.0081519587159078,,0.6662160037663515,,-0.9177743896619532,0.1325352381734786,,0.8011778998877024,1.4864711178552241
1960-06-01,-0.19399401787164072,,1.0643728351894741,,0.6763669097944873,,-0.911244595232149,0.13212088679290052,,0.7960971405847918,1.4713758871816052
1960-07-01,-0.057876187453499914,,0.7648106127459323,,0.6753800713364339,,-0.6767397704057808,-0.2881025655677216,,0.7547670611391613,1.7637466380385853
1960-08-01,-0.05770908622140263,,0.7849121731533544,,0.6855251448985965,,-0.6729873315180849,-0.2871551601793414,,0.7502608380035547,1.74116899194631
1960-09-01,-0.057543424027691685,,0.7217621702717674,,0.7290496615437879,,-0.6692967618929663,-0.2862170451538102,,0.7458345590051473,1.719438048448823
1960-10-01,-0.04583429193012967,,1.0604499528953233,,0.6722490966591275,,-0.6243465903700576,-0.4080782348369718,,0.9408918691328618,2.120765394128658
1960-11-01,-0.04570436725512842,,1.1105140183890403,,0.7158571640747798,,-0.621120554782012,-0.40665805987105974,,0.9342965405232072,2.085322534789242
1960-12-01,-0.045575541199957915,,1.1467971689890069,,0.7370806026538105,,-0.6179441128905919,-0.405252623666103,,0.9278383225863314,2.0516013243738835
1961-01-01,-0.08470038525371525,,1.5715167921272697,,0.7024941879050889,,0.17171384124379807,-0.4917427771936279,,0.365635876793661,2.291593075824197
1961-02-01,-0.08446309142356234,,1.6336286979293986,,0.6791369223906276,,0.17107208099159962,-0.4899525178741314,,0.36412990600764344,2.248956561536973
1961-03-01,-0.08422778089020251,,1.6796236329029557,,0.6781591493048775,,0.1704374643467281,-0.4881816937089761,,0.3626424092752918,2.2086170520961996
1961-04-01,0.2923691820627999,,1.6688136383948602,,0.7218749002131011,,0.6399885098087702,-0.0894444925569306,,-0.2734166540461036,1.7610657422439466
1961-05-01,0.29150048711637777,,1.6746364028864442,,0.7431494814039898,,0.6367777026870239,-0.08918504097740705,,-0.2723722293500968,1.7397672851051342
1961-06-01,0.29063949355767427,,1.6267937011121298,,0.786737511874466,,0.6336148337002111,-0.08892783418892249,,-0.27133968940984043,1.7192244331548432
1961-07-01,0.3655869327834815,,1.6108098933046613,,0.8078564797285417,,0.47003465659744914,-0.2605160977060916,,0.7765652676537296,1.4133758504049747
1961-08-01,0.3644705539640877,,1.683712833431184,,0.8289234592730683,,0.4680359338937064,-0.2597288213242165,,0.7722263193062464,1.4010535223110159
1961-09-01,0.36336434755720487,,1.640603815707585,,0.8163735403281398,,0.46606252767201245,-0.2589486424420903,,0.7679594525871816,1.3890485071177847
1961-10-01,0.24328523902698493,,1.6792496779840582,,0.7702780247267115,,0.6931131650921708,-0.17529443327861,,1.3807588222491094,1.047801399167211
1961-11-01,0.24260241917154962,,1.7682615385497789,,0.7578882041212146,,0.6896103397709907,-0.17479176988320583,,1.3670962654561785,1.0415039268925763
1961-12-01,0.24192531852713245,,1.7729666462019762,,0.8015458008838481,,0.686160194269762,-0.17429340681692096,,1.3538322213290996,1.035318865369398
1962-01-01,0.25502474585534296,,1.5346110963155064,,0.822684609299454,,-0.17118554540426906,-0.030032783617413447,,1.143183101983813,1.012594231413612
1962-02-01,0.25431626457380846,,1.5528364877959504,,0.8325624204842972,,-0.17059713547422353,-0.029950544806623333,,1.134368902770026,1.0068174313040628
1962-03-01,0.2536136575188063,,1.5417783045702542,,0.8312055466345153,,-0.17001475284860404,-0.029868977877935726,,1.1257559225990725,1.0011385674307063
1962-04-01,0.18675778056161996,,0.7626326421317658,,0.7849912212132677,,-0.9899320469671142,-0.1277050627992421,,1.0185234473857878,1.1780649346290697
1962-05-01,0.1862614946165036,,0.585105295566168,,0.7501078244181212,,-0.9835055812496395,-0.12735568320132595,,1.0117202453508036,1.1702781792762942
1962-06-01,0.18576914497237984,,0.3299071202183911,,0.7265290541484715,,-0.9772029380976933,-0.12700915575190372,,1.0050518636520187,1.162644088175521
1962-07-01,0.02531924546045251,,0.45561666356412744,,0.7591690007967198,,-0.6508323614642404,-0.2843857066825974,,1.0956435443444301,1.0638942103569757
1962-08-01,0.025255189064430236,,0.5032346786186171,,0.7580280894714766,,-0.6478527851561481,-0.2835710931163694,,1.0878944837999647,1.0577154245558724
1962-09-01,0.025191616384815114,,0.4742598134569258,,0.7568923095785822,,-0.6449138319464424,-0.28276344319715224,,1.08030789067265,1.0516432479265234
1962-10-01,-0.281522025090578,,0.9038525421152646,,0.7557616227546352,,-0.6548165126530271,-0.08210616587636126,,1.0309760190332729,1.0875987727232437
1962-11-01,-0.28076497849775883,,1.0236015711700368,,0.7546359910366427,,-0.6518646734024016,-0.08189062763067993,,1.0242675977538787,1.08123577797655
1962-12-01,-0.2800140092053935,,1.1001608657566946,,0.7872809948107916,,-0.6489524664037608,-0.08167677797781668,,1.0176887164587352,1.074983366509387
1963-01-01,-0.3367711565315513,,1.2768999262899028,,0.7635584849626728,,-0.24564069939364871,-0.13774674983180954,,1.1344451609603692,1.1058635307996283
1963-02-01,-0.3358504911600342,,1.292430004324707,,0.7624191450990743,,-0.2448352710014554,-0.13738636465852172,,1.126417347966668,1.0993796690485682
1963-03-01,-0.3349373398241064,,1.2640930700813064,,0.7725533909906473,,-0.2440377168960978,-0.13702879363759168,,1.118557920493271,1.093008728569934
1963-04-01,-0.4545042397531433,,1.4454810147491548,,0.8052102426694815,,1.0169685755430167,-0.1880250736064745,,1.117615449112036,0.7849196857059078
1963-05-01,-0.45317685033503396,,1.4756965913126117,,0.8377878341745357,,1.0106809960301142,-0.1875327737517263,,1.109978932199906,0.7816240437556157
1963-06-01,-0.45186103380987824,,1.452007750044773,,0.8590052583694582,,1.004508846071791,-0.187044321414924,,1.1024971500261143,0.778369635218682
1963-07-01,-0.624464161958505,,1.440646845016466,,0.8914423205667211,,1.0556075925346622,-0.30908114354209565,,0.975932234190341,0.6921321537381949
1963-08-01,-0.6223924703821863,,1.4869607412273345,,0.9350595670231343,,1.0489465740665824,-0.308237386527632,,0.9702439878867204,0.6895135360398132
1963-09-01,-0.6203412878382192,,1.5316245975791043,,0.9447060605913875,,1.0424103253152985,-0.3074005055609296,,0.9646542521552597,0.6869244607808758
1963-10-01,-0.97638956639327,,1.349281869884114,,0.9656003580396147,,0.894038775342893,-0.4558220337718025,,1.5249450272904672,0.67156277281045
1963-11-01,-0.9719017888500172,,1.323987777721939,,0.9638710130271453,,0.8893203118355409,-0.4544698295889796,,1.5101252943258865,0.6691079071951175
1963-12-01,-0.9674754248067196,,1.353732275287776,,0.9734288714914864,,0.8846759177050103,-0.4531295994244323,,1.4957300812956678,0.6666798053097918
1964-01-01,-1.1564435855060473,,1.5125321213726401,,1.039335468138497,,0.6253313943589077,-0.725954012362545,,0.3500995395132853,0.33058529028697164
1964-02-01,-1.1501752372335812,,1.5275786684978157,,1.0035194678768886,,0.6228243845198739,-0.7232693534397002,,0.34896780293909385,0.3296759726488682
1964-03-01,-1.1440078780653482,,1.5571164880456352,,1.024216436161807,,0.620347333350117,-0.7206143032371289,,0.3478469791160434,0.32877412177230836
1964-04-01,-1.3073640794909847,,1.628889140494232,,1.022289357968282,,-0.17027011685114812,-0.36486277265551315,,0.20171074845810952,0.3983688233245072
1964-05-01,-1.2992690223598153,,1.6369522437742718,,1.031646365461046,,-0.16977441496689832,-0.36387662644528546,,0.2011167951318513,0.3972408040429968
1964-06-01,-1.2913227071238964,,1.5976521981653626,,1.0296980090769974,,-0.16928301811193167,-0.36289843837675234,,0.20052805920874336,0.3961223202598667
1964-07-01,-1.5610066847805337,,1.705927457408107,,1.0390322521181408,,-0.6675589481468879,-0.6674743877395132,,0.8396223887103451,0.3538954050772136
1964-08-01,-1.5489324620934175,,1.659305892067712,,1.0596023637169845,,-0.6648703723724504,-0.665203846101743,,0.8356338299783275,0.35293643638365935
1964-09-01,-1.5371344912438938,,1.6770490616679348,,1.0688235215947761,,-0.6622140721725861,-0.6629563495177522,,0.8317016791057279,0.3519852261516832
1964-10-01,-1.7882484317140044,,1.769528572118491,,1.0780095786170496,,-0.9104399837397451,-0.5682381847340412,,1.498844880316408,0.4976682958855537
1964-11-01,-1.7716127295684068,,1.7604008995647802,,1.087160103711388,,-0.9058772321943019,-0.5664941235266368,,1.4855532709466586,0.4961937156992621
1964-12-01,-1.755433313763953,,1.6979186622410414,,1.0962746702822204,,-0.9013825220859075,-0.5647660412431642,,1.4726096441158363,0.49473217870670455
1965-01-01,-2.3114592820687205,,1.7347036297875786,,1.094094421079716,,-0.8106291562198945,-0.2510550457994642,,1.0447075362827427,0.0320463597348363
1965-02-01,-2.279595947087614,,1.736448326554459,,1.0919271361733083,,-0.8070074455281148,-0.2504448597341176,,1.0388191001186597,0.03197132327985566
1965-03-01,-2.2490159794842683,,1.7139667340308944,,1.1010275658228283,,-0.8034339301865868,-0.24983910270679868,,1.0330292992037071,0.031896811449202755
1965-04-01,-2.4539212891515048,,1.5799591679776763,,1.0875864246291793,,-0.7858601662424337,-0.3233052647166906,,0.6473655520793905,-0.022953602759563534
1965-05-01,-2.4170309876554295,,1.6051668503555878,,1.085457453125834,,-0.7824874602427088,-0.3224997025017741,,0.6449284866693554,-0.022900627429908206
1965-06-01,-2.381757038708528,,1.453402151231073,,1.0608393885968692,,-0.7791578804534871,-0.32170013493915994,,0.6425187791245175,-0.022848017196152995
1965-07-01,-2.4703422392927266,,1.5973190211709205,,1.0475738149835672,,-0.7897196618048682,-0.3402899730923502,,0.9534109627437761,-0.016974545503249158
1965-08-01,-2.4332628142601966,,1.6290214470308642,,1.0568638682956724,,-0.7863709565679361,-0.3394448393337942,,0.9486583909825845,-0.016935913482655173
1965-09-01,-2.3978055509944856,,1.6981993703782288,,1.0548716963710316,,-0.7830645615402798,-0.33860597465410774,,0.9439763112202726,-0.016897544025687182
1965-10-01,-2.863886168978951,,1.8140218414375147,,1.0753846843761512,,-0.22125193359473833,-0.2499089876462947,,1.2449764282246136,-0.13903404704281586
1965-11-01,-2.8092344175521022,,1.819956421260089,,1.0958154178149873,,-0.2206559397057152,-0.24932591225912917,,1.236823635967232,-0.13871590740668086
1965-12-01,-2.7575981910186433,,1.7845142297375072,,1.1049207297387742,,-0.2200647376795303,-0.2487469003620006,,1.2288291970664331,-0.13839994192528535
1966-01-01,-2.7118817817643692,,1.6578732115387198,,1.1252275132587148,,-0.06649661884608483,-0.019705035759568553,,1.047812845683637,-0.11729281147229338
1966-02-01,-2.6653585494593814,,1.612000721095898,,1.1005059719066985,,-0.06632774607648377,-0.01966232286391128,,1.0422485180362995,-0.11702944288774977
1966-03-01,-2.6211516901735417,,1.487203605064996,,1.0309423921632725,,-0.06616015339288812,-0.019619886518228873,,1.0367720525268782,-0.11676784056723755
1966-04-01,-2.8001103637841314,,1.4002771282448914,,0.9728719610476351,,0.04948216916664164,0.16487281552927477,,-0.4372107068056903,-0.00835900053300609
1966-05-01,-2.749967073298388,,1.259129295062472,,0.914989600966456,,0.049358628271530064,0.16451052148626788,,-0.4359124997958354,-0.008340728896427828
1966-06-01,-2.7024260110392055,,1.2232139810783198,,0.9022686667698441,,0.04923600808839106,0.16415060562293118,,-0.43462579889992314,-0.00832257655329355
1966-07-01,-2.6276570782064677,,0.916841095240885,,0.8895864340630142,,-0.12109061946143583,0.18697945674210018,,0.689329505251511,0.14711893606809484
1966-08-01,-2.5859773831933732,,0.7560564333796368,,0.8881945714462633,,-0.1207890946707347,0.18657070466841505,,0.6868306003365325,0.14679463200938106
1966-09-01,-2.546221270187297,,0.6732473961877753,,0.7967525136866256,,-0.12048981131873883,0.1861646220565721,,0.6843587146735799,0.14647246339921138
1966-10-01,-2.440710666338392,,0.7013712380748036,,0.6942313559216639,,-0.5545547089414578,0.07670574978621675,,1.2512376560904872,0.3266101597962161
1966-11-01,-2.4069522660480347,,0.7962932568199232,,0.591866042448699,,-0.5527991513548621,0.07654483880211953,,1.2434725142168042,0.32583994696042407
1966-12-01,-2.3745578608817026,,0.7976364998306089,,0.5798897728677578,,-0.5510601806622024,0.07638493625972807,,1.2358503888728036,0.3250751600991779
1967-01-01,-2.162123722888216,,1.158844960384986,,0.6017978579145142,,-0.26715526283897356,0.05991684853511973,,0.6808164858755513,0.6771468909748828
1967-02-01,-2.1379331998271383,,1.2247285465712663,,0.5784977258136745,,-0.26647273413090294,0.05979299462936433,,0.6784381159354097,0.6750673743497254
1967-03-01,-2.114537477294099,,1.260871129106345,,0.656941096607202,,-0.2657954119482959,0.059669905613496256,,0.6760845327747265,0.6730069222535535
1967-04-01,-1.8925091362252904,,1.3321727230138838,,0.6561310160069306,,-0.024870699589273005,0.19445351003603736,,0.47970839970803075,0.7750519875179813
1967-05-01,-1.8755655452679199,,1.3559893820436288,,0.6553239262318626,,-0.02481221523374865,0.19404285524911477,,0.4783202825923566,0.772472202243279
1967-06-01,-2.106360786427211,,1.3085338087790221,,0.6658363794734133,,-0.024754141520835635,0.19363479167747322,,0.4769441576662689,0.7699180404106359
1967-07-01,-1.9633726090252308,,1.429578576334709,,0.6989763501392996,,1.0568796757484662,0.15892491064966907,,0.26671650320865753,0.8065727913836543
1967-08-01,-1.9264050912873527,,1.4482516843607343,,0.6641075725679494,,1.0516892768898207,0.15859736507374872,,0.2660541965746611,0.8038385797486683
1967-09-01,-1.891972432810153,,1.4628215523766501,,0.6179572759340266,,1.0465747215361632,0.15827183662809843,,0.2653968012283397,0.8011320230343294
1967-10-01,-1.1623746148776786,,1.5207490030222708,,0.6739247567067742,,1.9475839509436046,0.26224387363479496,,0.11478347699415256,0.5746629272208191
1967-11-01,-1.1547893107812217,,1.4270788698973478,,0.7298018416824658,,1.926368971239913,0.26168705641051454,,0.1145176490338716,0.5731123731397022
1967-12-01,-1.147359686969713,,1.4732511820613579,,0.6267219119268574,,1.9058331787375549,0.26113377209674166,,0.11425365955384757,0.5715743152995274
1968-01-01,-1.8658925519128804,,1.1381778517622556,,0.7054603672090974,,0.9266756938982295,0.42339481675769003,,0.5982715508459547,0.9006919813755008
1968-02-01,-1.8342023193782926,,1.0184282618841307,,0.6704911917349601,,0.9227870726841708,0.42241421462373013,,0.596437627516441,0.8974222226802885
1968-03-01,-1.8044758814497124,,0.9632285523954984,,0.6242092677473078,,0.9189470699602973,0.4214403989444124,,0.5946204858116187,0.8941878641882669
1968-04-01,-1.6838816657787663,,1.3234023095791234,,0.6007327072098434,,1.7220639674035312,0.3755600387295109,,0.46929390537291965,0.899995122417146
1968-05-01,-1.6617884974431458,,1.3565800080018964,,0.6000439655033266,,1.7069207986180082,0.3747283075690413,,0.4680188532495323,0.8967689517967621
1968-06-01,-1.6407364091202887,,1.3919922750953697,,0.5652005833842423,,1.692170654181749,0.3739020810236313,,0.46675414670474163,0.8935772731183814
1968-07-01,-1.75161504372709,,1.3056930713022274,,0.6215337723351237,,1.0228707404770647,0.40027975992250275,,1.262205507064484,1.0222410376625284
1968-08-01,-1.722711714108995,,1.2354595962056916,,0.5524234902656261,,1.0182708643983103,0.3993887087399213,,1.2550187015398,1.018150321957044
1968-09-01,-1.695558411587279,,1.289892590486827,,0.529007742410025,,1.0137325821077412,0.39850358535730895,,1.2479534433098582,1.0141083892259388
1968-10-01,-1.6281220332625779,,1.668483787204153,,0.6083277137628897,,0.7942750540212717,0.5405111565209171,,1.312314686943552,1.0165556560374591
1968-11-01,-1.6093687798242873,,1.679048631611218,,0.5277044628275948,,0.7914645697315281,0.5391859799658985,,1.3045748442013823,1.012557642104628
1968-12-01,-1.591378762895424,,1.6781408580575907,,0.5728459588269466,,0.7886837503271676,0.5378705112130309,,1.296970531539326,1.008606491523015
1969-01-01,-1.9201548240312434,,1.3496669227852296,,0.6293663660052163,,0.2700513990676768,0.42124110023808065,,0.5973212606948973,1.329090951009501
1969-02-01,-1.8860968261242834,,1.312424781296638,,0.7315380627931874,,0.26943142529012887,0.42031084311512046,,0.5955858060021544,1.3220685289792373
1969-03-01,-1.8542482976100096,,1.2331143791384584,,0.7077348672019321,,0.26881570339472827,0.41938672582283215,,0.5938654069881727,1.3151563837340285
1969-04-01,-1.692703932254397,,1.117970089295606,,0.7182976075670527,,-0.9052669676376135,0.555286769707483,,0.5340408074376013,1.708575869764786
1969-05-01,-1.6738535498714655,,1.1730448230454136,,0.6258173299514374,,-0.9017841299853461,0.5539389596776403,,0.5325899014204747,1.6959626554639151
1969-06-01,-1.6557248387689294,,1.0349401744548539,,0.6365542879587146,,-0.8983412394268427,0.5526009252168301,,0.5311507684935924,1.6836249836929789
1969-07-01,-1.780714049997425,,0.7732241721675724,,0.5899730133750676,,-1.6685794633384292,0.4170331219439198,,0.12188510571880068,2.1235251692657244
1969-08-01,-1.7589491860110833,,0.7445798508120687,,0.4402022436152791,,-1.6554449200091177,0.41613513549999737,,0.12162712632569492,2.1018188801170385
1969-09-01,-1.738111712853605,,0.7396520824443072,,0.41681004853522446,,-1.6426160723674552,0.4152429285259922,,0.12137077822430656,2.0807653762534
1969-10-01,-1.660087029879639,,0.6014111329114131,,0.4393862678413834,,-1.8835602645873577,0.32341594030718585,,-0.35887801447137035,2.426986983374445
1969-11-01,-1.6443937320731876,,0.5993636184493292,,0.42746175750224225,,-1.8659958978179683,0.3227679234945409,,-0.35804318624192144,2.396409877529655
1969-12-01,-1.6291746272835832,,0.4792238710988913,-2.0521603114290317,0.3925364412223254,,-1.8489143584625205,0.3221237879232947,,-0.3572141601521442,2.36696077701668
1970-01-01,-2.1277749200747182,,0.33895393666247586,-2.0891053086247724,0.36914155680391375,,-1.8128001557720892,0.1712024253538954,,-0.09516476081509193,3.2552736147710832
1970-02-01,-2.0990143662541643,,0.2613894269175829,-2.6328608006633725,0.48399982647231454,,-1.7970507142966647,0.17088630265560845,,-0.09496938357185525,3.187823581095678
1970-03-01,-2.071472952991705,,0.27815515027138227,-2.697209322765923,0.5526630894083079,,-1.7817051433430142,0.17057192486656203,,-0.09477520479355374,3.124401228629497
1970-04-01,-1.8243261673677116,,-0.2503070317006908,-2.6311907142866295,0.45982483038559,,-1.9662645818838442,0.05107529748373186,,0.007221894689422159,3.373373626324919
1970-05-01,-1.8060728514297875,,-0.45275647873232455,-2.34556073204558,0.45937382285593326,,-1.9471324791796671,0.05098442282366732,,0.0072073780179567875,3.299698646283216
1970-06-01,-1.7883668573239329,,-0.47158195939187153,-2.1397024953078136,0.5743858663191787,,-1.928548673930265,0.05089403150224319,,0.007192948533677052,3.2306508064610626
1970-07-01,-1.6150860143689103,,-0.22458138772509276,-1.8386431058105042,0.35424633516856174,,-1.2217191117374697,0.20366024759690224,,0.07929543183825807,3.312099462307528
1970-08-01,-1.6016136112920152,,-0.18405445111828064,-1.3446552465096346,-0.05092617207353401,,-1.2156690670743202,0.20328774693719745,,0.07913695307403934,3.2428165918747376
1970-09-01,-1.5884850055407052,,-0.10382313702101004,-0.950470518956683,-0.03930761504999496,,-1.2097081346735217,0.20291728310945342,,0.07897942073934199,3.1777086987616623
1970-10-01,-1.3259653278785906,,0.12830986262055252,-0.5957725557636739,-0.03927600664079792,,-1.1148954709195025,0.3714654423412517,,-0.607053479991035,3.768116630948301
1970-11-01,-1.3176661989859149,,0.11578486972026876,-0.35729684880267837,-0.07403292789636871,,-1.1099839386833499,0.3707305684429976,,-0.605421279253597,3.669876907694301
1970-12-01,-1.3095255450591763,,0.21518409248484344,-0.09635012433996648,-0.24804451753058485,,-1.1051368339014027,0.37000004088781563,,-0.6038021871312024,3.5789429099318055
1971-01-01,-1.3143591404228767,,0.40442037790868374,0.3225500139887187,-0.13170142323303294,,-0.4524869598242413,0.1381013957912313,,-0.47794025850828364,2.584260296026638
1971-02-01,-1.3047876325338605,,0.46559295818037033,1.3742886230384368,-0.050231916489898915,,-0.4514287333133073,0.13785936078514835,,-0.4768004681366001,2.5499309146511875
1971-03-01,-1.2954573562437366,,0.5046580625438722,2.0511750253400636,0.019604755946090395,,-0.45037790215335644,0.1376185939865784,,-0.47566879984931354,2.5169349539540007
1971-04-01,-1.1236257497916133,,0.5292412173761385,2.630783023593359,0.07779924903218223,,0.6148136256737164,0.6270388899379671,,-1.3424691437557978,2.4032191722102434
1971-05-01,-1.1176222480197706,,0.4895972111656426,2.9460212382223476,0.20589531748233017,,0.6131874269359944,0.6255505989849028,,-1.3352573351914814,2.375277087103894
1971-06-01,-1.111723286430037,,0.4368797854544176,3.0102830076968905,0.1824067643849976,,0.6115740773100333,0.6240728650934563,,-1.3281606522809892,2.3482880617093875
1971-07-01,-1.0995057862417044,,0.33561015096825864,3.067254063638517,0.17058921360263943,,0.7976841306928992,0.6102735862512744,,-1.6182512030022091,2.04251930122242
1971-08-01,-1.093929090084949,,0.29514438551284705,2.9095879175505157,0.11206201874864136,,0.795206917436533,0.6088611239801267,,-1.6071713858946168,2.024508647862816
1971-09-01,-1.088443556117237,,0.33131619804769324,2.8058203613070605,0.13534647992581314,,0.7927526681940471,0.6074584324729786,,-1.5963163045121809,2.0069665199132487
1971-10-01,-1.021161779309761,,0.4293652370342488,2.7216155804966937,0.205412133725298,,1.0712090639007072,0.9168255624788401,,-0.5695692800396396,1.8744181784547347
1971-11-01,-1.0164715320438544,,0.34288489445363063,2.701194661469937,0.17013051037743904,,1.0668937887954772,0.9140080999308134,,-0.5681540391471653,1.8601190814376083
1971-12-01,-1.0118503086547874,,0.4468068992607985,2.5914328757580956,0.15827940748392835,,1.0626303121992868,0.9112164818531857,,-0.5667493053168017,1.8461425629636892
1972-01-01,-1.131058046239724,,0.5742897701095715,2.533334271378775,0.26365149362981544,,2.0623637347620414,1.0889999631691374,,-0.49348350205982927,1.666789823784697
1972-02-01,-1.1253895718665965,,0.5950498673739804,2.40607510959379,0.3572652641181312,,2.0423975551722227,1.0850660201422557,,-0.492345177257308,1.6562364464134796
1972-03-01,-1.1198112769516448,,0.6310441684879298,2.2175918172424,0.31000243007087436,,2.023000687887214,1.0811744508116286,,-0.49121469969342224,1.6458811927622026
1972-04-01,-0.8683321288567006,,0.5808269792633403,1.9015593964006825,0.380207820310275,,1.9976427132055814,1.0370845963561646,,-1.1591699043691321,1.673375172951048
1972-05-01,-0.8651635785604774,,0.5525304278205001,1.6189903802781993,0.39162087119000166,,1.979459691610191,1.033561900009895,,-1.1541871407973219,1.6628249725844972
1972-06-01,-0.862029686333682,,0.5493268861634488,1.5640666162635986,0.34422803960194587,,1.9617646954818417,1.0300748971143263,,-1.1492681616430915,1.6524720055626525
1972-07-01,-0.9501299672537065,,0.526983461937271,1.6836650996954372,0.28508165075090935,,1.663910165550638,0.9103129551364234,,-0.6170873087361298,1.4958390475175347
1972-08-01,-0.9463828460068007,,0.5853981292907595,1.8061032334062534,0.30839900052174213,,1.6525649914460154,0.9076146675807599,,-0.6155408252767742,1.487875051220272
1972-09-01,-0.9426797765532202,,0.5486877392522043,1.8755782040177924,0.4613401822570988,,1.641448978101521,0.9049402583219359,,-0.6140059218818248,1.480037035765084
1972-10-01,-1.0055368058542895,,0.8334023625664744,1.9524902231524544,0.48448755431514384,,1.044919697435082,0.8183645976274285,,-0.6460900157716969,1.1526956113061095
1972-11-01,-1.0007643427059378,,0.9185348192721119,1.9233152555433952,0.4604315097503817,,1.0409957820951496,0.8161709337388863,,-0.6444457335640215,1.1483181809720342
1972-12-01,-0.9960611366944275,,0.9493182585807125,1.9955125773458469,0.48360990553386984,,1.0371157950823362,0.8139948344117864,,-0.6428139541046821,1.1439902979604002
1973-01-01,-1.281658895956601,,0.7026805114304617,1.9463700017668766,0.6012439486464911,,-0.26725718045121377,0.364254924570175,,-0.01279324830453637,0.7059864409718576
1973-02-01,-1.2726535828956433,,0.6120328034528089,1.6595105946287803,0.6006147395485664,,-0.2667488901317299,0.3635992363178094,,-0.012770541941585388,0.7042772381557991
1973-03-01,-1.263848210841369,,0.5590158316225182,1.2702950795727477,0.6118065674886973,,-0.26624348975548295,0.3629470777574007,,-0.012747956051666726,0.702580401296564
1973-04-01,-1.2247477915667342,,0.27777116969276244,1.2088510522071314,0.5047257061814633,,-1.2170543984189532,0.0914349045219825,,-0.21784745309568876,0.7596618048175776
1973-05-01,-1.2139342257842451,,0.20974736222744345,1.2801016918515622,0.5752430485825091,,-1.2117503420753846,0.0912898210056436,,-0.2174467065232048,0.7577446316866285
1973-06-01,-1.2034130173270887,,0.15431950449957232,1.2352635685921947,0.5864966910165081,,-1.206515110732073,0.09114542594960233,,-0.21704816387028625,0.7558419151239486
1973-07-01,-1.3747432208322445,,0.25383013761079254,0.8655546400863797,0.5503608179127365,,-1.5043906539654546,-0.5056274037987366,,0.2549851599763675,0.9473224009354343
1973-08-01,-1.3593336572162962,,0.1867165962156841,0.49128516980391623,0.47869793636957725,,-1.495869648252548,-0.504637043899095,,0.25451317487177005,0.9444736006464938
1973-09-01,-1.3444472189768735,,0.20786986998847287,0.02169339560317342,0.30030841583070156,,-1.4874919526807777,-0.5036524845511938,,0.25404380173763025,0.9416503743810337
1973-10-01,-1.4796424398357897,,-0.15606644037998602,-0.25644882987507545,0.5255994941036398,,-1.8094728995573262,-0.7115937647930272,,-0.4374899065246029,0.8255787979782863
1973-11-01,-1.4624821541654256,,-0.2935840286474162,-0.3109179498589626,0.5963305562720422,,-1.7962147702606879,-0.7099368020992273,,-0.4365930266693396,0.8233990704527647
1973-12-01,-1.4459362104642395,,-0.41980680267948134,-0.41915138770955457,0.5363238333295747,,-1.7832440979707884,-0.7082913711351189,,-0.43570164361548835,0.8212365345325825
1974-01-01,-1.55942958782969,,-0.4942639496583173,-0.6146002815193898,0.7140534743785141,,-1.7420944218684522,-0.7893384829421425,,0.1609616995260251,0.7339480164421813
1974-02-01,-1.5419085571245026,,-0.5561998340813584,-0.5908993391514699,0.6775834343530275,,-1.7301611706644373,-0.7873762595323702,,0.16068060000253187,0.7321914587339383
1974-03-01,-1.5250098396997105,,-0.516671578350159,-0.37865436180958145,0.7600644245146134,,-1.7184700363884429,-0.785428611467837,,0.16040096821293756,0.7304474646529739
1974-04-01,-1.234531258486774,,-0.7872229333833477,-0.4632262082080744,0.7472701638118509,,-1.488731248567355,0.3674220144526673,,0.36010427896589714,0.6652824274080508
1974-05-01,-1.2183850771630358,,-0.8461700350844391,-0.7248578336594739,0.6750098029097955,,-1.480671150235901,0.36678942747515564,,0.3594185573591209,0.6638034998041586
1974-06-01,-1.202822657389646,,-0.8559956897689533,-0.8806390466878766,0.5313976778448858,,-1.4727406878317137,0.3661600979996446,,0.3587367399540241,0.6623344000869141
1974-07-01,-1.113818662649295,,-1.4615873008080764,-0.8707146459347966,0.578544212991871,,-1.3909561152108456,0.5563846336427084,,1.0059879678523027,0.4773671328148865
1974-08-01,-1.1006162337539431,,-1.5164584735287412,-0.8541390939543317,0.5660469551249712,,-1.3841499087334945,0.5552890029572186,,1.0026089468775041,0.4764723937101104
1974-09-01,-1.087840201130718,,-1.634075056486548,-0.7049387854993088,0.3627006279405717,,-1.3774427446947615,0.5541998240547688,,0.9992637856686364,0.4755826699566412
1974-10-01,-1.0625822644468512,,-1.6119841097851242,-0.6174758596962404,0.0399863473387793,,-1.0975359180336783,0.236828633636516,,0.33493764768920686,1.0977592916664802
1974-11-01,-1.0518488292264894,,-1.5823239243178546,-0.6758157914237127,-0.5574788762465158,,-1.0935373690141972,0.23645610069070086,,0.33432220460239565,1.0940978797514274
1974-12-01,-1.0414176474805448,,-1.6472149216133753,-0.8254473819229147,-0.592781433860735,,-1.0895822537118616,0.2360853205556707,,0.33371014301672686,1.090472897619216
1975-01-01,-1.2204802364077185,,-1.313152536182265,-0.8315712030447074,-0.8789533008638294,,-0.8376232770868324,-0.8021098966517591,,0.010819264635705256,1.9121082276543286
1975-02-01,-1.2138899401237093,,-1.2177798126054742,-0.6952870632697024,-0.9375147243960856,,-0.8352901678814421,-0.8001625370037492,,0.010801569934792468,1.898816846873087
1975-03-01,-1.2074108620819104,,-1.1706636903825152,-0.4912673286382565,-0.6733340270140045,,-0.8329764669750909,-0.7982293054013047,,0.010783961767696946,1.8857990220597387
1975-04-01,-1.187830686042675,,-0.9694259983528307,-0.18174521635964627,-0.45728338970446464,,-0.5612884815865569,-1.0352151553944755,,-0.5950214637718165,1.488106200647825
1975-05-01,-1.1825911696645919,,-0.9037936504851498,0.2939934542271945,-0.6483962736868122,,-0.5600922171488951,-1.0320753306267763,,-0.5937156271037174,1.481009765659189
1975-06-01,-1.1774205737589678,,-0.8810732566751927,0.7948474968057481,-0.7195434207806526,,-0.5589035749373467,-1.0289639306270102,,-0.5924183573524527,1.4740139805052181
1975-07-01,-1.333756233612047,,-1.1282245902708097,1.140083900458519,-0.5510627939847356,,-0.24366371101688378,-0.747863088557136,,0.19184182727463792,0.6262777903266747
1975-08-01,-1.3269210234815751,,-1.213676500769058,1.3457425029348473,-0.46662603225341986,,-0.2432496260080042,-0.7461703471359257,,0.1915227795065799,0.6249936041605743
1975-09-01,-1.3201953534994355,,-1.2288646835457642,1.5109985038228526,-0.49019863357397325,,-0.24283764540524652,-0.7444890583123432,,0.19120531847881087,0.6237172916464836
1975-10-01,-1.357996928287613,,-1.1190454323796248,1.5092195629950216,-0.6097480466580225,,0.14279714556790243,-0.9322835701499391,,-0.41122302864255456,0.46680677486193745
1975-11-01,-1.3502774324341988,,-1.1044474345949513,1.6310141190434762,-0.6331418711604858,,0.14256566404507331,-0.9297760640784724,,-0.41045892273958046,0.46597694984667865
1975-12-01,-1.3427044405562887,,-1.1219734861158992,1.8336382360219379,-0.6204859846156802,,0.14233530469423394,-0.9272887017622011,,-0.4096990626864022,0.4651515370993066
1976-01-01,-1.6170079479940334,,-0.8511780566273777,2.039142266692474,-0.6679104837475235,,0.8606834980627697,-0.29352801313603766,,-0.41686697137616296,0.1774331445288712
1976-02-01,-1.5990591767110598,,-0.8058911231349429,2.198081105892128,-0.5229756078178419,,0.8583237092212622,-0.2930734166612141,,-0.416096619634262,0.17716845003254755
1976-03-01,-1.5818241552403638,,-0.7994973669769951,2.0586869417537255,-0.4142279487228566,,0.8559832442124984,-0.2926209263788159,,-0.41533052511870167,0.1769049367483992
1976-04-01,-1.5361864687095954,,-0.7838875709766986,2.0103399487142943,-0.3416440814597879,,1.4225671430091542,0.005774281888370565,,-0.5421390925212015,0.15652271747883215
1976-05-01,-1.5202364037674396,,-0.799731725917568,1.8662416594083087,-0.02809355378904843,,1.4158656377537728,0.0057661202136748795,,-0.5410448026100549,0.15629279841274457
1976-06-01,-1.5048765320318793,,-0.7970985022675998,1.4247254243514555,-0.016014332906969485,,1.4092580440853575,0.005757993049489027,,-0.5399571172080774,0.1560638896560649
1976-07-01,-1.515038955389267,,-0.7847465148094943,1.2395054876286729,-0.003935104313764532,,1.3803250732137813,0.45770992258478554,,0.22005816555364724,0.17258802005976825
1976-08-01,-1.499964837197144,,-0.8008392459153848,1.356262002384632,0.08060229663753352,,1.3741338691032068,0.4569336251670537,,0.21970179371057408,0.17233536308876324
1976-09-01,-1.485425373527077,,-0.776713088841468,1.4423948717259176,0.28597438166563,,1.3680253095550623,0.4561612663953448,,0.21934714794611798,0.17208381260317346
1976-10-01,-1.3314063445955913,,-0.8126900216577979,1.6802113440598672,0.34620439532918384,,1.3763176040855696,0.3664132590972962,,0.14806301893743354,0.30259054801454716
1976-11-01,-1.3215096070976635,,-0.821965426161462,1.7646772298341915,0.33382789130120766,,1.370224185482485,0.3658354131570312,,0.14783146792048515,0.30212489012348276
1976-12-01,-1.3118747712236813,,-0.7824661492149855,1.8576611046075207,0.13984832123744198,,1.3642110632162088,0.3652602935063605,,0.1476009999427222,0.3016613760486897
1977-01-01,-1.2651758544169698,,-0.9656835958003758,1.8809935963685318,0.16397931537530885,,0.7458183556170311,1.1273760121494396,,1.0926382748057015,0.14475914939745174
1977-02-01,-1.2565060669594554,,-1.009747426764167,1.7586630719682748,0.21235782630007327,,0.7440568413798327,1.1238454610828548,,1.0890014383622584,0.14455257925523027
1977-03-01,-1.2480468538093117,,-1.0204834306520671,1.7424936089386796,0.28499353695870056,,0.7423077612853884,1.1203479027438694,,1.0854007133956494,0.14434689097600908
1977-04-01,-1.027810450209153,,-1.0533477424154924,1.6897347813985022,0.2726336561255782,,0.5443690377070063,1.1506692746900304,,0.8415756280908955,0.0017495820226979964
1977-05-01,-1.0234610418131225,,-1.0605580927653535,1.5688146027897145,0.3574572561388821,,0.5433079129978067,1.1470120364961112,,0.8394134879645039,0.0017471571285802101
1977-06-01,-1.0191744609146767,,-1.0602106166421286,1.636383703836811,0.3571703792419769,,0.5422529738037639,1.1433894809635918,,0.83726794336701,0.001744742289088956
1977-07-01,-0.9691504794564305,,-1.1566814146921203,1.5967692573515728,0.39336894126587113,,0.34566554014658446,1.0650657714396494,,0.5762956530785387,-0.04080488829542141
1977-08-01,-0.9655243081423392,,-1.1862714708065725,1.4716913775374916,0.5025527549230475,,0.34508906196920786,1.0619816428704518,,0.5751515608591238,-0.040748706217263
1977-09-01,-0.9619435698972607,,-1.2050348479152238,1.328721515101977,0.45341408599579563,,0.3445154595084057,1.0589241762505692,,0.5740142606464994,-0.040692755563306426
1977-10-01,-0.8398809706553009,,-1.304758704274927,1.0770516496391231,0.48956786021134185,,0.18603943565702344,1.6898699307445486,,0.4864912170557989,0.052264903609894324
1977-11-01,-0.8375278449681214,,-1.3008638647367392,0.8835437966937659,0.46476567032863014,,0.18575530479993857,1.6811220761844206,,0.48560267113835687,0.052193455210574696
1977-12-01,-0.8351949604239013,,-1.306605551613711,0.6679662000384065,0.5497155126568386,,0.18547247195727665,1.6725087757007489,,0.4847189790548746,0.052122299031601746
1978-01-01,-0.9175175800488883,,-1.442560694328098,0.5176811808362728,0.5979984788845262,,0.6145010877431477,1.9875001214264978,,1.615388877226431,0.13126473118570617
1978-02-01,-0.9147912928806184,,-1.4589998869338312,0.29314489374771896,0.6340305169072173,,0.6132615927554317,1.9744210605709847,,1.606870919971392,0.13108416023052663
1978-03-01,-0.9120895810024348,,-1.4643733861610277,0.14485772766984256,0.608993586337386,,0.6120295738710592,1.961596998798057,,1.5984864063678703,0.13090433246219044
1978-04-01,-0.7202491425028817,,-1.4050839057531073,0.032400451192134756,0.5961955607859837,,0.9468701543747897,1.2300552394905961,,0.7389550011789914,-0.2719613190121034
1978-05-01,-0.718423683481033,,-1.359873443846642,0.03263349419125721,0.5467546390115621,,0.9442636022227978,1.2259629300718422,,0.7372966348383435,-0.27156945119311465
1978-06-01,-0.7166120739528062,,-1.3647896339434737,-0.010369549806480164,0.49735330887686435,,0.9416784788146069,1.221911229417391,,0.7356493935426671,-0.2711792728041245
1978-07-01,-0.6602169312243407,,-1.31819347693414,-0.12259673719752533,0.6436937423720235,,1.4674730004307648,1.1241450419309147,,0.9096917702519655,-0.26364832662501864
1978-08-01,-0.658633201803171,,-1.2491264032513831,-0.17245933611674,0.5574110840083881,,1.4608240668066594,1.1208018309383563,,0.9072994539430189,-0.26327303746002995
1978-09-01,-0.6570608476259685,,-1.2545423452325108,-0.12588252274050435,0.630350748457423,,1.454264772226811,1.1174882972937374,,0.9049259306913632,-0.2628993466907755
1978-10-01,-0.7070208063119713,,-1.3898647392712222,-0.15321716517754025,0.6664725212094668,,0.2350141796493979,0.589313260022416,,0.7725741305420752,-0.32734791703745747
1978-11-01,-0.7052341726213595,,-1.4512843476507438,-0.21433694804588016,0.5432930392188356,,0.23466060057705246,0.5882780817468638,,0.7708139716998599,-0.3268693295554148
1978-12-01,-0.7034610983325575,,-1.4374636936489136,-0.2602621516589136,0.5673219410690272,,0.23430861288401936,0.5872483431056219,,0.769065799448644,-0.32639283569122224
1979-01-01,-0.9292732116109601,,-1.3570810337271013,-0.3809001196099974,0.4441450275465829,,-0.5121939913378197,0.6120101066842897,,1.518938622562917,-0.2859862981533645
1979-02-01,-0.926583633760631,,-1.380804527552895,-0.380205307854614,0.5174164689360606,,-0.511279561286802,0.6109217905361676,,1.5118451247512368,-0.2855809987775169
1979-03-01,-0.923917309869832,,-1.3695207817043,-0.30377737438796315,0.4310056433893791,,-0.5103700144694777,0.6098392636953072,,1.5048501661436626,-0.28517741810899117
1979-04-01,-0.6265238994364366,,-1.375422512403518,-0.15386561911658633,0.3569227047934492,,-0.4892478409967869,0.6491384313285423,,1.9382304836228328,-0.2509651558475764
1979-05-01,-0.6248671281509531,,-1.4082836084450092,-0.23041630220537346,0.33205191238251835,,-0.4883975224773372,0.6479539230168826,,1.9253533540061165,-0.2506184134828155
1979-06-01,-0.6232235756479659,,-1.3977261198816877,-0.11916110440858269,0.1841308042428253,,-0.48755162474585223,0.6467758799785698,,1.9127296739488016,-0.25027310463946706
1979-07-01,-0.49080987760756384,,-1.3561498760312958,0.030025387776465556,0.18400000144792403,,-0.5828198170638478,0.4018535145227546,,1.500836630319873,-0.15184438469456335
1979-08-01,-0.48940111664386066,,-1.319967030638236,0.075180064897478,0.14690018509831346,,-0.581733876604306,0.40125907789801313,,1.4940577988206099,-0.15164405632862382
1979-09-01,-0.48800427667085916,,-1.3180777828705215,-0.05490541238552854,0.17146028658545798,,-0.5806539879754399,0.4006672724873683,,1.4873700706079385,-0.15144451880970777
1979-10-01,-0.41585701527150953,,-1.3460179006250286,-0.09875621592642322,-0.038442944835135655,,-0.41056549933410463,0.6332234472720538,,1.249678137758344,-0.013313459426196645
1979-11-01,-0.4145583692566567,,-1.360367103969127,-0.14629416377908444,0.010978609153676707,,-0.4099039116967239,0.6321018638140767,,1.2452650189335674,-0.013296420838336173
1979-12-01,-0.4132714286419733,,-1.3323758676909039,-0.13156310232875348,-0.10024388414122724,,-0.40924551347396115,0.6309862231346601,,1.240898366260815,-0.013279447500982006
1980-01-01,-0.33688875287968567,,-1.4138803683392263,-0.057402931123915105,-0.11254028665375962,,0.12020419713443752,0.9898696518707244,,0.495919738700388,0.04043694877919216
1980-02-01,-0.33602732951329284,,-1.3876218304362404,0.07404011381165862,0.060772787288390896,,0.12003749145821563,0.9874106725886738,,0.49507457810245253,0.04038551668962305
1980-03-01,-0.33517239057855946,,-1.489225929053985,-0.068049959737869,-0.3107223123055595,,0.11987147748188672,0.9849699433038386,,0.4942337263375438,0.04033428035223936
1980-04-01,-0.21751123280996496,,-1.3748504192077675,-0.39926908363827024,-1.1272819012063384,,-0.5593098164179814,0.06133873774921385,,0.6359083676338136,0.7298536743705776
1980-05-01,-0.2171968722035032,,-1.3435171299896003,-0.3598979414253033,-1.162610886544367,,-0.5583135393522634,0.061262111116186554,,0.6346965544382293,0.7284428784924096
1980-06-01,-0.21688387547004795,,-1.2963064559122355,-0.28202616577272976,-1.0989968732231428,,-0.5573225707423511,0.061185770943242936,,0.6334916478811483,0.7270402384433389
1980-07-01,-0.14062022729682805,,-1.1232120575832825,-0.19119664303481843,-0.4171339301163384,,-0.5392682320965353,-0.7376481005024982,,0.16173383389369775,0.44336998057513105
1980-08-01,-0.14044819307242784,,-1.1006705951544606,-0.10929470757345666,-0.33009762270740833,,-0.538331414897768,-0.7362400065504592,,0.16151059751024668,0.442706112176361
1980-09-01,-0.1402767412787877,,-1.085247069894744,-0.0029567339563250465,-0.5405264255491457,,-0.5373994661430871,-0.734839951672094,,0.16128828303594955,0.4420452183020275
1980-10-01,-0.22633779371756307,,-0.9812605619740155,0.09536168031956811,-0.8374490748849224,,1.2395136288660717,0.22738260610616567,,-0.6600087132026742,0.30668539233477626
1980-11-01,-0.2259104598247875,,-0.9477543342709107,0.21894360597363274,-0.5266377252377927,,1.235318311030561,0.22708932418807729,,-0.6587435763652927,0.3062687414508839
1980-12-01,-0.22548553845323888,,-0.975014129173382,0.10798515142040566,-0.8485853160689301,-0.20150555606718415,1.231165341677259,0.22679717435584976,,-0.6574856924040893,0.30585378453405926
1981-01-01,-0.49995298720014897,,-1.0483025820049419,0.04789253773023446,-1.2068490914555192,0.008762851823338547,0.18679568157186535,0.44358935077007045,,0.684106554436085,0.23865943969240377
1981-02-01,-0.49905835258684117,,-1.0931195195585406,0.021560873285890774,-0.9572395836734755,0.14757364630901024,0.18653978193709478,0.4429428435595621,,0.6827762733606156,0.23834854511204037
1981-03-01,-0.4981685779374525,,-1.0641688719444717,0.31616982027849555,-0.9436238196494956,0.2276490071649591,0.18628493124556922,0.44229915612691845,,0.6814537285334464,0.23803886254945963
1981-04-01,-0.5134782444981003,,-1.1152989029333797,0.7986717738975971,-0.5332899236560552,0.3158568787254006,0.29841944135761755,0.5025321262775391,,1.2447231405683483,0.6188552553222807
1981-05-01,-0.512555594801971,,-1.142243987619059,0.6480247074372192,-0.47077370712849365,0.4672970460051421,0.2979925548842243,0.5017710840769212,,1.2405554948980795,0.617807646709214
1981-06-01,-0.5116379297869782,,-1.1459920060061146,0.3511714956278736,-0.9916417744096022,0.6608085437229879,0.2975674956259889,0.5010134908146523,,1.2364294683773307,0.6167653438248567
1981-07-01,-0.7607782755926182,,-1.3985714304581336,0.2013944377324813,-0.6677396444007228,0.8777676865134806,-0.2686739924357121,0.2308201352535967,,2.5600187468818794,0.6019151878758466
1981-08-01,-0.7590554830668129,,-1.3998696422406707,0.08348944247895794,-0.24468809287598764,1.109826917286483,-0.26829858437005666,0.2305284122962893,,2.5350297615006223,0.6009188253161691
1981-09-01,-0.7573446700387181,,-1.4846320360086542,0.03990984599069401,-0.2196444076760541,1.2945424129743364,-0.26792474588197335,0.2302377927988091,,2.5107588289912552,0.599927397434451
1981-10-01,-0.8367466405182653,,-1.3921319181226477,0.13498182076057408,-0.5678384445099216,1.4333905161332026,-0.7844815996097996,0.32825179043290564,,2.366973221750425,0.9553361165190455
1981-11-01,-0.834728510505885,,-1.3715964668787848,0.18892067237052015,-1.1392101343046075,1.4834435783507902,-0.7828419860384553,0.32781853713115,,2.34689857844934,0.9531318653156382
1981-12-01,-0.8327252765066471,,-1.366212307116592,0.5325577593234568,-1.3236398397621416,1.4702863587014767,-0.7812126186487031,0.32738699531029847,,2.3273264097927355,0.9509428138216497
1982-01-01,-0.7033366254144819,,-1.541903927106829,0.6943531084780362,-0.8247156453254332,1.4604135728652943,-0.9792237644745745,0.4810560479231236,,1.2679009110958857,1.6257234269483216
1982-02-01,-0.7018547862197905,,-1.5599123016787595,0.49224890327687676,-0.8113740578384312,1.4554930352872952,-0.9767613432951849,0.4803550905094807,,1.2636592493538665,1.6186438786450879
1982-03-01,-0.7003825331924374,,-1.5804770299420228,0.3187704857683437,-1.220402965247921,1.4195723554926323,-0.9743174214306104,0.4796571897951616,,1.2594599092375613,1.611656078085134
1982-04-01,-0.5611008714022871,,-1.5776764244023922,0.15766281731267948,-1.31763648304199,1.352365370456815,-1.0617747123832029,-0.16886481303901055,,0.6413905277659614,1.849522274181312
1982-05-01,-0.5600241085321389,,-1.5803033840616318,0.2947588152747458,-1.3896245796110043,1.2857615534124565,-1.05889754683877,-0.16866082923628864,,0.6402372809535738,1.8398294143633238
1982-06-01,-0.5589535324361229,,-1.629491483831426,0.3798042513256943,-1.0523439829897707,1.2260737923689211,-1.0560436642264317,-0.16845758292910562,,0.6390902369398359,1.830287450767433
1982-07-01,-0.4742994060756345,,-1.5470130264731512,0.22007476920974214,-1.150084896333613,1.129544294506246,-0.5284658582414525,1.0447094700140622,,1.2399585203897927,2.0816320207016297
1982-08-01,-0.47332929301627014,,-1.542641509982296,0.2195706003901762,-1.6681784738000047,0.9543011127424603,-0.5276112306855856,1.0421601177714763,,1.2359827058707964,2.0685825711486765
1982-09-01,-0.4723651244821587,,-1.4579934939173644,0.2292071128297304,-1.7627816817030337,0.7189965331458522,-0.5267607384011826,1.039629352442281,,1.2320449224400873,2.0557756148961057
1982-10-01,-0.34970982309317605,,-1.2015184866431303,0.09812450886932729,-1.6594776370492252,0.3992853734983522,0.030652694707007152,1.1529514749964356,,-0.37941530282170177,2.649492076829779
1982-11-01,-0.34893458636466823,,-1.162258785221472,0.0649198538121941,-1.6677370743621776,0.06974933940015306,0.030614222970650584,1.1498403419117489,,-0.37887086750434007,2.624799341165265
1982-12-01,-0.34816442432035877,,-1.1474421856558479,0.09360995152397436,-1.281936606888317,-0.22222352705514858,0.03057589572675729,1.1467542778724176,,-0.37832877001278475,2.6007846043709097
1983-01-01,-0.46426858355240874,,-1.0054372656802508,0.8867359826156107,-1.082507161419118,-0.47697606216159216,1.158627532706669,0.7841176314216222,,-0.5203451702821573,2.786618493373313
1983-02-01,-0.4632215216247266,,-0.9876107003837646,1.5765137869151342,-0.8219006810933347,-0.691752141719185,1.15524865313527,0.7826603607850997,,-0.519521776988402,2.7584651947445176
1983-03-01,-0.46218148661690084,,-0.9517990471045613,1.6703934995145144,-0.7469264078122194,-0.9007710224159774,1.1518991872177586,0.7812111908477093,,-0.5187022823281309,2.7311485696880644
1983-04-01,6.477995121816302,,-0.7782810490277574,1.533037754076233,-0.6226329230593652,-1.1015869112326744,2.4981515662869755,1.4801755855621794,,-1.2665284299435042,2.062244081119753
1983-05-01,4.52340920606393,,-0.7407781474341801,1.5552712361761163,-0.4366226600141677,-1.228419623394552,2.475967971140437,1.474784134958724,,-1.2624538225310329,2.049773187787104
1983-06-01,3.657754704820151,,-0.7265715838985827,1.5132552596860227,-0.4362870820687069,-1.2483717783646406,2.454365267322312,1.469451210664209,,-1.2584183199206707,2.037525941140448
1983-07-01,6.383660446627048,,-0.7948084998443401,1.6052940692444817,0.046941120923418976,-1.1819941487408243,2.0661808118098537,2.1335763330697484,,0.3468116839573171,1.6689435717815904
1983-08-01,4.486945471317887,,-0.8245466460382156,1.4717262512021083,0.1832107703836369,-1.0829847870533675,2.0528823018550795,2.120191744143875,,0.3463351162891384,1.6617047321952743
1983-09-01,3.6346482999468375,,-0.7962102455822367,1.3504777489182143,0.12109683471354155,-1.0022702298526651,2.0398374353006252,2.1070560428627787,,0.34586050845262994,1.6545593308168793
1983-10-01,4.281349463624158,,-0.9020498125463272,1.4095728392766589,0.08379803143237265,-0.9418385096126041,0.8205581300066976,2.3407770796663776,,0.19073764967871543,1.6795863793458583
1983-11-01,3.504882906322141,,-0.9168575655314963,1.3514716581949708,0.09615856235236829,-0.8830157449787666,0.8188855167180517,2.3237805685543376,,0.19049699791422287,1.6722833648210462
1983-12-01,3.026912995085547,,-0.9197474472748173,1.081436403302788,0.12094136375020802,-0.7901949152985399,0.8172230981251352,2.307149140532074,,0.19025725483461112,1.6650748472291825
1984-01-01,3.617376035659112,,-1.0349952130446063,0.2333418951257166,-0.21475675062963412,-0.6823977719720548,0.25061341107074186,2.9188529803141563,,3.9568005281181997,1.4072791334939874
1984-02-01,3.0666991434642035,,-1.0942262123617148,-0.14592435134519463,-0.28923357070656647,-0.6055355246001013,0.25029148129109163,2.888070553311913,,3.8790033756590976,1.402533438428443
1984-03-01,2.696435330481116,,-1.0921305846273401,-0.1987885889363648,-0.17703541131075037,-0.5583121429375734,0.24997078916817136,2.8582421911111644,,3.805622507819404,1.3978354647558144
1984-04-01,3.2400224734219534,,-1.1821072341672063,-0.16173115360087667,-0.2765354186760083,-0.5303759455074086,-0.5234347731799537,3.0465806722700406,,5.4980906376503755,1.6220776271786936
1984-05-01,2.8601050471289304,,-1.1876329753717716,-0.21919516983878032,-0.22650942256757742,-0.49872961325306064,-0.522634289393186,3.0121507070346785,,5.301793143690938,1.6154637303502057
1984-06-01,2.5834738581485746,,-1.2089543941592353,-0.22250498628621976,-0.276224858404226,-0.4340130699930173,-0.521837468891954,2.9788625557412534,,5.125125037616818,1.6089301300517598
1984-07-01,2.9325621748749278,,-1.174399665805422,-0.2937071109604927,-0.5379371087653828,-0.33383962752474017,-0.9157670684489477,2.971357569100074,,3.5800141159973373,2.133741652349112
1984-08-01,2.653578188552253,,-1.09166159545371,-0.34869884590462824,-0.5998648064447615,-0.21348840585093168,-0.9137600524512195,2.939443564045282,,3.5221597562850806,2.1205628101067497
1984-09-01,2.4389200619470692,,-1.0828482149594099,-0.27256704909442264,-0.5119956330867775,-0.09895190628324105,-0.9117661850656382,2.9085365417496174,,3.4670231042250306,2.1076252883467883
1984-10-01,4.504810784776791,,-1.101534121523703,-0.32233183314247726,-0.03696979408240034,-0.038605992952283966,-0.7827132262516123,3.1912296717121804,,3.537381356120181,2.319724671354866
1984-11-01,3.797306967388202,,-1.0891965501926895,-0.1728023099428069,0.11305363065798307,-0.049563271840687984,-0.7812192838479386,3.152566002915235,,3.4818322732678704,2.303389855739559
1984-12-01,3.3472937329256944,,-1.097594114009905,0.05671807208950318,0.012919041388733989,-0.11952223376258275,-0.7797338695680522,3.1152747427670433,,3.4288210764956606,2.287395457221976
1985-01-01,3.646620689183843,,-0.9864337549774334,0.23128847756675672,0.12555214894778596,-0.18664053314825743,-0.640630362733469,2.6648286554569256,,3.712670923557162,2.825912472088896
1985-02-01,3.292579923873657,,-0.9316953567098295,0.22680999097438304,0.22565492231802908,-0.21626774971215737,-0.6395685563664735,2.641480303651905,,3.6494642416891296,2.7981879415914173
1985-03-01,3.028921439702957,,-0.9432509892702539,0.11815371520468669,0.18791553743816303,-0.19284481914318644,-0.6385120155867808,2.6187352896425247,,3.5893802103096095,2.7712639516543476
1985-04-01,3.388802171097097,,-0.9040717918152532,-0.033135791680619475,-0.0002838966160287583,-0.15326238778303702,0.0375535979476938,3.110216736042636,,2.9164096837048366,3.0817979761980805
1985-05-01,3.1611562644401787,,-0.8802219332405541,-0.018750630464286055,-0.18847956567185983,-0.14715967035356936,0.03750974218671167,3.0746877920344913,,2.884422635265613,3.0467897641133126
1985-06-01,2.9776145568293324,,-0.8573738545046193,0.17255123301353012,-0.22601719445401086,-0.16362134464986341,0.03746603971391062,3.0403495382647554,,2.85346580979344,3.012948407945627
1985-07-01,3.1658460554818024,,-0.9379760974824752,0.3016324044371835,-0.2258686606207177,-0.1801193438512474,0.6642084508836031,3.185295797540289,,3.0028121140398683,2.8915099486535425
1985-08-01,3.001237488060621,,-0.9639727310182715,0.4217619887530289,-0.21315229297935315,-0.2151550126802124,0.6630991750090558,3.1475680189688093,,2.968373325348996,2.8623570695035427
1985-09-01,2.8620783058515387,,-0.9908909713842735,0.3694465792353765,-0.1627095122083984,-0.2881262562688033,0.661995441967961,3.111150134223761,,2.9350932277188084,2.8340687900646517
1985-10-01,3.291562387008837,,-0.7968851017940046,0.29895600437629904,-0.0745167016024987,-0.3744450116107355,1.9403554776756806,3.3543544082012224,,3.6642854379482306,3.2889943783172093
1985-11-01,3.1455903173788644,,-0.7304558349843794,0.049534003919745564,-0.20038819371320488,-0.4520493981324037,1.92975234126895,3.3110341516796726,,3.604609567654508,3.247559015504846
1985-12-01,3.0184472840609087,,-0.673303168505549,-0.1640491938681549,-0.17506066812022472,-0.486932077315158,1.919321236910608,3.269350418368794,,3.5477580028698688,3.20765156988734
1986-01-01,3.2963083338040597,,-0.5321325632278708,-0.4635648684694693,-0.13712804910203893,-0.47902727322304306,2.4475370800486966,3.0392773900514953,,2.181743301233513,5.831681841391854
1986-02-01,3.1464106447910347,,-0.4595540397114385,-0.6655885553838705,-0.2001139291942185,-0.4486242580384773,2.428117733628502,3.0065853741307835,,2.167451872313584,5.622997399157114
1986-03-01,3.017132011276592,,-0.37332417558231085,-0.5449112083754707,-0.2757132901313081,-0.42197862523009594,2.409153572988955,2.9749263705163402,,2.1534377801409117,5.435225231257759
1986-04-01,3.3940295423944913,,-0.2699014904038549,-0.30432624130360464,-0.14924117696397987,-0.404433711192773,1.2229143165837402,3.2051906768577094,,2.9241180534686824,5.602365474554567
1986-05-01,3.24770621131827,,-0.2688444716016007,-0.11274798136993511,0.10360282810295371,-0.36525014169852293,1.219451652550252,3.167522199726206,,2.892765187086394,5.417303777088529
1986-06-01,3.120481564025425,,-0.2333394409192831,-0.18869752601605844,0.0908930902030587,-0.2717028196827876,1.2160182575465526,3.131151620979565,,2.8623999540254137,5.249449040580416
1986-07-01,3.367992302546712,,-0.43347720901508985,-0.13600140404128083,0.0022650696660013524,-0.15090201014459378,1.180200138188689,3.2244169249565835,,2.7327650684824767,5.349115874851389
1986-08-01,3.235438067580049,,-0.4041542148574745,-0.0655970783606563,-0.22562678716187665,-0.00348617606077268,1.1770172334642115,3.18635224019021,,2.706913673489461,5.187863258603956
1986-09-01,3.1183710686722335,,-0.4487342236802799,0.06179138986740354,-0.0354621307516558,0.14018491620522142,1.1738599613852818,3.149604857663228,,2.6817825356928284,5.04036767884787
1986-10-01,3.537620812368559,,-0.3219407494029487,0.1687522435331008,-0.12417264092814863,0.2575453760541648,5.3295663135001105e-05,3.0841917987540244,,3.2399143588960246,4.649297483894182
1986-11-01,3.3761180842032616,,-0.273575041264585,0.22075733439752726,-0.13677885752305916,0.32167457808556704,5.3236015522123866e-05,3.0507715529734933,,3.198780217846078,4.54178077154826
1986-12-01,3.235587227403021,,-0.2504720765547571,0.3914690366096014,-0.25090947363398525,0.3001783453292265,5.3176567730677805e-05,3.0184149563666907,,3.1591743997886335,4.4413948180801155
1987-01-01,3.4802298663166344,,0.14142003361310432,0.46524875088940953,-0.09836899664092996,0.17936720058798136,-0.4797663200521531,2.9603839696897585,,1.4068066321212922,3.8393007711461213
1987-02-01,3.315234115018604,,0.2381504860135461,0.3364764724364059,0.016050434061585208,0.01495147015447164,-0.47910989062572806,2.9307390395078667,,1.4021489593142653,3.7772436317897196
1987-03-01,3.1735742699678275,,0.3037478018776786,0.0891422846717441,0.041469373867841205,-0.11305331353041456,-0.47845614948487714,2.9019674386169227,,1.3975372745726167,3.718102064513017
1987-04-01,3.3463915306493703,,0.2966125750965035,-0.10768841767856463,0.11777608101356404,-0.2041084484102499,-0.223539185795413,2.887557854659724,,2.2282688760707305,3.091049237594294
1987-05-01,3.207277944117809,,0.29249341327668793,-0.4700889942126894,0.13043290171828686,-0.27007191485715626,-0.22327995074036275,2.860055256086772,,2.2136560067994915,3.057491080710919
1987-06-01,3.085317631464697,,0.36391685458534795,-0.7672724292110426,0.10487796548661181,-0.2971809107536073,-0.22302161560689668,2.833324026121497,,2.199327024549086,3.0250029459020467
1987-07-01,3.1443251945768407,,0.49299065968340283,-1.0414741785389934,0.11755848899064716,-0.228231005179685,-0.2503567796059714,2.7583282742404567,,2.005465576160717,2.651253705299855
1987-08-01,3.025616379707234,,0.6026002886255669,-1.211344890223434,0.19399977846915678,0.009978696211281243,-0.25006485632464226,2.734230793064076,,1.9944506384252125,2.6294100021086155
1987-09-01,2.9202360978320954,,0.5318997385350562,-1.3707806206938296,0.19387788236237194,0.36990737726821343,-0.24977395200105773,2.7107542118194563,,1.983615309967865,2.608097621741763
1987-10-01,2.7725879586608557,,-0.18141112540555393,-1.4377362538933613,0.2320563659812823,0.7608593348613337,-1.6345610980284608,2.6724657718377833,,2.9459049311341565,2.6783905186536354
1987-11-01,2.6891419871632523,,-0.3902797297937552,-1.5794771754704156,0.0786145779006263,0.903466760080027,-1.6280274658431348,2.6505018847581705,,2.915145139586733,2.6560679279060646
1987-12-01,2.613071610366982,,-0.4116133890999476,-1.8585951648585246,0.12969707448210216,0.7546424224629265,-1.6215716053041789,2.6290709364274787,,2.8853294445062616,2.6342944839170808
1988-01-01,2.633682971999253,,-0.28932013573424953,-1.7857597024474063,0.11682753015178586,0.4231282351480062,-1.4925057744486256,2.092139466186196,,2.542973542836454,2.3038717253602328
1988-02-01,2.5583684428908664,,-0.24580924433659884,-1.5122207584038914,0.07836274362157597,0.09534783728791468,-1.487292835152123,2.0808084003958576,,2.5225506381176297,2.289104331321112
1988-03-01,2.4895430375110568,,-0.20546135027688492,-1.3128835421805387,0.12953731880232133,-0.09314131418204757,-1.4821341727655946,2.06965954416979,,2.5026121763879394,2.274617414714843
1988-04-01,2.5530993104778013,,-0.20511160519804858,-1.2357977699549474,0.0653926279270041,-0.16397555644839293,-1.6113942220164441,1.7493174985888296,,3.279642453861766,2.2203372853559635
1988-05-01,2.4883570291712203,,-0.24828430656144138,-1.093102506219463,0.18073923693468977,-0.14302480140184898,-1.6051658592976341,1.7421942260794434,,3.2387103086432045,2.207032045099862
1988-06-01,2.428620348130194,,-0.16855185669077136,-0.9415012054980066,0.18062743605054146,-0.10227973975992545,-1.5990092054271823,1.7351573120719619,,3.1992737880159594,2.193963255081014
1988-07-01,2.4035907967946004,,-0.24857687652919513,-0.8797313492694993,0.16768056773428294,-0.07689530614307732,-1.6541882354688107,1.644727086651492,,1.9316771672101631,2.195555926708176
1988-08-01,2.3497556462577713,,-0.28758181775305014,-0.945858723439997,0.23179025580533208,-0.08965545538356269,-1.647589769598873,1.638649183584548,,1.9219329366230509,2.182717865272298
1988-09-01,2.2996818457384864,,-0.2737452304998911,-1.0374260331774043,0.25734323580587987,-0.1306164259064971,-1.6410696852616027,1.6326382018661953,,1.9123347652663136,2.1701024901871375
1988-10-01,2.2647012596256486,,-0.19812629228530904,-1.1399625250285281,0.48856325869343986,-0.17181486797447384,-0.3185989460958824,1.787322541136015,,4.113577658935105,2.038446508803215
1988-11-01,2.217444158717036,,-0.2375149940101696,-0.9936438950959616,0.3210229970025822,-0.19366173417336655,-0.3182261190152149,1.7798942380370555,,4.037025569673058,2.0279430767854154
1988-12-01,2.1732394297828646,,-0.20940158318142424,-0.9873694585659822,0.2564684457877346,-0.19863284934311431,-0.3178545980386887,1.77255783404918,,3.964594758302141,2.0176004180723153
1989-01-01,2.365851028195162,,-0.13195119652950704,-1.2399352385901297,0.3206859233679983,-0.19799607365648067,-0.6071792408734752,1.5424014375856485,,3.4104978615852946,2.4273514233157876
1989-02-01,2.3025227154537293,,-0.09061624601314965,-1.552937962452076,0.39776691619782634,-0.21056217210865058,-0.606301686132168,1.5372628906904542,,3.365680396521742,2.4107697620685897
1989-03-01,2.244594403990448,,-0.10867660663504708,-1.7265112379027814,0.5263569698013573,-0.23488471465529323,-0.6054279275024924,1.532175389377592,,3.3225849227741406,2.3945234494867407
1989-04-01,2.1692112678783704,,0.0036595035971988404,-1.9032778726242476,0.5904071497253837,-0.2432016341171705,-0.14691515702294833,1.313229981106489,,1.8864639531966858,2.811833313588375
1989-05-01,2.122019192696698,,0.058016511620933145,-2.0209086773942393,0.49967157617480584,-0.23236986327298503,-0.1467577441519885,1.3097206153993728,,1.8774655234282005,2.787227764465098
1989-06-01,2.0781384270596637,,0.1075727426412692,-1.9589394903065809,0.4476932133918518,-0.21558786038317643,-0.14660083620771955,1.3062392515090127,,1.8685947054992138,2.763257226388079
1989-07-01,1.9564546768940696,,0.2530553038761765,-1.7500326465108114,0.4344669754681835,-0.2000509639225333,-0.27236745324851996,1.1168797743173589,,2.6798422628165164,3.2303885148012728
1989-08-01,1.9198316361776808,,0.33129368637157425,-1.5248037268791832,0.45999321620045547,-0.17791749379802071,-0.2720624808369901,1.1144312597191741,,2.657162821972323,3.194435469643721
1989-09-01,1.8854449868517857,,0.3289352700707377,-1.3536460068227487,0.4855067539619087,-0.12149431424569765,-0.27175853075633083,1.1119987886019471,,2.635049777623737,3.159656984525714
1989-10-01,1.881688998881532,,0.3527458980013554,-1.1866279866526044,0.49808026466018485,-0.030160019499687704,-0.5674512889629532,1.179966822912897,,1.4451547108266058,3.429256657683882
1989-11-01,1.8465251173769264,,0.309200294416595,-1.1368192592347017,0.4589185617232734,0.06362786181491166,-0.566673919609902,1.1772295326645246,,1.4405339486203783,3.3869967326588095
1989-12-01,1.8134744836375152,,0.3534029378200331,-0.997183686500127,0.40683593566267623,0.15199630970866934,-0.5658997379710979,1.1745112162685143,,1.4359572548833288,3.3462618987108455
1990-01-01,1.7914417305759134,,0.17185134254684356,-0.8645627646346887,0.41950413132385733,0.18233444259324244,-0.2049690034495204,1.1805704624275053,,1.222538992425549,3.2682804334335596
1990-02-01,1.760133196283001,,0.11295342850246133,-0.7132107092228093,0.4580706709727323,0.12525032495000538,-0.20474913701510353,1.1778459949243223,,1.2193992780138834,3.2315640949075486
1990-03-01,1.7305870372688335,,0.14842734156297466,-0.6764207726863418,0.5613963338323298,-0.021922762004408854,-0.20452997667763897,1.1751403146947694,,1.2162836459933064,3.1960582615550903
1990-04-01,1.72544884403778,,0.19432868221423688,-0.6127399113553734,0.5609653226037351,-0.17211424981997622,-0.8939343460171568,0.9256180574966766,,0.8489820330549563,3.0243933571426584
1990-05-01,1.695279465153992,,0.2572947755107196,-0.6981771721301402,0.43086607019147777,-0.20541137585283606,-0.8922880616035741,0.9239701606245034,,0.8474865963527585,2.9949868819933814
1990-06-01,1.6668004882771992,,0.30345876314329046,-0.7494248952741958,0.404619042544225,-0.06016836781814781,-0.8906508453805669,0.9223310394407731,,0.8459990395263653,2.966422014367904
1990-07-01,1.6120654818448672,,0.007630655871513459,-0.9361150331189203,0.4043451559928785,0.20159194831969818,-1.1614389007268264,1.0375558926525226,,1.279845116455286,2.714617167187553
1990-08-01,1.5833810860412532,,-0.16420047877127897,-1.0064837840990393,0.3521191544628418,0.41625580603752216,-1.1586642094116182,1.0355021063561987,,1.2764121448957246,2.6929183637364975
1990-09-01,1.5562863183083342,,-0.25836462876210003,-1.0851373586764033,0.24792151976961802,0.4671596129960753,-1.1559093229420279,1.033460475742274,,1.273006668562258,2.671731851372557
1990-10-01,1.547591298668068,,-0.13695048390302483,-1.29911064556467,0.07871041631360141,0.3585162495686371,-0.8173843907131926,0.6615029629187638,,1.0382149751713197,2.9732201869532258
1990-11-01,1.5175686222009048,,-0.09644263973310763,-1.492605076415174,-0.06447453024822428,0.12302083643440385,-0.816005595823429,0.6606015219813225,,1.0360337783469356,2.9454926580429035
1990-12-01,1.489282157911721,,-0.02434723415703019,-1.6152210557954498,-0.14255687377292572,-0.15868640366276549,-0.81463375937556,0.6597037582140625,,1.0338662806947465,2.91852685195313
1991-01-01,1.5299777159582286,,0.19027574603017436,-1.5896685150787149,-0.1815539427067259,-0.397749509314346,-0.9507577578788342,-0.679097733934663,,0.09778430902015053,3.1706627913917
1991-02-01,1.5021357493989829,,0.381215617706715,-1.5372844601115951,0.04014452667236729,-0.5841866776966914,-0.9489383987066103,-0.678162443194791,,0.09768514189114264,3.1376915354417814
1991-03-01,1.4758345643048774,,0.4316754867945743,-1.4610330967901684,0.14445937756441005,-0.6920546116593596,-0.9471294511680732,-0.6772310083279826,,0.0975862758659851,3.105728137950398
1991-04-01,1.5755379131472482,,0.41594855015755794,-1.4734275033272861,0.2487661760859315,-0.7054633619488243,-0.7016729778991729,-0.25217489475833055,,-0.18355018690392375,2.61798367555485
1991-05-01,1.549483116913436,,0.40258054053659914,-1.3331694956793645,0.3530532099114927,-0.6654967383613987,-0.7006268037687838,-0.2519236106225054,,-0.18336072320952665,2.5986642693643858
1991-06-01,1.524803482961466,,0.40012360193845137,-1.3822717906807618,0.418125993021186,-0.6084564999242198,-0.6995852979128587,-0.2516730762848276,,-0.18317184505610404,2.5797664658645876
1991-07-01,1.504454230433641,,0.48623019448767435,-1.4586699250650328,0.4962342928708091,-0.5540799260496458,0.4715908853908129,0.11022988662299066,,-0.29031982029419123,2.298893056315494
1991-08-01,1.4792110628611663,,0.5305912728104967,-1.6719036990122147,0.48280989188221507,-0.5003964140512758,0.47101848363804016,0.11012595405271497,,-0.29000731874758673,2.285365373947879
1991-09-01,1.4552786807185367,,0.5132614058143573,-1.8103784253974808,0.48246912327568536,-0.46685240596430483,0.4704481619405597,0.11002231492153042,,-0.28969582435480434,2.272073801933561
1991-10-01,1.452170242118817,,0.747527904773231,-1.7962406662952,0.429800021093823,-0.4657177415146295,1.248373005443673,0.15663685273719286,,-0.7604823310650402,2.3006822378080414
1991-11-01,1.4285844424201886,,0.7401857173697658,-1.7630693768314694,0.3902413740862343,-0.49889023951091993,1.2452213599688802,0.15648818417150068,,-0.7592973277015281,2.287202172323463
1991-12-01,1.4061709277779089,,0.7561633311393401,-1.4176794852881887,0.41617645052798424,-0.5712792929574918,1.2420934793866103,0.15633993814337,,-0.7581178500045329,2.2739563867693136
1992-01-01,1.4247846862514069,,0.8203633513322628,-1.558987876797931,0.4421012680062103,-0.667590429526297,1.120150229936949,0.2161558753392999,,-0.7220017424458605,2.199326802897332
1992-02-01,1.4022564419722963,,0.7987854049645848,-1.665603759226467,0.4286930753698054,-0.7360657741519312,1.1176720598349756,0.21594742145771997,,-0.7209237595711325,2.1874339581021114
1992-03-01,1.3808124086233642,,0.7652913026997514,-1.7345149817096837,0.4808571522821168,-0.7529567458996856,1.1152102756096596,0.21573956955505436,,-0.7198505935907803,2.175732048157751
1992-04-01,1.3650530436491797,,0.7110651110536861,-1.9136258580138603,0.5067571166133014,-0.7604372061933701,1.5575103451507621,0.4307565119589077,,-0.5298727409526485,1.8028036065034387
1992-05-01,1.3444035721169219,,0.7499190177074944,-1.9717864951294475,0.5457645509817589,-0.8076048018079333,1.5523113280387075,0.4302884913373901,,-0.5292106818030875,1.7957307754933487
1992-06-01,1.3246977674870926,,0.7113170585902624,-1.9521187335662313,0.5716179601508133,-0.8768890155260862,1.5471640568604321,0.4298219934210185,,-0.5285510992304594,1.7887405782936834
1992-07-01,1.2900426087887675,,0.7648685978229085,-1.9732864066684013,0.6499748939377208,-0.8885174935098984,0.4932251329641948,0.5862707956490066,,-0.170963751911522,2.046054305138972
1992-08-01,1.2706489742812053,,0.7752516332331233,-1.8377531708813082,0.7413822412467818,-0.825778915793369,0.49263040831127825,0.5855526706505308,,-0.17079315424979344,2.0363238371161545
1992-09-01,1.2521263522177344,,0.773074245010683,-1.7887670238875517,0.7407334882514404,-0.7958840396749641,0.4920378306862535,0.5848371793181122,,-0.17062306630211585,2.0267309400108187
1992-10-01,1.2417628414536068,,0.9049323809084503,-1.8273710043889961,0.5429691762582398,-0.8593405075147121,-0.594197492836906,0.7637619593057098,,-0.25856437913481306,1.6228604723748024
1992-11-01,1.223548176515726,,0.9545707949286613,-1.8299428888593245,0.5294238524282867,-0.9627844078024023,-0.5934221798145216,0.7626654996205039,,-0.2582984618858643,1.6174729167318052
1992-12-01,1.2061393469420303,,1.0206640246594831,-1.7708702959297635,0.5685053158575484,-1.0594462586952236,-0.5926498952903563,0.7615737513045585,,-0.2580333635111235,1.6121386897521737
1993-01-01,1.3508830523897946,,1.0534780155285182,-1.8514878941592496,0.6601858722649895,-1.1827949517082483,0.20219464641655063,0.6205991902915793,,-0.18377983078989563,1.5890277386178095
1993-02-01,1.3322833514894872,,1.0763913603582036,-1.83137431180054,0.7649250193539519,-1.2920531553981014,0.20199294170258572,0.619824038496647,,-0.18359775093941344,1.583937562626703
1993-03-01,1.3144631695059925,,1.1088449066952264,-1.7064751864277217,0.908979859681686,-1.3310617644912355,0.20179183949023688,0.6190517854398876,,-0.1834162112468695,1.5788960156780816
1993-04-01,1.481497071362936,,1.047975078414811,-1.7101551466923954,0.7633002003829725,-1.2462411495070402,-0.28109668813857497,0.815248439199133,,-0.4307842358314164,1.2910708648598672
1993-05-01,1.461619109067433,,1.053266367855643,-1.5516231269436365,0.6309552481443823,-1.0925054452401297,-0.2808076397395176,0.814031213335866,,-0.43029743827348615,1.28795633760518
1993-06-01,1.442518543517089,,1.061873779993531,-1.4005184539675712,0.6831524694763068,-1.0742213922899257,-0.280519481336015,0.8128194265753694,,-0.42981228782514336,1.2848642548674292
1993-07-01,1.5691363708025652,,1.0974036144865247,-1.3370340136472127,0.6562406618580713,-1.1944158024394727,0.36574373779006564,0.8366362143301495,,-0.6689148102918893,1.2212554999741554
1993-08-01,1.5479376909126017,,1.122974047161355,-1.284098715607608,0.6688976174416019,-1.2716836500859847,0.36535077402498356,0.8353673745518491,,-0.6679970128933095,1.2185176272488696
1993-09-01,1.527551697937616,,1.1412484785687755,-1.1881177612955618,0.7606397613280952,-1.2112773101207788,0.3649590745016658,0.8341042935809146,,-0.667082985029188,1.215798096590651
1993-10-01,1.6240749091931657,,1.2168403808696762,-1.1731420986685417,0.812706843869652,-0.9737534824755212,1.2499768478472648,1.1732073111723988,,-0.6023022909617611,0.9544871583932465
1993-11-01,1.6019299850900701,,1.2073058760801056,-1.2582786967714488,0.6932694783177121,-0.6736523009395542,1.2469591552772397,1.1707340067056815,,-0.6015286700015036,0.952854094167388
1993-12-01,1.5806380751310776,,1.219361241790038,-1.2713513110057368,0.6531180219229578,-0.49844512059900126,1.24396322659832,1.1682762878676132,,-0.6007580238664615,0.9512293885163646
1994-01-01,1.6560783705664945,,1.1091152928238088,-1.2629058966850848,0.6921954646448878,-0.4148808631943107,0.6919709173804206,0.9734475018097701,,-0.005630598137430061,0.8108179786129992
1994-02-01,1.6335203220018564,,1.0916086595875454,-1.1998783608949397,0.7576297043103456,-0.35996221569873466,0.6910118036064535,0.9717741335563173,,-0.005625323440911602,0.8096211942366535
1994-03-01,1.6118203544763636,,1.043461655955164,-1.2798796320481216,0.7965748950180681,-0.36054493671228566,0.6900566691483615,0.9701093704053826,,-0.005620063540477598,0.808429696695841
1994-04-01,1.6153902132260918,,0.8751934648073619,-1.4094969817842344,0.8090586338477248,-0.45377216880204546,0.6895824108455636,1.1311987102976033,,-0.13989811291463172,0.6850201068277825
1994-05-01,1.5947071583565444,,0.8896794447542471,-1.3459467054151681,0.8215250484110458,-0.560714249194902,0.6886340745432772,1.1289350603001427,,-0.1397652377296039,0.6841285824251935
1994-06-01,1.5747602010095896,,0.8990301425718623,-1.3858998377074263,0.7547211822591604,-0.6032058078227329,0.687689642171286,1.1266849533406569,,-0.13963274045726204,0.6832405316068988
1994-07-01,1.5387710173571854,,0.9725581946329698,-1.3306973969714315,0.7408549676783185,-0.5651876429343556,-0.1801374050343149,1.2487067488822994,,0.5833275573544452,0.6319923023916153
1994-08-01,1.5199285965470566,,1.0222830725336836,-1.2471603895061842,0.7666566344313361,-0.43668517811126756,-0.17996510776519137,1.2459166576870329,,0.5826029805442621,0.6312130512426318
1994-09-01,1.5017388169672243,,1.025542237832452,-1.3067387272364421,0.8056430365028343,-0.2230905834247975,-0.17979330398239357,1.2431451960028785,,0.5818810983856997,0.630436676844173
1994-10-01,1.519530494969666,,0.9654470937032726,-1.296524106554679,0.818133647171428,-0.005959081685899564,-0.5537031689419462,1.4006875423625778,,1.6292654883213804,0.5210641985651627
1994-11-01,1.502027838208705,,0.9441686066654911,-1.2715358850920824,0.8041617553215611,0.1149191712025551,-0.5530363993995745,1.397085565020791,,1.6237857371546658,0.5204835637532862
1994-12-01,1.4851020547267992,,0.9108022353436128,-1.0642841706971684,0.8034361299112373,0.13454919489317044,-0.552372033898779,1.3935112480895224,,1.6183609339265028,0.5199048664295772
1995-01-01,1.4378092268300147,,1.0956948969211546,-0.9476497886328421,0.8291678154393342,0.059237377547187595,-0.8769165860792084,1.1693830514006376,,0.6289822672930012,0.46596741665215974
1995-02-01,1.4218902079978755,,1.157578059843988,-0.7846645096147162,0.8680891141369274,-0.02482595837394593,-0.8754946157823522,1.1669907549531764,,0.6281776388369009,0.4654730108330103
1995-03-01,1.4064831225601562,0.6745627118285151,1.1939936483374443,-0.6780913456960045,0.8804873290329192,-0.08873063654505496,-0.8740795446756979,1.164613089197353,,0.6273760919990767,0.4649801759530997
1995-04-01,1.5219602730099069,0.5331229380744685,1.4245400300803936,-0.6082592818297801,0.8928653521786143,-0.15780183453447655,-0.8869601553960361,1.15403411423498,,0.6472291528515878,0.45621768309268634
1995-05-01,1.505402666479996,0.527649002819687,1.4817779203124752,-0.3200550801265979,0.9184539613568926,-0.2171274862332144,-0.8855154466207696,1.1517207206029811,,0.6463919616271314,0.45573970253922313
1995-06-01,1.489372476676163,0.5223408734276566,1.5355755542512737,-0.039357583258094464,0.8513646315986881,-0.22675790505676577,-0.8840777786921542,1.149421191572571,,0.6455580123762041,0.45526322168066047
1995-07-01,1.5524992476811816,0.5892697284757272,1.7643962484486722,-0.07695981901824234,0.8108535147643545,-0.23155007033626152,-0.21330705555729695,0.924369763749922,,0.9740606862685426,0.3986924143447197
1995-08-01,1.5353066871132794,0.5832103249688223,1.750055243686746,-0.09033593681499186,0.8233639654051139,-0.3338528739744091,-0.21310494171412278,0.9229033013439465,,0.972339667365429,0.39829380402978254
1995-09-01,1.518685420280213,0.5773347728070893,1.8171608653235876,0.040638185637223545,0.8358567187453732,-0.5109373772409972,-0.21290340136389863,0.9214438001884003,,0.970627744166278,0.3978963872359584
1995-10-01,1.5946163940577531,0.43309323702437313,1.9500288379073352,0.17289810442551046,0.8085973944224597,-0.6083331712847554,-0.29003987405032017,0.7546732279289233,,0.6720683905341098,0.43661219702438825
1995-11-01,1.5765574052262379,0.4293441261160681,1.98945236308835,0.2713475478815961,0.7681276812241525,-0.6121120690183401,-0.2897564224589833,0.7536650750954295,,0.6711886049082451,0.43616603660957604
1995-12-01,1.5591340745557274,0.4256909555361339,2.0564620740654114,0.3078560205906108,0.7542146817340109,-0.6202981399004057,-0.28947380042560683,0.7526609539195402,,0.6703122671387144,0.43572124157496356
1996-01-01,1.6569756121752306,-0.08260801665892738,2.1080953630956154,0.3127982050120635,0.7668309643697269,-0.6937313265067638,0.6567123550151368,0.9246887656458437,,0.9239392020151205,0.3843491674845907
1996-02-01,1.6387160627349704,-0.08202857912851685,2.2309073338428407,0.21855461085866762,0.7926895448538478,-0.7796650435044878,0.6558693232444017,0.9232362419797518,,0.92240308961181,0.3839725259208171
1996-03-01,1.621076114154027,-0.08146116435851472,2.186147582540624,0.16263986434399197,0.7389495094691025,-0.7709738437927405,0.6550295314244156,0.921790545677093,,0.9208746180231743,0.3835969897365473
1996-04-01,1.6725673233740446,0.2902113683655593,2.226722485243629,0.04990799966448106,0.7250688638103527,-0.6451765925031961,0.7839718410057573,0.9633211332233296,,0.32307766606517546,0.38965500098749273
1996-05-01,1.6548395104986102,0.2881046781581999,2.260103471093292,-0.08871442371619004,0.7377425880920235,-0.5154314399897925,0.7828425619060572,0.9617564139204231,,0.32275945917364024,0.389273744780835
1996-06-01,1.6376957657279594,0.2860432598800116,2.268037677882805,-0.19175429848366002,0.7238582465440973,-0.4718926076327978,0.7817181515512174,0.9601992988885223,,0.32244219085073295,0.38889360579101306
1996-07-01,1.5971505236139298,0.526822815897471,2.133182890880513,-0.15746796181300607,0.7099901083560639,-0.522868444638538,0.02074809641420304,1.185850652668732,,0.9708814572421994,0.42485778262897483
1996-08-01,1.5809522971167533,0.5224827066491252,2.1845804710014023,-0.16642480799676962,0.6828571738796403,-0.6292827553588782,0.02072968672837185,1.1834593760670378,,0.9692079094839468,0.42443387973688507
1996-09-01,1.5652722975849784,0.5182484229668839,2.2052932949448723,-0.25749511244147183,0.7221722509424499,-0.7255017337826857,0.020711325960057793,1.1810825152473006,,0.9675429913675021,0.4240112435355584
1996-10-01,1.5439344854982922,0.5667916485934736,2.3590273453707553,-0.13588067849643987,0.7348707447689253,-0.8283548310431436,0.34258793751742,0.9699909401713819,,0.16070285716789814,0.3675888446689861
1996-11-01,1.5283438788195907,0.5621411961698416,2.4659947782006952,0.11217840646301164,0.7209760905787198,-0.9421023032456686,0.34225015453545593,0.9684207312666877,,0.16055741283501293,0.3672379810005003
1996-12-01,1.5132479785046613,0.5576036995356369,2.4706094427652863,0.05616384070677266,0.720391042473334,-0.9750450012532162,0.34191336894142815,0.966858127470979,,0.16041236271369247,0.3668881203497791
1997-01-01,1.4838863824079491,0.5665168122228804,2.5079695879519495,-0.03215194819443029,0.7464003138374299,-1.0147741487976254,0.07519770344371615,1.1222293408452526,,0.8391629603871635,0.375159969588615
1997-02-01,1.4698226366414338,0.562036623301518,2.5952838429290708,0.020754097437944374,0.7989744799779426,-1.1303047877689865,0.07513133801507077,1.1201254180138722,,0.8379072833038669,0.3748019090812617
1997-03-01,1.456171267827167,0.5576613714997322,2.536177327456455,-0.0921935663213897,0.7982777915078016,-1.1676343915836207,0.07506514799005505,1.118033290524427,,0.8366572293636073,0.37444487208669586
1997-04-01,1.5035628099216705,0.616430065305071,2.779427203174855,-0.15650999238495367,0.8241873827284032,-1.0992658749959832,0.45632599653597805,0.8073584422619884,,1.0416058400837813,0.38571148788856846
1997-05-01,1.4903353936758859,0.6115125806478002,3.0065098500696807,-0.12498478534572302,0.8101480057086948,-1.0267445633449983,0.4558445230507941,0.806257099442207,,1.0397092461883721,0.3853426138175165
1997-06-01,1.4774699010667733,0.6067112829628907,3.125717893559636,-0.06610151662070485,0.822742889190063,-0.9939133026145042,0.455364570879143,0.8051602538477827,,1.037822980853286,0.3849747963032788
1997-07-01,1.5517654386841702,0.39672347763496096,3.4659095119933534,0.14085715028314705,0.8220117104591793,-0.9534539895817277,1.4472877526280534,0.9830441801949845,,0.930990720037798,0.3170668859179708
1997-08-01,1.5384261153149597,0.3941615007156437,3.4218075129140497,0.24886215011003265,0.8345934738034119,-0.9454034207099359,1.4433996503251056,0.9814557999684863,,0.9294807238403985,0.31677785681101606
1997-09-01,1.5254536322731045,0.39164860662358597,3.40512885149339,0.21718435454284904,0.9004033731804376,-1.0055972380337843,1.4395427321947178,0.9798750985420281,,0.9279780553966429,0.31648961682043597
1997-10-01,1.5600302432228865,0.4448195364458503,3.4095962701725395,0.31200318175546576,0.8729172829519435,-1.0476574748926377,1.1169367966643837,1.3425958074775748,,0.8262714239359479,0.3703613673944258
1997-11-01,1.54567009202737,0.44194188585268473,3.328467785237622,0.4632209754779316,0.8987338436108109,-1.0287318422768337,1.1147673583645548,1.3395207708121777,,0.8250696054312684,0.37001422490366426
1997-12-01,1.531751044529982,0.4391194759921914,3.3751536628229357,0.47584890461084917,0.8845620948802672,-0.9772388559014975,1.1126105194735316,1.3364667771949201,,0.8238730187803355,0.36966805694937827
1998-01-01,1.713137819077348,0.022045328991169354,3.7530411540620428,0.5621965072504516,0.8570965850914614,-0.9153959705936572,1.0792671199948498,1.3263753720945215,,0.5143081104154448,0.8468796387837403
1998-02-01,1.6977562610370482,0.02193017828594974,3.900695726989759,0.6483096304032148,0.8563144685430903,-0.9393392170341411,1.0772583285902908,1.32339890468388,,0.5137489413330656,0.8456865481203336
1998-03-01,1.6828396346939565,0.021816813095874448,4.019510187308709,0.6130079441533021,0.828889698495445,-1.007344602179494,1.075260718563947,1.3204423958518678,,0.5131915928101097,0.8444984884662133
1998-04-01,1.9650891041860798,0.44755360251041354,4.098708394023324,0.6111158749558608,0.7748515395615828,-0.9931539970529807,1.0343284939182114,1.5799404560852899,,1.0870008011794154,0.8796242070318044
1998-05-01,1.9475890659803126,0.44482887830892204,4.027102367777722,0.6720755146779431,0.8141884809453125,-0.8809834577147686,1.0324971678763188,1.5754727574739198,,1.0849724408925132,0.8783504688502433
1998-06-01,1.9306453586406114,0.4421534093637918,3.9735898948679544,0.7420605424826907,0.8268097988513129,-0.7584473027033182,1.0306755403629193,1.5710427631108448,,1.0829553996371735,0.8770822509413596
1998-07-01,1.9968460658821774,0.09554305996075045,3.6936376839217826,0.7416831701177113,0.8260813319987721,-0.5151794129320676,0.1823898581191394,1.7877780256391402,,2.6923918813532577,0.8609375144797216
1998-08-01,1.97942989686251,0.09506931220410275,3.395132563883643,0.722840704251326,0.7986841264029839,-0.10538975492552957,0.18222952726197572,1.7817439923596972,,2.673615586733018,0.8597196549630062
1998-09-01,1.9625768025161279,0.09460254239249993,3.192595327874118,0.9128819824488646,0.7046219992392123,0.1748202296609002,0.18206961851050862,1.7757706705386411,,2.655226812641758,0.8585069518465197
1998-10-01,2.003489376536041,-1.6746628977738063,3.7179782576021205,0.7962225113695119,0.5439076177916998,0.25140167932115803,0.16122230601669513,1.8287933614138123,,4.992159265997737,1.0800074925071073
1998-11-01,1.9859195490560848,-1.6444316207781642,4.022683764391523,0.9249995557658778,0.38327302981566697,0.3281784965831973,0.1610822969058245,1.8224343563105336,,4.8856443095886695,1.0781161723052224
1998-12-01,1.9689459647580314,-1.6157844021426455,4.119378327649709,1.0240829899442656,0.2761336905172295,0.5210932723008271,0.16094265194287247,1.816141251872262,,4.7856692632728866,1.0762347590180104
1999-01-01,2.0783080953753896,-0.21609943431435294,4.276192030003582,0.9653946698440782,0.2224941508342757,0.6680932458772473,0.08698041063172712,1.77190902519005,,0.4631499763002644,1.2039899833053351
1999-02-01,2.060687141261088,-0.21504945570380365,4.216104639136819,0.8317492324421526,0.3026393139579301,0.5747958186743082,0.08690660905427589,1.7660651310678537,,0.46267614071555235,1.201617855721674
1999-03-01,2.043647593700424,-0.2140146411945002,4.260991683091326,0.6439384676744739,0.4095307797765756,0.369801854853761,0.08683299501964749,1.7602787013017434,,0.46220375693601506,1.1992597011868815
1999-04-01,2.17622644470994,-0.3393831670960482,4.578814751845627,0.5944505872356226,0.5029916759761015,0.2378844075937423,0.3654595326798722,1.9617168877913258,,3.1909495098550624,1.0895246780091954
1999-05-01,2.158013661157263,-0.3376728343868853,4.5119241363729685,0.5254229926229457,0.5696179355595636,0.2751540219803831,0.36511234960285327,1.9541809575154636,,3.1613407774868274,1.0876170316825833
1999-06-01,2.140390123544408,-0.3359881283069755,4.427196611435621,0.39748215563164735,0.569227643058085,0.3938607040701099,0.36476615433856746,1.946731242782107,1.123896837027838,3.13254140073328,1.085719375952803
1999-07-01,2.235262197245761,-0.1078540496767601,4.339938458867185,0.4563072490791321,0.609034274325198,0.5693536052925797,0.5056534265557661,2.154343924720191,1.0113896570464675,0.7679481476319534,1.3153301556518957
1999-08-01,2.2175363330215814,-0.10737446273222948,4.13028657257929,0.43773429380424494,0.6220056488728816,0.7952841903516105,0.5051238992839688,2.1447682855558483,1.0030393785247957,0.7669298486558124,1.3124700982916786
1999-09-01,2.2003576528881585,-0.10690121724990728,4.038799846387097,0.326823774818695,0.5411155820981336,0.9234008809591854,0.5045960327162486,2.13531924595896,0.9948931151482059,0.7659155918504357,1.3096286260448093
1999-10-01,2.1435593300402265,-0.2910882849897435,4.504609268969691,0.25680469107542553,0.5139277861214682,0.8542481445875058,1.5368635934484152,2.2570221043780676,1.292491744011616,-0.7311345766673949,1.3708436186246071
1999-11-01,2.128262970984085,-0.28973510930332635,4.67478119591986,0.3085734752628264,0.5672674758471048,0.8102480981029228,1.5325801234874403,2.2462408594909538,1.2787677049014263,-0.7302034134799206,1.3677153589950644
1999-12-01,2.1133892818815156,-0.2884006453103245,4.698932072782711,0.24186201163726687,0.05974232000081825,0.9975309042684098,1.528332287460371,2.2356126950480233,1.2654728088036027,-0.7292758007832266,1.3646084282993232
2000-01-01,2.151707163765875,-0.37793057659020246,4.762882935879318,0.12216257877831127,0.030775902640436115,1.18921580964997,2.1699728102592757,2.610344834453088,1.2525851334302265,-1.93516886716358,1.5888778636418082
2000-02-01,2.1369666736583657,-0.3761252123019362,4.566471344731748,0.2584411456274595,-0.04132198307902185,1.2173673449096218,2.1597791802029778,2.594462098876039,1.2400842930993663,-1.9276050592767366,1.5844628835945433
2000-03-01,2.1226128674644125,-0.3743455055762213,4.594369018159323,0.5304885295958417,-0.015573321566048737,1.0570057909798618,2.149727914850476,2.578865862853612,1.2279513029766003,-1.920129287505661,1.580084519211999
2000-04-01,2.1405562796030555,-1.0677898418575438,4.346397393040206,0.7229795434975567,-0.44634864319686446,0.7690127375030772,0.8276565570846831,2.562700272751845,0.9646384983056927,0.9273209309510784,1.7037572074141973
2000-05-01,2.12679575199306,-1.058465395723568,4.1722791265406745,0.4497712779054498,-0.47002707894309015,0.5089280154683506,0.8265105214792056,2.547665384510815,0.9575569091727101,0.9259036512977284,1.6985414879095206
2000-06-01,2.113367920114707,-1.0493816781789718,4.196750774817377,0.5264279291129663,0.0224510601091229,0.27535362893666615,0.825369235893258,2.532892111381582,0.9506294112142105,0.9244928537022691,1.6933733966257098
2000-07-01,2.146831215042445,-1.5055417974678977,4.060889848148073,0.6318224544176279,0.24162346261307882,0.00341855357665083,0.9077438443475184,2.767036282562666,0.8932753528084383,-0.495365797763493,1.9142353979466633
2000-08-01,2.1331865656119637,-1.4860349561576351,4.032455164199146,0.8265342692907238,0.39384599068964343,-0.3175025613624841,0.9063899454444329,2.748574602311433,0.8873032679353202,-0.4948613986108302,1.9072700334218968
2000-09-01,2.1198663706439955,-1.4672688524939355,3.9183585454375014,0.8460413803214215,0.23864615049015464,-0.6149066071726864,0.905042089796429,2.7304776643407416,0.8814496706138772,-0.49435853764659726,1.9003801811047665
2000-10-01,2.0960976798652253,-1.9345949129684576,3.2830126997395555,0.8845690059815913,-0.28775114950508435,-0.800167056823067,-0.9956708594626053,2.706682834103221,0.5703815429183058,2.46121839978956,2.6188210983687763
2000-11-01,2.0822298147554563,-1.8992983967607853,3.216604727129826,0.8783294317557216,-0.4128795672269856,-1.0263061479300515,-0.9940575599111259,2.689386657935088,0.5676328409193377,2.4471550448126664,2.6028963923325543
2000-12-01,2.0687154372695344,-1.8658690477365036,3.078528913095646,0.9458285610107078,-0.40537804753554285,-1.430201073287678,-0.9924520814175877,2.672417947182525,0.5649235677301191,2.4333301029125187,2.5872587711493646
2001-01-01,2.0780013559370647,-2.5555653922928356,2.7315365504348468,0.7509206031645679,-0.23865193342670138,-1.7502244879003004,-1.9767319452762762,2.6667424518770475,0.20180757736836244,-0.585722297656604,2.2584457551404493
2001-02-01,2.06474302161433,-2.4842279163834533,2.6297058346803004,0.7321741040578829,-0.0966035599635075,-1.8478725923731092,-1.9688972166675374,2.650212956910868,0.20106129403600304,-0.5850853185881874,2.247813088514235
2001-03-01,2.051804024748839,-2.418555653142658,2.3430787585316564,0.6976300300737558,-0.5956479109375575,-1.8565364394684483,-1.9611549461119733,2.6339871353507283,0.20032323164051508,-0.5844504140226163,2.237329237868569
2001-04-01,2.2574692462189883,-1.9809414297758763,2.4567732608813806,0.33827281659308023,-0.5603827957803035,-1.8270609649602965,-1.6305672916123737,2.284677432294186,0.25168811312344846,0.11131701852466044,2.381748969084633
2001-05-01,2.2431349863215595,-1.9451039138717234,2.5964825470660644,0.14283856394357639,-0.044446537414717546,-1.8083182194473908,-1.6257661227434637,2.2738462742391463,0.2507568317675825,0.11122624236147381,2.3695481863974446
2001-06-01,2.2291290056416453,-1.9111465405072152,2.5073172295095767,0.20781180585258952,0.1247051452309468,-1.8274279158487117,-1.6210071343633996,2.2631677561100494,0.24983581691776763,0.11113568791860352,2.3575330510330725
2001-07-01,2.3783134504009893,-1.4278192703150951,2.045316564520114,0.2777400467354327,-0.028839055187307977,-1.809464221886033,-0.7005525638061134,2.4723053406902893,-0.06690515753800981,0.6364788555044422,3.0588904091301687
2001-08-01,2.3625330248678185,-1.4120921906045771,1.9807408929626944,0.3371867039984436,0.01881374088568502,-1.6995413068340712,-0.6997150086423438,2.458976465660294,-0.06667619305707839,0.6357616536185191,3.034778779447018
2001-09-01,2.3471239581305197,-1.3968746805683931,1.6842736888477838,0.34871154574633145,-1.1256597294221384,-1.5849249119562632,-0.6988804517764272,2.4458609227691595,-0.06644956325274985,0.6350468718282147,3.011228583346371
2001-10-01,2.462369779418592,-1.8292996711400862,1.9871876109939741,0.10214560592716715,-0.9118527356385971,-1.5289590200040133,-0.9844539585867204,2.016235345642647,0.040169782374646607,-0.33802056013377324,6.389895248698835
2001-11-01,2.4450603262439596,-1.801247807985831,2.092809520129072,0.03463334649706523,-0.3619694571415208,-1.4444901453929666,-0.9829068245764747,2.0085124432868664,0.0400354531557343,-0.3377200316614337,6.194293078208753
2001-12-01,2.428183875790944,-1.774450156083352,2.1252051196744715,-0.23494331333953722,-0.4110168500707938,-1.2944239800324102,-0.981366965840838,2.0008776389635887,0.039902462529668774,-0.33742030350591634,6.015620584274459
2002-01-01,2.4500801804352648,-1.5245562444407523,2.087530938514916,-0.33719387709232806,-0.3124054227422144,-1.134112708327927,-0.44940628488862105,2.3118102269700946,-0.013973585262876257,-0.03302382820942393,3.3884744805024805
2002-02-01,2.433221537766046,-1.50697027279586,1.9892106887877925,-0.28672120981880483,-0.40480798129610795,-1.0222089083904893,-0.44897728303526596,2.3007834280791535,-0.013927840090281864,-0.03299757989450133,3.3566508446750154
2002-03-01,2.4167731855178194,-1.489980304168147,2.077250309167232,-0.5830637688816045,-0.018324685073350763,-1.0439962984113313,-0.44854950777345326,2.2899129661156175,-0.01388254123708626,-0.032971394068991855,3.3257074569100418
2002-04-01,2.4873866267085107,-0.6195244888914635,1.6673401821519884,-0.8003681071878005,-0.07631185615117232,-1.1395459073082808,-1.1160515283418222,2.5810005082444896,-0.12240430350627102,-0.47413589869436235,2.1177972627065356
2002-05-01,2.4702752463012767,-0.6165983092867097,1.5962944579554188,-0.6806073518967145,-0.13973119689634345,-1.181955309554021,-1.114070598982126,2.5662214209546477,-0.12200544924115055,-0.47367686706176376,2.1090299655247953
2002-06-01,2.4535743599084134,-0.6137132791442536,1.4588708100968342,-0.6493035823634845,-0.5701638494730178,-1.1946598795705028,-1.1121001858927435,2.551693397035254,-0.12161046901309966,-0.47321916649661216,2.1003706919055154
2002-07-01,2.454185944655848,-0.4585157335816883,0.9023644160663602,-0.49979583446507136,-1.332547006854953,-1.2009170521601897,-2.2740094432361664,2.544984283356582,-0.5045139327047619,0.6195875705152906,1.488377808640253
2002-08-01,2.4377182621383113,-0.45666068444715413,0.9112603717993957,-0.3316507364779898,-1.1720505494772386,-1.1368947176056194,-2.2630107833528244,2.5308233001429232,-0.5025178352728031,0.6189129353132746,1.4847744238033218
2002-09-01,2.4216367828816696,-0.45482799785963585,0.8157049714629268,-0.44175966511296344,-1.4788648695918731,-0.992783370043973,-2.2521702308758926,2.516896156721321,-0.5005452758273788,0.6182404999658192,1.481197095600546
2002-10-01,2.4886020706130783,-0.39321772277693473,0.8791889900542517,-0.3212873298428827,-1.3629443053843473,-0.8727217586320696,-1.5638208981533317,2.70929879062558,-0.4435005171923799,-0.15467229766639187,0.9569376769698532
2002-11-01,2.47142305140248,-0.39173018528174885,0.9861238709816975,-0.5152600373999477,-0.7227002700447667,-0.7366151114599935,-1.5596058615125334,2.6925728748996294,-0.44185815464179873,-0.15454832190829187,0.9555623689606826
2002-12-01,2.4546603733204457,-0.3902594194762406,0.9660181420493048,-0.6314296705871337,-0.6722172011513268,-0.570894190183055,-1.55542473962591,2.676153019976559,-0.44023392392855987,-0.15442464380030588,0.9541929766687033
2003-01-01,2.468310187532681,-0.47495826431957927,0.8895740276100031,-0.6124546137522211,-0.5642344245172873,-0.4458519741399985,-1.1865804224500527,2.9066623943195724,-0.49414857431133263,0.24805941364363424,0.9072618588332937
2003-02-01,2.4513560310355325,-0.4730872567744979,0.7583923920761545,-0.531714396845745,-0.8844164878226171,-0.4271244700898023,-1.1843538869219175,2.8864470961382414,-0.49228038419818215,0.2478542317622401,0.9060265058098194
2003-03-01,2.434815579617599,-0.47123821552021544,0.7651602017321335,-0.4808314611150452,-0.7156826717839799,-0.5266660514410779,-1.1821398446408506,2.866647872996999,-0.49043325028983276,0.2476495582438257,0.9047961878329557
2003-04-01,2.5950179750988696,0.09993356703392928,1.0649194034845728,-0.4366714403387864,-0.2265764075602657,-0.6612577110160041,1.5644527572079088,2.6927695553865028,-0.15278999669213822,-0.045422840395387395,0.9621724312875324
2003-05-01,2.5768802090021534,0.09961567202099506,1.153620374606654,-0.1965335797734816,0.034781327803734684,-0.7415088763735526,1.560272843906046,2.67646691804204,-0.1523239080969957,-0.04538754258403089,0.9607947551755931
2003-06-01,2.5591698161136787,0.09930079165775187,1.2481670726773155,-0.12981531076526895,-0.01589395704858688,-0.7540870911667337,1.556126270451935,2.660456900469548,-0.15186205964183128,-0.045352326934214295,0.9594229829130541
2003-07-01,2.5354255920640756,0.3403412125790336,1.27715619124802,-0.42247773481102835,0.1404874773765865,-0.7139256098311286,1.5284341920916358,2.583121650710143,-0.03835824180707283,-0.23520176575466692,0.7447324622315039
2003-08-01,2.518660970670991,0.33916648022103796,1.2580016873364883,-0.5721796468977072,0.13123162256433216,-0.57171669049494,1.5245003727434663,2.5686342697962443,-0.03824576010979156,-0.23501015141575549,0.7438754223984945
2003-09-01,2.502267678019232,0.33800383758182206,1.3027613404609526,-0.6526965161974578,0.1514690932185068,-0.43827508073549326,1.5205967849852335,2.5543879958641993,-0.03813426213375792,-0.23481900467520828,0.7430213359560982
2003-10-01,2.4217206077646907,0.4871429282481178,1.496429074870076,-0.8277931718525465,0.2988335417500292,-0.411427203134427,0.4332402766160916,2.4090505202669417,0.19009926885409872,-0.18710469552648834,0.5700008350291116
2003-11-01,2.406581489569591,0.4853114431224997,1.5141353802038044,-0.9624044755150405,0.36153025028552843,-0.3588852313870996,0.4328448133882851,2.3971112768803247,0.1895323461012348,-0.18695589307274843,0.5694443209743657
2003-12-01,2.3917671945034726,0.4835004863546188,1.5645139657212193,-1.0294684438426902,0.427120088315746,-0.2860380026306673,0.4324504314207989,2.3853478471856673,0.188970466498003,-0.18680744510122888,0.5688894343720843
2004-01-01,2.383482413496535,1.2738502282222746,1.6821884171085153,-1.0530097510137923,0.5388307715036221,-0.3370738144750065,0.2290640316972102,2.5353406601240125,0.5904882840097886,-0.342399420853683,0.30308417641786006
2004-02-01,2.3687142079246435,1.263890987767146,1.678250330413835,-0.9944759529930424,0.6345866926715114,-0.4886823604849766,0.22887963062823471,2.52169076037757,0.5882322490128467,-0.34210679255769216,0.3028414388760233
2004-03-01,2.354265290677166,1.2541621709536241,1.6161328809817606,-0.8303947631716317,0.4903814808236283,-0.5196287457116429,0.2286956742247808,2.5082590291742184,0.5860019131068227,-0.34181491339921644,0.3025992837074394
2004-04-01,2.3632839245471646,1.4583857640487718,1.6304261752461806,-1.052298358777862,0.6839549025621257,-0.36704693615687656,-1.2806699664174666,2.8342513330668915,0.5261006933419736,0.3135106174106416,0.0830316113053407
2004-05-01,2.34856167009372,1.4450505552027306,1.550544721645752,-1.1366664628249072,0.5340305884958518,-0.19445864268239746,-1.2780957902623067,2.815806006622318,0.5242299279737377,0.3132484330008447,0.08297056365902543
2004-06-01,2.334165108137935,1.4320751888687786,1.585902552467779,-1.130632572863838,0.6829364815773433,-0.13695385439357602,-1.275537081793519,2.7977162494868315,0.5223790031492558,0.31298690538314805,0.08290965046929419
2004-07-01,2.310246240022233,1.2984878765583585,1.4512530094686231,-1.089024459913642,0.6474941512649905,-0.1602617064325781,-0.9452823241988588,2.852976525939264,0.6946213883083523,0.8866072886420383,0.02523048686803157
2004-08-01,2.2957916074379248,1.288451478483004,1.4087965688745636,-1.0161844875420594,0.5431100762183134,-0.20014213480381254,-0.9439252276259149,2.8342733674395317,0.6917995385518242,0.8854066509064603,0.025212132470748595
2004-09-01,2.2816673607946827,1.2786446697631781,1.4444144775871581,-0.6964626165074661,0.7528567768532903,-0.18057862610492237,-0.9425739622060971,2.8159333535767566,0.6890118566404297,0.8842108801026474,0.025193818071975762
2004-10-01,2.3066953652030557,1.3163872092355848,1.5684517624995975,-0.5294240649045355,0.7258831088317392,-0.09432468803326276,0.8663972219587888,3.1171374230492175,0.8607705065732323,0.8859380320295641,0.02908165122468954
2004-11-01,2.2919607522682646,1.3062121470350447,1.6460348868914318,-0.37593957798798056,0.877953356985469,-0.0312541147049335,0.8652524265563796,3.0933180859276805,0.8567303791992119,0.8847445266457699,0.029060582695701997
2004-12-01,2.277571090802622,1.296269843409008,1.6946823814711773,-0.2857926370144304,0.9648258121854807,-0.04330550328600141,0.8641121593734984,3.070036661128946,0.8527467096830528,0.8835558342310178,0.02903955989041232
2005-01-01,2.2168294781078397,1.3933691498928389,1.6016444823699028,-0.22228211999839292,0.8953511096844262,-0.0653362957742215,0.5691552829207883,2.802690829355094,0.7905488643795618,1.1643940692202492,-0.293780709216969
2005-02-01,2.2024051228094947,1.3819770027223082,1.6106297932997558,-0.195305390012816,1.0585692971821818,-0.045828533876267646,0.568589151790832,2.7850358213253124,0.7871405304914164,1.1623335001948651,-0.2935506707581874
2005-03-01,2.1883386977838577,1.3708602414328068,1.5764979775705181,-0.32384140134120765,0.91208209323444,-0.00293235903638969,0.5680247072983623,2.7677103697037406,0.7837759760518896,1.1602838373683573,-0.2933211719088103
2005-04-01,2.2200700423535973,1.3811966663249609,1.518551305739652,-0.31327599032630893,0.7600256054368235,0.05331878964315929,0.18485585994944398,2.8623181510369027,0.8973319470591369,1.2765087727404836,-0.3917504745470326
2005-05-01,2.2047860442872054,1.3702157718938126,1.53412129381227,-0.3606978813981375,0.7010929619134434,0.10580860935963615,0.1847129190139202,2.8436857397092554,0.8931017259587304,1.2739991397145036,-0.3914261340237305
2005-06-01,2.1899041253676717,1.3594931044700413,1.5631739798358986,-0.15386449031944166,0.8398596500066761,0.15959667889230428,0.18457030917652628,2.82541258617808,0.888930874070282,1.2715042575496887,-0.39110259793522045
2005-07-01,2.2333095332332955,1.0364875875982758,1.613587502413245,-0.07331930425035721,0.9077004922709613,0.21858883298010406,0.408609350778388,2.894600023672516,0.8848180144728202,1.897863197696133,-0.3447112204762307
2005-08-01,2.217535296543789,1.0306931168018068,1.596335664150652,0.005145674354111673,0.763917471129694,0.23568960697156607,0.4082543494237638,2.8754615150694303,0.8807618145578839,1.891373418896475,-0.3444355944350023
2005-09-01,2.2021872993987377,1.0249949247335,1.5645880013651878,0.015487126992132783,0.7658987751843237,0.1471041232844868,0.4079002719671446,2.8566977415141075,0.8767609842124428,1.884949785988818,-0.3441606286161145
2005-10-01,2.1797864400528826,0.6839508959684901,1.4674901811403809,0.04284280397995566,0.5426706250067337,-0.05794587106330671,-0.7916969542014908,3.1476152010388914,0.8728142740920615,2.3502718037263164,-0.5106298781090921
2005-11-01,2.163263958893457,0.6812875781210709,1.545278355135681,0.06310914030606884,0.7512263823541305,-0.2343669140739634,-0.7907421617739813,3.1235510432189093,0.8689204739790819,2.338951121676079,-0.5101716984883621
2005-12-01,2.147216649888366,0.678655179946819,1.5814206323463544,0.11130840133935893,0.8320074266005832,-0.265241211773099,-0.7897908171054552,3.1000305891148536,0.8650784112208947,2.3277925075044026,-0.5097147503908777
2006-01-01,2.167220834926433,0.7572301447368323,1.6807373262150163,0.38545884721911394,0.7653794401011609,-0.19856132244205507,-0.4837821102559208,2.8572360077068253,1.2712207987497284,2.672832341556549,-0.49034320141536714
2006-02-01,2.1504634987596636,0.75411863154196,1.6603835981470025,0.4463456389518054,0.7476005178387708,-0.211451553544214,-0.48334154435610055,2.8389282948859034,1.262937101363349,2.6568584065421983,-0.48991215855749515
2006-03-01,2.1341858973724905,0.7510452229765423,1.6627428676608411,0.42402181477608203,0.8337951932171251,-0.3060452078575656,-0.48290218026047316,2.8209681139840797,1.254813508410853,2.6411675500904757,-0.4894822507806518
2006-04-01,2.2235028463248394,0.816555411902056,1.5550030775859223,0.40504144615079163,0.8451506585615597,-0.38343550904301965,-0.396021133036341,2.8736483004528153,1.1304671631476253,2.329246073237352,-0.4960509405388251
2006-05-01,2.2059987056112313,0.8130558307119986,1.5143308885910798,0.3722498393054305,0.6612049594127026,-0.4149064297019704,-0.39568456877264946,2.8551259105823203,1.1241427090384337,2.3182918156169174,-0.4956147538021191
2006-06-01,2.188996296313309,0.8096009354773145,1.4430111643147026,0.4170541385004897,0.39970947637323684,-0.3947957042442504,-0.39534886135020786,2.836957191653322,1.1179233963376625,2.3074907085804917,-0.49517971602779404
2006-07-01,2.241066474577248,0.6600475754174076,1.4736925254540771,0.5134385452490173,0.5132207119919526,-0.353017204424998,-0.44418795067898836,2.972320773142757,1.1699377226507774,2.729771601323473,-0.5730427195565516
2006-08-01,2.2231247865291777,0.6576482520230409,1.4978346934906996,0.599856418252074,0.6704775513433635,-0.36529471783687983,-0.4437989433954796,2.9520650983003724,1.1632315066677583,2.712994337984173,-0.5725077835396793
2006-09-01,2.205705541369733,0.6552749417482463,1.5400303435791183,0.5705330376587048,0.7545975124462831,-0.4037796744841112,-0.44341095664229724,2.9322180402640363,1.1566394846762176,2.696522722752165,-0.5719743433412493
2006-10-01,2.241516816947593,0.2677503869815284,1.6970703621626222,0.6454048248908406,0.8282571081761708,-0.3881055707953789,0.5231273425947605,2.4814368534424958,1.381591207926883,2.8983108357147658,-0.4559067463537294
2006-11-01,2.222781848329258,0.26703544740702706,1.7229055887010916,0.7527011927706988,0.8906610003784226,-0.34144300427859725,0.5226420830686117,2.469147984567337,1.3720167369505278,2.8786041570651735,-0.4555214289474317
2006-12-01,2.204608618737168,0.26632620667006823,1.7459864167850032,0.7494947588609628,0.8535293060345603,-0.2797357362173851,0.5221581718805104,2.4570399410456214,1.3626388795888806,2.859294139748924,-0.4551370871234636
2007-01-01,2.1965818803271957,0.2656225894340007,1.7929146662459716,0.6982647656638022,0.81520453286578,-0.22900722593976522,0.12723421268500648,2.53641437014933,1.525357356711518,2.1956210875961695,-0.3791200928929323
2007-02-01,2.1784934487636316,0.26492452174959186,1.796781099199026,0.7081735296229454,0.8367675860788855,-0.23585403248216197,0.12714048514678972,2.5234265419978876,1.5134508692406081,2.18638295185532,-0.3788179700171053
2007-03-01,2.160941926208756,0.26423193102233855,1.7101532213394255,0.7781817429764232,0.4588987660760428,-0.23461740167288964,0.12704696444377112,2.5106362486555907,1.5018192723657646,2.177260484129938,-0.3785165684282152
2007-04-01,2.2673161932689134,0.43045633169924313,1.8290618625280728,0.7677898869742437,0.6702588700726948,-0.16436221686627772,0.879715633346305,2.3644631577693955,1.6037604876333882,3.4881259678421146,-0.3690582190374794
2007-05-01,2.248583880367327,0.42922143255063117,1.867612881586935,0.6991040189134096,0.6388960464433494,-0.064088384490044,0.878588831276449,2.3537638299890884,1.590514148508385,3.4553206843183704,-0.36876726907866164
2007-06-01,2.230390285932588,0.42799710968991556,1.8529566078178044,0.47317581089385274,0.5121619423424796,0.14792897850784686,0.8774663500486098,2.3432084790084518,1.5775911034646426,3.423424032363685,-0.36847700628778357
2007-07-01,2.127694756022448,-0.07281698916361172,1.845302209053738,0.5723418174000516,0.3177136896961035,0.488119140982057,-0.07618858783813265,2.0578202793521556,1.7327566841333597,2.9896181869689347,-0.12871863704218667
2007-08-01,2.1101462543132716,-0.07264249059161555,1.7453777566198632,0.5405657619431978,-0.2633012329067239,0.8353375712403217,-0.07613351681543142,2.0504453508966503,1.7169587604638012,2.9684161514852994,-0.12862823670264165
2007-09-01,2.093075879091568,-0.0724692405455175,1.784586244774847,0.4392317533967976,-0.027776178021699238,1.1672180191261443,-0.07607856504148951,2.0431491724808453,1.7015856831034157,2.9476589748281934,-0.1285380265682069
2007-10-01,2.0070388106152133,-0.5930324214374176,1.7213727867699649,0.348958618735959,0.24198650578293995,1.508818377252259,-0.4015038084765654,1.8769752950330958,1.6866187430050654,3.6180549290218877,-0.2012915610331326
2007-11-01,1.9914429922310015,-0.5911462943540458,1.597686197732786,0.2040198726925648,-0.3764068493280919,1.897263595660887,-0.4011701185173038,1.871182964290305,1.6720403645887176,3.5819858416270756,-0.2011474533312086
2007-12-01,1.9762355947576182,-0.5892780712997676,1.6114425976265374,0.3561013361930578,-0.1971398284352767,2.1029479053988585,-0.40083725935526837,1.8654439466037358,1.657834018955513,3.546974553864853,-0.201003654714053
2008-01-01,1.8875452878440422,-1.1615706607520182,1.301796230431398,0.7165075234064009,-0.5668456594601927,2.0829646039640957,0.45901692631006524,2.085433697082463,1.5894286414267096,2.18753224918262,0.09069636582782198
2008-02-01,1.8739555101182857,-1.155242642237933,1.2600179645080343,0.6839799332078488,-0.5909608072436772,2.0632087263544903,0.4586208597455551,2.0778594867042455,1.5769852267616078,2.17853989573786,0.0906337119303464
2008-03-01,1.8606789127767847,-1.1490170846210683,1.1910419927758602,0.8053003476620323,-0.7831842598230145,2.1335757571302003,0.4582258169411075,2.0703672315204273,1.5648299061112185,2.16965756343488,0.09057118770102804
2008-04-01,1.7521543299238342,-2.1628510987831917,1.2053147631301715,0.4088105323478029,-0.36234822916563747,2.2276708791544735,-1.1472471732417167,2.0216675809556865,1.4988286206160706,1.5330349189562398,0.027093832240343823
2008-05-01,1.7414294857993138,-2.1350173028674897,1.2292729103401883,0.36383273426201757,-0.056373797223269725,2.4550694112291915,-1.1453615477214572,2.0147111367212513,1.4881600667552253,1.5293929533408024,0.027075330939094817
2008-06-01,1.7309251524781593,-2.108232064551075,1.130996749897906,0.13856821349398643,-0.3858148542089995,2.6944693034020557,-1.1434851937266781,2.0078260322795916,1.4777164088819934,1.5257768313963274,0.027056867487522708
2008-07-01,1.6522426839232833,-2.179476444626478,0.8134745611008671,0.1706253959527784,-0.6339185355166865,2.6754313689762856,1.2099193830169224,1.9545181617267386,1.2520295075712937,2.0521765752047165,-0.060755445566908095
2008-08-01,1.6431240129052986,-2.1514593829521824,0.8500100025363606,0.023385959910595038,-0.35226533340307814,2.428782076826196,1.207813055527105,1.9481699893782318,1.2450624136665536,2.0446375146549016,-0.06071400494809937
2008-09-01,1.6341743813703724,-2.1244966356834647,0.7707532115541171,-0.1931398391902419,-1.2270393923222693,2.280880017497526,1.2057176954494173,1.9418832916266526,1.23821050523387,2.037180960755255,-0.06067264901269614
2008-10-01,1.4807654002115893,-3.146616963096814,0.15689879399042345,-1.090196097536633,-4.082121209622368,2.475543914070569,-2.376550281104139,1.684416741193071,0.799770806202674,2.949331768451653,1.0140615367338017
2008-11-01,1.473434648300758,-3.072154501228652,0.0715491105479697,-1.1967555341731104,-4.266577652772373,2.819355902096865,-2.365475247417233,1.6800752870163946,0.7969622353789225,2.929342007864161,1.0126689700822487
2008-12-01,1.4662346980585095,-3.0027423151605306,0.08026011666719468,-0.038811123007270264,-3.66282193643305,3.060998438210614,-2.3545536543756884,1.6757672415071008,0.7941830866619731,2.9097533386023353,1.011282127349223
2009-01-01,1.439258760801016,-2.1951374967201924,-0.05467676893406336,0.2703592258384111,-2.909440671091696,3.308458091220826,-3.0047685334739493,0.9140816402830938,0.5742421149199779,0.6040737466325582,0.7904735438203716
2009-02-01,1.4332080871203718,-2.1673346456123133,-0.13428675818702468,0.2671368590198016,-2.7277869165664086,3.3809229227257402,-2.9838048687661494,0.9129577869495341,0.5726277723817811,0.6034959507595105,0.7896074035940287
2009-03-01,1.4272541612417005,-2.140562990248428,-0.1946668021643106,0.2891463814568018,-2.7158937025486862,3.0024914354753864,-2.9632740189734768,0.911838070572915,0.5710269828391306,0.6029198103084232,0.7887441054990876
2009-04-01,1.4432841131866194,-1.171406871480547,0.11233651634764068,0.3081790634422483,-2.3373171668665433,2.3159728526555816,-2.362113565514728,0.7471142888505723,0.6785647412804587,-0.6152654105495186,0.7737522506431622
2009-05-01,1.4381204794110873,-1.1653823022202114,0.18900571971142172,0.1314308944592211,-1.6278604359486553,1.6427948178050429,-2.351309238968944,0.7463376301104561,0.6764955477575871,-0.6146735111597469,0.7729214421928038
2009-06-01,1.4330273063855652,-1.1594498692309216,0.2182111793750263,-0.14259598802710008,-1.0185260856992964,1.247830764650472,-2.3406518612170246,0.7455633894465556,0.6744451911705998,-0.6140833173823083,0.7720933053421135
2009-07-01,1.4071614438001196,-0.8400091673431588,0.4404529914319844,-0.1265926491641422,-0.6909971425521333,0.9569005132923907,-2.7170727018718828,0.7808460351098184,0.9457102606114536,-0.2375560135856469,0.44119828825659846
2009-08-01,1.4027531945369187,-0.8369406088957166,0.5460220360517658,-0.11380652471212034,-0.3920531829520305,0.6614042600803697,-2.7013331176818545,0.7800108014258723,0.9420160604621528,-0.23738165883767615,0.4408457601104543
2009-09-01,1.3983950368635434,-0.8339054809580395,0.6014255308823699,-0.05748098366327407,-0.26983725228509137,0.4952218528755066,-2.6858639854517063,0.7791782433624248,0.9383648749725979,-0.23720768746627996,0.44049407585597794
2009-10-01,1.2959862268021745,-0.14881943623083718,0.7052792306143231,-0.0424686898370202,-0.20037324235675813,0.4718464674688043,0.572772590933089,0.9019068444519697,0.93475587532297,1.3282984267190716,-0.04972173110325964
2009-11-01,1.2919931727337577,-0.14849815320334114,0.7390470559022612,0.0899564931738257,-0.16454835853087424,0.5250965912323946,0.5722461703212997,0.9008243629990156,0.9311882548856804,1.3257583506925037,-0.04968853450715119
2009-12-01,1.288038523246519,-0.14817894226592518,0.7769649655328852,-0.3242529141633929,0.006053729846845997,0.5429468262358793,0.5717211990014959,0.8997457715366188,0.9276612284671151,1.3232327973193247,-0.04965540431340178
2010-01-01,1.0235708558975884,0.6178323458089998,0.8465367543424855,-0.5468491097671164,0.12546550879972906,0.47752885233306475,1.3843520834494334,0.9334408863884733,1.0880632124307215,0.666071532055338,-0.227703825750307
2010-02-01,1.020449982238154,0.6160500595655714,0.799538361706243,-0.5406030287826223,0.008600065224540543,0.3019573583006176,1.3815710411220952,0.9322893887260457,1.0832831697835583,0.6654088056715269,-0.22754493467042775
2010-03-01,1.0173566449335347,0.6142831260990504,0.8809247156951348,-0.7186795184491258,0.2964724945368191,0.09221263319476,1.3788066992395691,0.93114214391338,1.0785656598385354,0.6647480543239982,-0.22738637577514587
2010-04-01,0.8500632532531386,0.6754828259354603,0.7386853606979813,-0.7088290850313251,0.34483907327473207,-0.03851674541980576,1.1844566634096974,0.9846502602954069,0.9647747068621172,0.5123021381849967,-0.27328145922359576
2010-05-01,0.8468357480575853,0.6734543350460487,0.6375930821632871,-0.431113400221524,-0.640877999066426,-0.024871098689391982,1.1825035751891504,0.9833769036487582,0.9610711521025934,0.5118582611896753,-0.27308739100234447
2010-06-01,0.8436445764246517,0.6714440312385995,0.581098018878274,-0.3349625706682868,-0.6928053496193942,0.00028875482795323105,1.1805601210149788,0.9821084765526897,0.9574099795443609,0.5114155363173996,-0.27289373568816006
2010-07-01,0.7076449968898123,0.7365361388272494,0.7262994232901546,-0.25942735248204096,-0.381107508966726,-0.028011516200840143,0.6686056980921044,1.0590942316742213,1.1720538329396906,1.2061312009608287,-0.33973958290764034
2010-08-01,0.704708764513054,0.7342218812628141,0.7333016441606359,0.060008074182069805,-0.2466992345755328,-0.06940031534161721,0.6679443606231805,1.057624670348873,1.1665906310345806,1.2041078771898681,-0.3394901505656164
2010-09-01,0.7018127144548097,0.7319293289479724,0.7790144169119326,0.18163818824203704,-0.08050328265086484,-0.06738786713591337,0.6672849824851615,1.0561612120741757,1.161203215385263,1.202094706401196,-0.3392412668964703
2010-10-01,0.589365932223631,0.7969003896631088,0.9924522457097802,0.48623276617711103,0.11502123896460079,3.201963743234037e-05,0.2786819551458794,0.8685778646016858,1.373094089053079,0.5327898471976863,-0.25259096071437814
2010-11-01,0.5868456350074054,0.7942782035156463,1.026189756384043,0.2604268500364561,0.12530357357379682,0.05160129387582161,0.2784775593445846,0.8675850674403838,1.36541171053531,0.5323242177081224,-0.252414801122366
2010-12-01,0.5843677319762111,0.7916817655334059,1.0777626021861169,-0.13617188424757445,0.2617822895530733,-0.0014593634388454808,0.27827361267291933,0.8665956683036136,1.3578570013987323,0.5318598072731779,-0.2522390096192889
2011-01-01,0.4896636014794041,0.7891106567897901,1.2337914995808912,-0.10381058252960236,0.2979619710334772,-0.09684825424481058,1.1246597733298762,1.0433197541761519,1.5120904979537055,0.6504413485104213,-0.13513053744738157
2011-02-01,0.4880233033930106,0.7865644678422126,1.2707688116968958,-0.27923580633100614,0.37344574235092476,-0.13335580838666083,1.1229330521733336,1.0419057882682685,1.502573294790682,0.6498137830047738,-0.1350406898436368
2011-03-01,0.4864094745717403,0.784042798457775,1.2239877297690682,0.028016782146325598,0.18752957700612455,-0.09895448151444884,1.1212142634475177,1.0404975581524072,1.493233755133939,0.6491880311666731,-0.13495102122464728
2011-04-01,0.36726431837091766,1.0156806236119365,1.2091886307399062,0.09846841966544899,0.496111605698498,-0.009287381798460018,0.5268093153607114,1.0228158223528336,1.5374945190380738,1.7404282232608106,-0.2633841464551112
2011-05-01,0.36716083536811306,1.0116268114462907,1.2010573830961127,0.23378769624931972,0.48118930250788533,0.06795035619752272,0.5263548987936293,1.0214630082434981,1.5277034594860488,1.7356998503662586,-0.26320093791999566
2011-06-01,0.3670444490749183,1.0076212167536314,1.1265217770550748,0.34707583793187974,0.3811344536693456,0.1366156603296067,0.5259016564752106,1.020115550121391,1.518097296229126,1.731009820026968,-0.26301811120977925
2011-07-01,0.28524326748924206,1.2173991363397918,0.8820513631822571,0.6087241372168973,0.3275536653881588,0.34298724603654385,-0.145347980716542,0.8775981729209767,1.2961878914140994,2.3578801569995487,-0.23772065405974263
2011-08-01,0.28613273059920524,1.2115356534906891,0.6866378930072496,1.242058947970203,-0.7759587669364135,0.6754243410636587,-0.14524820040815306,0.8765977932867879,1.2896764849253455,2.347516785741681,-0.23755792336612816
2011-09-01,0.2869826600075404,1.2057561890951016,0.659313827795075,1.2967687218243737,-0.9926518423854964,0.8876332206083813,-0.14514862532034387,0.8756008283266509,1.28326234585429,2.337288902881336,-0.2373955264340994
2011-10-01,0.19492342841263946,0.5708637657965078,0.8352091570394911,1.1124539822336352,-0.9017818589939393,0.834309452890653,-0.8588492560337354,0.9015404908184859,1.4358386185123486,1.3769240982811237,-0.1812440791618121
2011-11-01,0.19687390200526642,0.569411018137631,0.8486838845443083,1.250230214263693,-0.7587967710134236,0.6368335610225874,-0.857849627208463,0.9004921475228175,1.4276963195608805,1.3742546228205257,-0.18112326167139128
2011-12-01,0.19875830228994995,0.5679693156681496,0.8613115307664752,1.2451730756097057,-0.3630489966109554,0.40575389277227647,-0.8568534822477416,0.8994474544355887,1.419691134877032,1.3716006197544575,-0.18100268548280954
2012-01-01,0.16197770811428672,0.11580653551941213,1.0485211142553457,1.3102576563830945,-0.10393387291205505,0.21069303434018033,-1.0504035746641562,0.930821318131811,1.6219178713823212,0.643091946923018,-0.5172356156989835
2012-02-01,0.16453095628821637,0.11558404501573975,1.0915094629402975,1.331639909319615,0.07153419630821525,0.09149908732941225,-1.0489297391247976,0.9297111750743767,1.6111437134657922,0.6424854874362488,-0.5168140157709447
2012-03-01,0.16699133447302708,0.11536283202861533,1.109511611758942,1.1515527781432413,0.24687204146931574,0.05278662365834474,-1.0474620928418221,0.9286049962750221,1.60058166019429,0.641880741090007,-0.5163934453991808
2012-04-01,0.13280975682905907,0.6085117359089197,1.0176159456285836,1.1651554156845298,0.14962416207387053,0.10760893755233904,-1.0431777091867107,0.8488576569418763,1.5902248414843638,1.6230324941598209,-0.4701588058263348
2012-05-01,0.13570222499742698,0.6069472602556609,0.9526150872508935,1.2165424827220412,-0.07793895152033539,0.17725670741257515,-1.0417303243125702,0.8479279327806875,1.5800666947965891,1.6191172729916097,-0.46979106303408075
2012-06-01,0.1384877261840535,0.6053948013818417,0.9214506239128284,1.2891572952153212,-0.16266980024594474,0.18717356980918193,-1.040288950058475,0.847001258083312,1.5701009476584675,1.615230259657038,-0.4694241820204533
2012-07-01,0.14305861600400105,0.7083550488035826,1.0644221109948746,1.1707367446489125,-0.0008791247938643443,0.14719845601179118,-0.5600246154266906,0.6902585337255547,1.663440914788624,1.1725530996349858,-0.42968369994297473
2012-08-01,0.14542660825111633,0.7063811337500383,1.094120507546706,0.9335909123867837,0.14484028342694055,0.11417880223921313,-0.5595377490752346,0.6896122527882205,1.6522253527977662,1.1707104663271408,-0.42935889810052785
2012-09-01,0.14770678564111014,0.7044236468595365,1.1209227283849903,1.0073375841567016,0.22549082778688267,0.07230720586662172,-0.5590521507204192,0.6889677844421656,1.6412338399744617,1.1688764964578504,-0.42903483187213115
2012-10-01,0.10801662522704951,0.625902843022725,1.0736581165020544,1.01662268920646,0.3297469730937728,-0.001618639198415513,0.02323661604763678,0.6416206371125577,1.4258426318276298,0.9922907589723423,-0.4019566451016562
2012-11-01,0.11050757857768678,0.6243043936730601,1.0204370412358972,1.0335843813279137,0.372058306538133,-0.12806474213704508,0.02322129538561503,0.6410484399882961,1.4181730641692525,0.9909925718893802,-0.4016598591767457
2012-12-01,0.11291393530621052,0.6227181405807706,1.0449179952473309,1.0586426527584782,0.35412639950492353,-0.27680149605051396,0.02320600498788801,0.6404777715249943,1.4106260701817837,0.9896994688885736,-0.4013637298133808
2013-01-01,0.07223041275866911,0.61305254722774,1.3011846008244152,0.8570414480941791,0.629303621975714,-0.3746442749715937,-0.03093541045271821,0.6121710278483009,1.5050850115022927,0.13450978776044836,-0.4421772706698451
2013-02-01,0.07523147100432788,0.6115217063491515,1.3101598154653697,0.7688172201563445,0.5779281347934608,-0.40209264580251447,-0.030915085568835127,0.6116413877876611,1.4964648740891606,0.1344198980525699,-0.44184251163884686
2013-03-01,0.07813077468538647,0.6100022872753957,1.3354719118938942,0.7714360971461948,0.663511242759672,-0.39260061602073476,-0.030894800693333172,0.6111131205150765,1.4879913161625549,0.13433018832276833,-0.441508511940772
2013-04-01,0.04779603783717867,1.0825700729087098,1.3748399349537208,0.792865029341546,0.6446178064288247,-0.3918892937145646,0.21987427270057772,0.591672109277157,1.4290475913523035,1.1405365749690846,-0.38961933616466815
2013-05-01,0.050188976329432165,1.0783494784989485,1.4342180294994196,0.6082271984664264,0.6872868362630622,-0.4497162289397374,0.21972355663474102,0.591171289703831,1.421498385104897,1.1388205204214248,-0.38933624020859703
2013-06-01,0.05250722915183011,1.0741779244485177,1.3942673226837676,0.2658246908942988,0.3899825076958693,-0.5854433786067655,0.21957315009942766,0.5906717401408975,1.4140676890140547,1.1371121918814004,-0.38905376056437546
2013-07-01,0.08049731378213758,1.0296500848091048,1.5203552670352072,0.083556302219096,0.5570708130215748,-0.7115951762812142,-0.07901959220097649,0.503289309294764,1.4067524338775492,1.2829854695416303,-0.3596291325598171
2013-08-01,0.08203504762898935,1.0258825220543515,1.5065148620009334,-0.010970682844815616,0.6109541679136167,-0.7368702012891116,-0.07896780871661976,0.5028953409398058,1.3995496606352977,1.2807745360148974,-0.35937389687619126
2013-09-01,0.08352474374592544,1.0221560645815226,1.5095918973172169,-0.10620066558691361,0.6141433710778887,-0.6201526770516598,-0.07891612690485486,0.5025022965659677,1.392456515339128,1.278574997997891,-0.359119203950797
2013-10-01,0.06377799623069509,0.6217101061267755,1.670640339275543,0.09875060361122401,0.6025270725023137,-0.47348256820064777,0.0349077733146166,0.31763374788154347,1.4856973093149106,1.1144533582484988,-0.35367393024959803
2013-11-01,0.06516965889319486,0.6201950611991549,1.7274652972553444,-0.040549214712090165,0.7808986862993126,-0.37334802461541383,0.03488510042127134,0.31741618880829703,1.477594228711809,1.1128320913438372,-0.3534248056909084
2013-12-01,0.06652163162483686,0.618691048914324,1.7394852346944747,-0.2321581982440426,0.691392551018004,-0.3284690357375064,0.03486247164931537,0.3171990762272683,1.4696224289999833,1.1112178826081,-0.3531762069206201
2014-01-01,0.09551145280412247,0.8367257169627756,1.8106686763436588,-0.1378951946342658,0.729152930562433,-0.27468754904866866,-0.31921438014856635,0.543088543214508,1.6109844412643355,1.4613904962638526,-0.2645935990595755
2014-02-01,0.09628798077560526,0.8342513548603067,1.7847674215499492,-0.018796034559798207,0.6844815234645325,-0.23257237852676066,-0.3189870521425833,0.5426525511692734,1.6012419789074877,1.4584302314588784,-0.26441701989445376
2014-03-01,0.09704088817905336,0.8317988396383267,1.8071968859268208,-0.049667950733697785,0.70296042501968,-0.2667433112247525,-0.3187602091891098,0.5422176077894182,1.5916743148754617,1.4554878901446064,-0.26424079381905363
2014-04-01,0.1155000704536504,0.7235359682284468,1.8521344885578608,-0.030972601193037536,0.7567619074466461,-0.34830677609982186,0.07778719226435189,0.4458863627369842,1.7300182593232853,0.4551272629347587,-0.33477208534739733
2014-05-01,0.11585603556406247,0.721638427049829,1.858086935959267,0.10096618668368977,0.9077783375399104,-0.39953185379240785,0.07773681674005713,0.4455562270919947,1.718524019188815,0.4547735233004496,-0.3345407437487668
2014-06-01,0.1161989768367504,0.719755752722571,1.8988958996714664,0.07953261772426641,1.0005631811442157,-0.34632742316702114,0.07768653896057615,0.4452268238292244,1.7072560666446779,0.4544206073998126,-0.3343098811598504
2014-07-01,0.08517168029919908,0.7015561286787313,1.855650703491359,0.13773937155177055,0.9359361521580922,-0.2540494047446596,0.3885401321051721,0.4594270731194855,1.696207072310715,1.062574648587729,-0.4130510827569835
2014-08-01,0.08584510637044618,0.6997725078456026,1.8351778290817684,0.1502366639621433,0.8294314867670503,-0.2329685730313886,0.38825332221057485,0.45908469899613097,1.68537003490568,1.0611236000514643,-0.4127517208332722
2014-09-01,0.08649881626736648,0.6980024356368761,1.852836061643387,0.003276714007831879,0.7733467806159761,-0.26974706696546474,0.3879671466486081,0.45874308934528646,1.6747382626023395,1.0596784824877432,-0.41245300899488174
2014-10-01,0.09212662826943108,0.6880571152395047,1.8715905878447106,0.03724606685836466,0.42115325388216357,-0.24465601702870404,-0.19208094471706177,0.6540943922243995,1.7608625548985617,1.1715210487389964,-0.35896518916303666
2014-11-01,0.09261261243647996,0.6863473015768387,1.975292154636272,0.04183635168300759,0.6488874058515612,-0.19612557445404882,-0.19195371489843308,0.6535217537887732,1.7490857014436705,1.169745359465183,-0.3587152446953979
2014-12-01,0.09308498453077929,0.6846501838587377,1.9834082646323878,0.0712324877414066,0.4063425930756735,-0.2038153432087692,-0.19182673758158097,0.6529506172177568,1.7375422114693222,1.1679777234331008,-0.35846582169054036
2015-01-01,0.08825693469113298,0.47754565255926834,1.9507204402216365,0.26405561758652524,0.19546097985831531,-0.26501571597446627,-0.13639945471664802,0.6183421495484301,1.7739862226877305,1.8130828834665618,-0.1640564202107659
2015-02-01,0.0887308499749726,0.4765667788768471,1.982976975108822,0.2838596875980067,0.4661640465070971,-0.31970129459698743,-0.13631104191619367,0.6178199873318941,1.7621047794948064,1.808142397062236,-0.163952900622283
2015-03-01,0.0891915162055114,0.47559390410315033,1.9568455266495293,0.21492362249249364,0.5359514569906332,-0.30898446803445784,-0.1362228008229925,0.6172991461423072,1.7504590983344157,1.8032420910771876,-0.16384957675720774
2015-04-01,0.15972851401247343,0.46637290079803745,1.8994460897465613,0.2976256601571268,0.5778405457011925,-0.26121207295381965,-0.5409891229957052,0.5652518765274998,1.7863062492929804,1.4544590084280924,-0.14852156769346414
2015-05-01,0.15934645953590829,0.4654345556844379,1.8954242818259468,0.08269485711361801,0.6219343753823631,-0.2382415961265805,-0.5405456834901616,0.5647979206808755,1.7743328494219,1.4515873860447763,-0.1484286370023758
2015-06-01,0.15896847406306427,0.46450185534964517,1.8668637976057467,-0.046150941575074156,0.5348469901701138,-0.25688689945354926,-0.5401033329607224,0.5643450571255799,1.7625972181824365,1.4487327118293234,-0.14833588054056096
2015-07-01,0.21392453626243402,0.5340012251809869,1.6652233891861332,-0.047239268053421234,0.4554323665873811,-0.21453081008759636,-0.9177757208269663,0.6910722854731929,1.6105661732241137,2.3457825428198187,-0.14647203816221793
2015-08-01,0.21292178669225548,0.53287811039844,1.6099184610858708,0.012007382020061389,0.05496315669450288,-0.06548555091193371,-0.9167075601440352,0.6904530243550724,1.6013857842713997,2.336179007905041,-0.14638077937691438
2015-09-01,0.2119342340232057,0.5317620576370998,1.5162169638581382,-0.020402840486455426,-0.3512554069747708,0.05082006137480367,-0.9156431219157709,0.6898354255818187,1.5923607451327815,2.326692490306117,-0.14628969095992458
2015-10-01,0.18691043557613699,-0.0685195702906405,1.6809345073848165,0.010389502203539921,0.058021207619626536,0.028911169511145165,-0.93356559981661,0.5756656398627549,1.5834867228016516,1.8348087358162828,0.074477496418595
2015-11-01,0.18616953670386702,-0.06840808661993408,1.732639844671878,-0.008542052035299416,0.08836675689838758,-0.08434700805760337,-0.9324659964062977,0.5752025375477964,1.5747595516014605,1.8297745447179299,0.07443198379087179
2015-12-01,0.18543872641024425,-0.06829714535099418,1.7090749420642108,-0.0011372595216213959,-0.09397426000502075,-0.12798073293831613,-0.9313702709958219,0.574740551420374,1.5661752249683947,1.8247815768404172,0.07438655449913742
2016-01-01,0.2492393650445024,-0.10164969674989403,1.5983745233165552,0.11410320653566801,-0.4375135676680881,-0.04523188368803557,-1.0090052367052036,0.6080515552466275,1.603974554005997,1.7624307634624363,-0.02213473064157214
2016-02-01,0.24796299615348047,-0.10148497793678919,1.5792331699743363,0.2517579607143695,-0.30893442226299417,0.06301782068106014,-1.007728589413405,0.6075501247570037,1.5950550472863378,1.7578996248388825,-0.02212132129928795
2016-03-01,0.24670466150389866,-0.1013210573196996,1.6790199568914845,0.31834980646285105,0.17752555561171,0.08967096798619152,-1.0064567777546618,0.6070499331316799,1.5862828278774999,1.7534032662681773,-0.02210793629784611
2016-04-01,0.32899940116163034,-0.24404485931894254,1.7377810305435668,0.41494109763532006,0.3775042564816854,0.03213990157495132,-0.8909189064269117,0.5106586459625154,1.6694187862173608,1.7443060397409038,-0.028048232862436993
2016-05-01,0.32704158041411374,-0.24363400793464496,1.7165278202969014,0.4467796753818393,0.4396208212357381,-0.0204050528419568,-0.8899206852485886,0.5102724440186104,1.6596736225706263,1.7399072195588796,-0.028031297566855243
2016-06-01,0.3251120923668023,-0.24322522504513844,1.7235212267446611,0.5117978531512039,0.24715139473750805,0.016014575631956896,-0.8889258132828454,0.5098871172130078,1.6500972853865619,1.7355415216933359,-0.02801439291043735
2016-07-01,0.3812153915146319,-0.11194844676943831,1.8140004328487067,0.6193843459811234,0.6137794504979587,0.07159082433529552,-0.3651785502162449,0.4872565490796202,1.6861679428683407,1.4293464621352494,0.011891091772685679
2016-08-01,0.378936099806626,-0.11177007574415714,1.8288554490182416,0.610829728109839,0.6764129426141717,0.04638797339404235,-0.36492104112249,0.4868961739520201,1.6762715037250693,1.4266413165010285,0.011883942543802328
2016-09-01,0.37668857880831025,-0.11159255465639402,1.8078359073208836,0.573241013967228,0.5696835113178363,-0.0700902251758299,-0.3646640761094828,0.4865365974408053,1.6665474303460137,1.4239514776198388,0.011876806194309279
2016-10-01,0.37227561875886117,0.1855266073853799,1.7664892602874482,0.5592767804839504,0.5659733404620193,-0.285259548486745,-0.49281496496603366,0.4603765301521414,1.5667071876498035,1.002680487709263,0.019666449477091834
2016-11-01,0.3699725258674988,0.1852274125412783,1.7869956170426684,0.3901350373597658,0.536461443103621,-0.5562074908149784,-0.4924352558239788,0.4600442421905144,1.5585109284249723,1.0014339040797848,0.019654665103103465
2016-12-01,0.3677019438666895,0.1849296607362128,1.8592556659267476,0.1705335081868554,0.7743424779686994,-0.7741663684745926,-0.49205642324513627,0.45971267286652784,1.5504420796131986,1.0001919602820624,0.019642901887749042
2017-01-01,0.40239569354306176,0.18889425271360114,1.9657579047007236,0.18219767642313778,0.8508070059919408,-0.7874802543445669,-0.10432465034974181,0.37455924547651653,1.5424973736751495,0.9323703972286261,-0.15072117201635526
2017-02-01,0.3998887600833307,0.18859208076724018,2.0051084775798396,0.1843918713140407,0.8895002432400463,-0.6810173017704901,-0.10425953054808772,0.37430580230522636,1.5346736591977101,0.9312938356420126,-0.15062916979474802
2017-03-01,0.3974167704490086,0.18829135452159648,2.0323394354820086,0.20822540715662552,0.8776181265041018,-0.5353970934002437,-0.10419453254029892,0.37405287299803464,1.5269678956412025,0.9302209961420409,-0.15053733585140827
2017-04-01,0.4355777082933309,0.3677226648259835,2.030866109119474,0.2881392628125346,0.7731317353727993,-0.4193040971182058,-0.04809738649003442,0.5480272594499408,1.564000287915174,0.6295290724340167,-0.09347575984334082
2017-05-01,0.4330568773736354,0.3670836204288546,2.0562095349688096,0.2726147076168383,0.9211443963621968,-0.38173382718906007,-0.04806772873379842,0.5476058483119274,1.555983821790542,0.6289881267068701,-0.09341968284122988
2017-06-01,0.4305690635884945,0.36644789756739254,2.0834172844795877,0.30061411238857555,0.9488626003082884,-0.3945899136957875,-0.04803812577268435,0.547185408097482,1.548089472518648,0.628448573532591,-0.09336370664275843
2017-07-01,0.44743141404996734,0.41306154120008126,2.129256624342338,0.2549463550993594,0.962775572862935,-0.39293523451598605,-0.2485748709094834,0.32762785284945695,1.4959585759620904,1.4397678340502853,-0.03418447247125711
2017-08-01,0.44485815473268625,0.4123279972222675,2.1169566021870523,0.2858435051711736,0.8553145554658322,-0.36802889625503454,-0.24841308348286856,0.32741410136353233,1.4888153574571297,1.4370567128406138,-0.034164191353856656
2017-09-01,0.44231830033897584,0.4115983493883647,2.1301550058353764,0.2949747953389234,0.9614433582290919,-0.3754758982951356,-0.24825161157622816,0.3272007677576469,1.481773582832752,1.4343608549799158,-0.03414394629109304
2017-10-01,0.44970304547416146,0.6091023943099114,2.2643898175315647,0.19781224136751077,0.9439308051710652,-0.4441260192666034,0.7436345920272299,0.3760250511038356,1.5189617187033249,0.744726353304328,0.33621495301427073
2017-11-01,0.4474213277143158,0.6078465910516752,2.2857937331382345,0.20580126242584443,0.9285529112355209,-0.5142983516151017,0.742929079022608,0.37577306186731463,1.5116191206638225,0.7440190651146861,0.335993947757615
2017-12-01,0.44516621569992837,0.6065985293613275,2.337489653959911,0.22429479510980432,0.9371996004187565,-0.548205264167722,0.742225570999558,0.3755215786419762,1.5043820711350258,0.7433137890515807,0.33577337781308425
2018-01-01,0.418517073917093,0.6701427738339212,2.366327814789594,0.12299552621469267,0.8827225183484219,-0.5573598316410644,0.6524150384787508,0.4043394999472133,1.4094318271609174,1.3505962945860566,0.1213727574506222
2018-02-01,0.41625465018800073,0.6686954004835913,2.2651849661638743,-0.021134051206303184,0.14722318772956045,-0.6114648482429081,0.6518489136766711,0.4040642548398875,1.4033298369642964,1.3482757108776138,0.12130028729507024
2018-03-01,0.4140194162856641,0.6672573728059346,2.2420583124951206,0.021392189924993626,0.3165745992140345,-0.6998840983304876,0.6512842605632178,0.4037895711744884,1.397306487786817,1.3459670522500093,0.12122794680044693
2018-04-01,0.32367774479549394,0.7220976304647142,2.228722811355615,0.0026314052186203938,0.33054542134192927,-0.6754739331726836,0.22439429094226318,0.3532691319077783,1.3475900232017037,3.0581022192371266,0.038238723981906135
2018-05-01,0.32243767653784067,0.7204746533486038,2.2425313498874497,-0.024823671738629965,0.5961412355500231,-0.48293033245289285,0.2242513935866051,0.35303747030830285,1.3421349179134048,3.0390303227600444,0.03821627038091293
2018-06-01,0.3212084829833128,0.718862580237783,2.2646700509288773,0.04891896872534054,0.5961438780731654,-0.19538964110100693,0.22410876890036746,0.35280626392803377,1.336745585709031,3.0203109084277924,0.03819385628749326
2018-07-01,0.28724344259662987,0.9166323115434184,2.3794877783761774,0.057638140706844476,0.5944594575640496,-0.012111228637619818,0.20885074333624795,0.6103777240632827,1.4186553496414385,0.6069749800414845,0.10624379595727484
2018-08-01,0.28617550623456284,0.9141623870065545,2.4089138863860677,0.0690138212764117,0.6543483805385119,0.08622326481440978,0.2087190771493938,0.6098909182512929,1.4125659549177214,0.6064731026680613,0.1061810179779351
2018-09-01,0.2851165611863049,0.9117123407378779,2.4182451798584,0.004847419366910216,0.621998378111934,0.19024506485816933,0.20858765968433243,0.6094052756936911,1.406554371998042,0.6059724685646919,0.1061183511528639
2018-10-01,0.2603205177842735,0.909281907406469,1.9434482768336798,-0.1005829412569867,0.17396809072004085,0.263618337953909,-0.6672205885747022,0.6687885829870627,1.0961634097664794,2.777098532880959,0.19124620737946652
2018-11-01,0.2594586851599387,0.9068708266142017,1.877613258358571,-0.10730921928965641,0.12144747109660903,0.29524327723874705,-0.6666400392306474,0.6682280972998816,1.0927505737842915,2.762606414899823,0.1911307776605503
2018-12-01,0.2586034042430346,0.9044788427784503,1.7341414021164723,0.0814095000906433,-0.3258578836978809,0.2544175191877347,-0.6660610031806768,0.667669018881566,1.0893694470266237,2.7483388695384656,0.19101555670873746
2019-01-01,0.26530648045146826,0.08904062857244892,2.0001648086615464,0.20070427018685558,-0.025516330866644184,0.12217765640278337,-0.9658669751995259,0.5371462677704041,1.346869220785622,1.7901253908765233,0.3541666635208615
2019-02-01,0.26444790708022875,0.08891158807330653,2.079968967179707,0.2575749126356261,0.28408315999008427,-0.027864137835874294,-0.9647470246766947,0.5367468960059645,1.3415582031709166,1.7856163962296143,0.35393536090937033
2019-03-01,0.2635957409987347,0.08878310699237797,2.076917414337103,0.33351969848665847,0.39776197001613045,-0.1259912306687977,-0.9636309625352415,0.5363484139626549,1.336309574930784,1.7811413126021238,0.3537045109596713
2019-04-01,0.28931593504108083,0.3946425189161269,2.137004398723414,0.37144716717291804,0.5420685726485969,-0.1546042828748852,-0.7404271080982613,0.5547798483588292,1.2445266306468563,-0.27642286351822776,0.39503902167923854
2019-05-01,0.2884188511745603,0.39399205711778273,2.0659022786789647,0.4543980987029894,0.325931893517977,-0.12778751801467247,-0.739741862034035,0.5543626424931763,1.2401172072857995,-0.2762450483683463,0.3947749180997722
2019-06-01,0.2875282665971624,0.393344802487258,2.063350412784062,0.609033821589105,0.3273181450341094,-0.07751198313706616,-0.7390585156784656,0.5539463767149191,1.235754363640364,-0.27606757596374815,0.3945113436075692
2019-07-01,0.28499095932313373,0.33129666221482984,2.0863736911423016,0.6507080875927796,0.5313453264838384,-0.028978102043379285,-0.7412096858625709,0.46297379780263864,1.1881996916741868,0.951480558358112,0.3186346372083092
2019-08-01,0.28418975468159446,0.3307768393721767,1.987372708449755,0.8612497072502922,0.2234773222546652,0.02808028643250308,-0.7405256550507665,0.462651636346145,1.1842484795310186,0.9504007991661215,0.3184323738537783
2019-09-01,0.28339393474253544,0.3302594565708179,2.020522209706858,0.8308686553792368,0.45921083923881145,0.05817655616030399,-0.7398435152247209,0.4623301466341525,1.1803364596339896,0.9493247090978594,0.31823049523895647
2019-10-01,0.24373534051981452,-0.03143391959858188,2.1190154109765986,0.8381053147747618,0.44335002805309953,0.04373788515352995,-0.28019900646298257,0.3462434396278787,1.305922141428934,0.7437666068561537,0.21864134070544908
2019-11-01,0.24307532491840042,-0.03138982064179017,2.1851515100802956,0.8303024587396624,0.6612140936768262,0.040017658122795736,-0.2800196957155428,0.34602202544845934,1.3010924656159446,0.7430809842787746,0.21850978323498252
2019-12-01,0.24241955119597833,-0.031345906765071783,2.2145912160197154,0.7700060880130746,0.584715434633115,0.1131375701823693,-0.2798407288090723,0.345801035554578,1.2963160260536386,0.742397254969892,0.21837846297071425
2020-01-01,0.31428785566839174,0.2075784047943932,1.7983366215823757,0.835369951853405,0.6002204764307573,0.27137730683622596,0.05815414069152374,0.29917263538963246,0.687828906515469,0.6359541715187298,0.502742167969025
2020-02-01,0.3138219713385203,0.20727743181119634,1.7766252987635642,0.974773572781792,0.21769984102792117,0.5333494827106621,0.05811964412325004,0.2989871530240937,0.6864539475639972,0.6354259746260225,0.5023816738490603
2020-03-01,0.31335804321779076,0.20697776438744236,1.3438707930201117,1.1841180161050378,-2.5691176690569817,0.801015519125515,0.05808520887170662,0.29880201525885064,0.6850872077962396,0.6348990920694727,0.5020219542914128
2020-04-01,0.6689969347265573,-1.6305828330411016,2.0717087126545395,2.1132594137004603,-1.8008388653667728,0.8951986104347647,-0.3860143176332477,0.7194196701803364,0.9434187753836447,-0.2902802453516627,0.7230670487445283
2020-05-01,0.668117369103793,-1.6223717877195833,2.1654331158280042,2.65530320494126,-0.9378250862729552,0.7052185860463925,-0.38575298655895524,0.7188003738637146,0.9410187607887616,-0.29009481174926277,0.7224388911056161
2020-06-01,0.6672414471661527,-1.6142836390211477,2.2668704965836226,2.7438123227557156,-0.7688305782686178,0.3948670249051805,-0.3854921856225975,0.7181826746624109,0.9386369863097987,-0.2899097331028336,0.7218123683048524
2020-07-01,0.7213553182080816,-2.8884265102569335,2.3494715618341555,2.8604591082649304,-0.4713817749148547,0.2526279593699759,0.3437493915348348,0.9435116865101878,1.0227763028733616,-0.701983308951776,-0.3098103885975949
2020-08-01,0.7202952118037408,-2.8519786802511997,2.45347512514443,2.8419492013599843,-0.10946075511427839,0.32080406236864883,0.3435237251423166,0.9425034968597636,1.0199824408829166,-0.7013679501071395,-0.30961738722717513
2020-09-01,0.7192399761650625,-2.81687714136632,2.4211712366475533,2.847913706207841,-0.4353087996031752,0.44233570895215335,0.3432985026721562,0.941498533430987,1.0172113702102206,-0.7007542072602662,-0.3094247461510671
2020-10-01,0.7902830472243588,-1.3750992530495711,2.7644690950895345,2.736528881700958,-0.5769220234510202,0.5049041684943723,1.3642716988414996,1.08752230390458,1.2735680691955538,-0.1883244221808556,-0.1934508840888976
2020-11-01,0.7890335169615675,-1.3697106584839511,2.835623530352996,2.7061001018909017,-0.22618214974797016,0.41802466264886495,1.3619885330357233,1.086185066161415,1.2691478871516066,-0.1882103463460187,-0.19333720523803644
2020-12-01,0.7877900916747956,-1.3643849713930065,2.913954047633149,2.7269492798878017,0.014507475208778237,0.25531757196873484,1.3597167959596865,1.084852751027586,1.264773449304497,-0.18809647757196327,-0.19322372656776568
2021-01-01,0.8050772206876617,0.011203369098149226,3.055896162375384,2.7463210386537096,-0.06863852856048419,0.03583924060834031,1.8895142627014898,1.13694914207804,1.3034676508127536,-1.1392093439662578,-0.4029193149687557
2021-02-01,0.8037362276123282,0.011188298995173965,3.081119392266189,2.716117152568119,0.09593468024990748,-0.2664061124337303,1.884486938730366,1.1354857164489658,1.2988478808513877,-1.137683171203876,-0.402654898713697
2021-03-01,0.8024021919002058,0.011173289542691998,3.059601423782482,2.211424592712737,0.19396160182540406,-0.5266291791230614,1.8794995407259147,1.13402792933395,1.2942769252921236,-1.1361631181227199,-0.40239100244027154
2021-04-01,0.6285368322425323,0.8926400045139924,3.2935642446716313,1.6600681753881616,0.4790621594451766,-0.6284618014070043,2.654204222896363,1.260085339816424,1.375525360464495,-0.6054519066503409,-0.5981007724119798
2021-05-01,0.6276350335399704,0.8904983954167855,3.2613468564537413,1.308658652386528,0.35636001562521774,-0.5875957075611877,2.6418514067723002,1.2582610040746134,1.370343638425619,-0.6049711374404457,-0.5976437869702922
2021-06-01,0.6267373180310413,0.8883721405057053,3.251884053821879,1.190423705686979,0.5443807951350376,-0.4718233781087771,2.6296695014292157,1.2564445719987556,1.3652200840602904,-0.604491512050153,-0.5971878477285153
2021-07-01,0.5113105045260491,1.6231457163111362,3.22299495868939,1.303764063493765,0.48767942775680573,-0.2783191777907718,1.7449927170435768,1.3954123136823717,1.360153616993923,0.40107664157256506,-0.5426073357820089
2021-08-01,0.5105815003244182,1.6153478390334077,3.2426391929504117,1.3874669841918497,0.48129561697437895,-0.1764609657383568,1.7409104327258471,1.3931196523042568,1.355143184738021,0.4008070737692329,-0.5422134211009325
2021-09-01,0.5098557257626926,1.6076613575966723,3.1998564803679277,1.2776921431338033,0.32125500762414494,-0.2558279830758369,1.7368566738009314,1.3908382581885446,1.3501877617715485,0.40053804887378897,-0.5418203633070713
2021-10-01,0.3760601000222478,0.9993500567955339,3.260045521337194,1.2071122939935117,0.4695032087775728,-0.4026086819629751,0.5918054273438881,1.3051481489075127,1.4304401778758469,0.41050606527091776,-0.4739376513849442
2021-11-01,0.3755936430120174,0.9967253528316817,3.33449779678039,1.1928835347673106,0.4354881764656151,-0.4208334687053914,0.5913443307949434,1.303187446072271,1.4248529863084272,0.41022930065331636,-0.47361324795119264
2021-12-01,0.3751289189350759,0.9941212394327907,3.2956069349515302,1.2103946770828726,0.25671460976900173,-0.3749339590374381,0.5908843106565104,1.3012355564028262,1.4193308056414713,0.4099530951745574,-0.4732895099030761
2022-01-01,0.2913006811701803,0.83444645819005,2.980404466770689,0.9708885038022932,0.13772540238479783,-0.42947711673219086,-0.043259280426661786,1.5766756669154238,1.2016525061367074,1.2017598717998796,-0.4204733623599815
2022-02-01,0.2909293059012292,0.8326007633999559,2.8512746442343744,0.8094625099713261,-0.07985899149134629,-0.5458180367498587,-0.043234365083358164,1.57363303107903,1.1979128015852627,1.2000710495195626,-0.42019772664807303
2022-03-01,0.2905592896358746,0.8307672722614942,2.767472158178286,0.7588249008156485,-0.25976298281939314,-0.5990747097796884,-0.04320949274082496,1.5706079476636992,1.194207824872469,1.1983893297733037,-0.4199226323965774
2022-04-01,0.15888150049564212,0.27522569827987264,2.235572273289697,0.3129508747097376,-0.11870853195576792,-0.47024279058865964,-0.695259662315508,1.3786196327673117,0.7655782319938998,1.1556951472610644,-0.5336782379973024
2022-05-01,0.15870662894459203,0.27484284764162664,2.0053758647518234,0.059577134135864296,-0.5047460890542199,-0.19101748737345428,-0.6946686113784359,1.3764124530002233,0.7640429108935165,1.1541484749446465,-0.5332975271747478
2022-06-01,0.15853230268134155,0.2744615906048006,1.887186558312227,0.007041583946150028,-0.4615340632176667,0.03710626252234626,-0.6940790657717264,1.374215844039099,0.7625167970802443,1.1526079981228077,-0.5329176301634235
2022-07-01,0.05451960673805475,-0.8252136266292772,1.7480219684729512,0.2349538645270631,-0.33638879802841315,0.12216246746710703,-0.9028550657914572,1.1481832063577835,0.7183662060780406,1.3138011752713379,-0.42070699948498125
2022-08-01,0.05446885316220418,-0.8234327054051441,1.863013964819461,0.30474132781078556,-0.10079627489320335,0.06056260489367696,-0.9019190960403124,1.1467183940730064,0.7169995882718453,1.3117564117209173,-0.42043299611952833
2022-09-01,0.054418239148000404,-0.821663274469795,1.6872246232081773,-0.0894875904333746,-0.4523731599728588,-0.00606158251049601,-0.9009860322566048,1.1452591758009085,0.7156407462707475,1.3097211691465644,-0.4201595275270942
2022-10-01,-0.012322140390803926,-1.4552082437238203,1.6520182388806137,-0.29799134435763325,-0.667725147634167,-0.05716483433360928,-1.5344231678750737,1.1500172161146407,0.885080369201721,1.1535197392605097,-0.31868913985501063
2022-11-01,-0.01227017119947201,-1.4494359269845813,1.7393749390968818,-0.21367391325643995,-0.2363697321073291,-0.1326072603881544,-1.5314956945387133,1.148552236256374,0.8831145150997427,1.1519898149281371,-0.31849553778454537
2022-12-01,-0.01221847308596121,-1.4437318103784003,1.7316789813509792,-0.18837772009845624,-0.12984146543387676,-0.2653280428855863,-1.528584918484651,1.147092842781139,0.8811617127960207,1.150465964205612,-0.318302288165807
2023-01-01,-0.0545707801143653,-1.6790814392717777,1.8496073524988434,-0.11565755530940501,0.019538753501046002,-0.41079663928460686,-1.6217733913767007,1.0527837298845808,1.0073037980274777,0.6791986640016173,-0.46448968991330386
2023-02-01,-0.05441228120609887,-1.6709921996159387,1.8861129286369427,-0.23782282780377584,0.07358481107951186,-0.4026569144097181,-1.6184369649673425,1.0515701884332922,1.004795325922669,0.6786356694917416,-0.46417926245364066
2023-03-01,-0.05425465376741926,-1.663018833154139,1.8134691176169926,-0.3266604691387159,-0.08446115509079011,-0.10110570317324416,-1.6151210521605708,1.0503608353895397,1.002305516691203,0.6780740731359423,-0.4638694566897811
2023-04-01,-0.12111157847465763,-1.7054737089134882,2.003043818640721,-0.21823811728943743,0.20321272431774057,0.41413909029305285,-1.2008066195082008,1.063270778357718,0.9998341399825893,0.7509695594504442,-0.4866413575962717
2023-05-01,-0.12077042068373012,-1.6971294643127748,1.9973757065790978,-0.1905692069378118,0.18587463192829679,0.8786262501218798,-1.1991493020811843,1.062036306962518,0.9973809694076565,0.7503055990230973,-0.48631157270908193
2023-06-01,-0.1204312755456269,-1.6889065858739152,2.0738414125399522,-0.25900620880638453,0.42447477938619044,1.0770615441337343,-1.1974988303961405,1.0608061268700553,0.9949457824513864,0.7496433971944991,-0.48598245752674324
2023-07-01,-0.18119327651180264,-1.8803777029661841,2.0053217758754496,-0.3051832139679435,0.4429433677146694,0.8003627401333752,-0.9461482048274809,1.0501941244233457,0.9071412976215109,0.7149657488034694,-0.5386097728459632
2023-08-01,-0.18064636014894694,-1.8697915698812735,1.9600401466791961,-0.43948097437553085,0.323078595357031,0.3604309241510115,-0.9451379608385518,1.0489945627612247,0.9051269578408404,0.7143570216114722,-0.5382302827428358
2023-09-01,-0.18010300418812641,-1.8593823402552696,1.920618949323814,-0.5387471359051014,0.39662369280508225,0.08429233031829776,-0.9441309472071813,1.0477991037307124,0.9031259881904391,0.7137498471223107,-0.5378515938496841
2023-10-01,-0.21913264219458475,-1.1506938111012297,2.0230696238907666,-0.7400852471252928,0.15840066500210637,0.061341554079270985,-0.26735678285039693,1.2026697558522803,1.0719845620220014,2.7058197870143283,-0.5835519875789297
2023-11-01,-0.218418251138763,-1.1473889453315786,2.1036007130012355,-0.5787960427434118,0.48700014262468694,0.08127144844569077,-0.26719596756117137,1.2010770415614727,1.0691990510630576,2.693233457955305,-0.5831261453909903
2023-12-01,-0.21770891766613132,-1.1441124151046564,2.197350512484489,-0.2864344665244057,0.6522170391517984,0.0357572363271054,-0.2670354421414497,1.1994906405237455,1.0664351592605288,2.680821176801184,-0.5827012343643133
2024-01-01,-0.22894094983283506,-0.33492232429145974,2.4125194145451507,-0.2501569166024417,0.672560118673914,-0.051045866656509814,0.2540818279712347,1.2340779552031431,1.1489958858321658,1.2339288974145222,-0.561201131588777
2024-02-01,-0.22816224887217207,-0.334465431943944,2.472630943743797,-0.29145368382003817,0.6835899553030844,-0.1061979062063987,0.25393049581382987,1.232398034264539,1.145796323809681,1.2321874081722521,-0.5608007284290532
2024-03-01,-0.22738927665889788,-0.3340104048946123,2.513552526498123,-0.1353501856183811,0.6954670457253549,-0.15088749847159574,0.2537794337594454,1.2307249575609356,1.1426233636367553,1.2304532742814953,-0.5604011813065125
2024-04-01,-0.2649719193758497,-0.3794863106070604,2.4902530569798818,-0.24320270043300915,0.5537434430229523,-0.2050140157552053,0.31295660914158174,1.3442320973837112,1.139476638631348,0.8653043576472527,-0.5744047472736368
2024-05-01,-0.2641067885604534,-0.37895766232152434,2.5249789264182914,-0.22851802116436484,0.7715799982806113,-0.20460280563340275,0.312765001822384,1.3422030944251393,1.1363557891491831,0.864460365896527,-0.5739915928900278
2024-06-01,-0.2632479774604877,-0.3784312179960048,2.5873536157690635,-0.10165947826874189,0.8036786708871466,-0.12189008083899487,0.3125737460489315,1.3401832546413537,1.1332604624110343,0.8636188398463462,-0.5735793289783685
2024-07-01,-0.25280832824079347,-0.055302441323835286,2.721946731635146,-0.06884238857682663,0.6676355295963288,-0.09776991978608265,0.058745965036385434,1.6559336890404122,1.2577809745385509,0.458019906649493,-0.5616005693970038
2024-08-01,-0.25196292417424104,-0.055235406328906264,2.675462605036579,0.10719430005006363,0.33202870812763907,-0.20127039713859618,0.05871320657942091,1.652614056089526,1.253939572684882,0.4577119209543849,-0.5612023374178282
2024-09-01,-0.2511236752436545,-0.05516861451490633,2.71579670442484,0.13825926716003845,0.4340794639527353,-0.32257362062150596,0.05868050286280087,1.6493143134783308,1.2501331794810706,0.4574045558513868,-0.5608049516211556
2024-10-01,-0.295487015081991,0.2771313171432708,2.793362438892985,-0.049707941436088,0.3247782742602221,-0.3350711722445948,0.45534573794796795,1.4516730171527974,1.331179538325905,-0.17725728200127094,-0.6124438115346206
2024-11-01,-0.2943340565224395,0.2767732203874782,2.834276067426045,-0.17639457851168147,0.6165348867193133,-0.26035105354604615,0.4550411848034101,1.4492633012714087,1.3268464266711897,-0.17715601703526557,-0.611991272111097
2024-12-01,-0.29319075286046453,0.2764165084895168,2.8475923750501426,-0.26361454891231556,0.6551160931596138,-0.247787290483995,0.4547372420616523,1.4468655494793157,1.3225553856658827,-0.17705492543290235,-0.6115397346460407
2025-01-01,-0.2677064784113679,0.014450970223649585,2.6505280843734305,-0.3876830370549278,0.5800345259467312,-0.37514774461733313,-0.04034231033600849,1.8146185175123217,1.2760126207912295,0.37921324754030544,-0.410646898218579
2025-02-01,-0.2665974348321175,0.014433753026650571,2.6455827667290213,-0.28365579694155535,0.5805107802578859,-0.48165512477291894,-0.04032000398068079,1.8104735812414539,1.2721015228318369,0.37897377020714673,-0.4103898822747513
2025-03-01,-0.2654978702569135,0.014416597221766761,2.474335181709457,-0.1966154647654409,0.22498144204521894,-0.4693724277595554,-0.04029773458587334,1.8063569264668033,1.2682261955511511,0.3787347460723033,-0.4101333483961254
2025-04-01,-0.2816421289036081,-0.5063687917193713,2.505896953116289,-0.18898516559448683,-0.5157887932130274,-0.4331818163940183,0.05632929418907999,1.2420668789611022,1.3909577359795073,0.4851986426757669,-0.4025549995010314
2025-05-01,-0.2805688706995304,-0.5056159499235877,2.6622577870653146,-0.24181070204824265,0.23873160316574335,-0.4673288505407699,0.056298203052976094,1.2403899849366506,1.3862317590903301,0.4848687625339055,-0.4023052705689928
2025-06-01,-0.27950425928576234,-0.5048664577323102,2.721857782686105,-0.18332479738226748,0.42021964591068584,-0.5374897861569427,0.0562671633428206,1.2387198667499013,1.3815536617490984,0.4845395544734458,-0.4020560059053146
2025-07-01,-0.26356628809377036,-0.12209049254139182,2.942798654904273,-0.1392070587969214,0.584524349727213,-0.5562232820679974,0.5946874624092603,1.0505321460691786,1.5449282021461308,0.6097273673505907,-0.4659683108835512
2025-08-01,-0.2626165006300332,-0.12194496770736658,2.954766979061028,-0.10474388161876629,0.6262812818057103,-0.4961690974080979,0.5942458792101916,1.0493622937494675,1.538915783854246,0.6092685547074635,-0.4656664972654318
2025-09-01,-0.2616738946947432,-0.1217999620274727,2.9909779414214888,-0.08720174479104133,0.6450250855412414,-0.38387869781894557,0.5938052785176023,1.0481963422912646,1.5329730636535157,0.6088107765595144,-0.46536526947559037
2025-10-01,-0.23737101449272038,0.006181909856807985,3.05328182231033,-0.0933807847170555,0.4975777618359527,-0.23786806228818105,0.6011258415884262,0.9144902381338147,1.6523391006271178,0.19973174652296025,-0.4852061618311901
2025-11-01,0.4077103453578462,0.006174700432750324,3.0357769797459113,-0.17401561952324507,0.39142642787855025,-0.1330448284876228,0.6006784101875605,0.9136040479314073,1.645308376792564,0.1996182128842032,-0.4848881744636854
2025-12-01,0.40737226703849666,0.0061675161729964475,3.0509812417493474,-0.26210417213188325,0.6824386671957059,-0.11930751160885311,0.6002319766842495,0.9127204299398054,1.638366696265831,0.19950487264372455,-0.48457081160745835
2026-01-01,0.4127362734464808,0.05747650899353707,2.939545032580687,-0.28466982903926147,0.6759334490304927,-0.12631153650897886,0.8017748124531476,1.0152621860058024,1.5900184590276651,-0.9172039313003316,-0.5877663024628358
2026-02-01,0.412391881280757,0.057409726902859684,2.886268399795088,-0.18082116600296172,0.4932287672540563,-0.10918278217118622,0.801056958661481,1.0141776339908692,1.583661159413752,-0.9162835642805404,-0.5873480981229003
2026-03-01,0.4120483545596916,0.05734317705605071,2.743851407856961,-0.24757612053895506,0.025389763001428145,-0.05468485243899215,0.8003410302388557,1.013096551492924,1.5773795556281782,-0.9153659633305853,-0.5869307854294555
2026-04-01,0.38093227194081497,-0.06287933206660568,3.187401553488658,-0.27117731909138937,0.37945363897806517,0.06993491893448116,1.462190350918842,1.0249500603400616,1.9009400668066685,-1.8451374952921549,-0.6817667866748498
2026-05-01,,-0.06280672940669829,2.9604704747335804,-0.27514381518852743,0.6044857427436656,0.22878742612129443,,,,,
2026-06-01,,-0.06273437765734671,2.9586301125036507,-0.28746431745032947,0.6026221315138414,0.24887493502605734,,,,,
2026-07-01,,0.28611223348020426,2.931845502982627,-0.3566816740567888,0.693972673171643,0.15523512154404967,,,,,
2026-08-01,,,3.0518044033992675,-0.3675306234877625,0.8121149997882713,0.10100178573250737,,,,,
2026-09-01,,,2.9898150791927622,-0.5505461689610662,0.7742516641138906,0.115400309482705,,,,,
2026-10-01,,,2.998237170147891,-0.7391855239939087,0.5405980955218411,0.1370410547051148,,,,,
